Transaction ID,Date,Customer ID,Salesman ID,Store ID,Product ID,Quantity,Unit Price ($),Discount (%),Total Amount ($),Payment Mode,Status,,,
TXN004633,2024-01-22,CU0298,SP012,ST004,PR004,1,299,10,269.1,Cash,Completed,,,
TXN005346,2022-09-02,CU0164,SP009,ST007,PR023,2,179,10,322.2,Debit Card,Returned,,,
TXN008190,2023-05-23,CU0492,SP011,ST005,PR031,3,399,15,1017.45,Debit Card,Cancelled,,,
TXN001201,2022-04-18,CU0355,SP011,ST005,PR018,3,59,0,177,Online Transfer,Completed,,,
TXN008592,2023-04-21,CU0481,SP001,ST008,PR020,1,159,0,159,Cash,Returned,,,
TXN003647,2023-07-21,CU0223,SP013,ST008,PR026,1,189,10,170.1,Online Transfer,Cancelled,,,
TXN000164,2022-08-09,CU0501,SP001,ST002,PR023,1,179,0,179,Cash,Cancelled,,,
TXN003616,2023-04-11,CU0183,SP010,ST010,PR003,1,549,0,549,Debit Card,Completed,,,
TXN004333,2022-05-29,CU0497,SP013,ST010,PR019,1,119,15,101.15,Online Transfer,Completed,,,
TXN006348,2024-06-23,,SP013,ST008,PR008,2,449,20,718.4,Debit Card,Completed,,,
TXN006121,2022-05-20,CU0595,SP005,ST004,PR025,1,65,5,61.75,Credit Card,Completed,,,
TXN008113,2023-12-20,CU0573,SP002,ST010,PR016,1,49,0,49,Debit Card,Returned,,,
TXN000036,2023-09-26,CU0549,SP005,ST003,PR039,3,28,0,84,Credit Card,Completed,,,
TXN002531,2022-03-03,CU0469,SP006,ST005,PR009,2,379,10,682.2,Cash,Completed,,,
TXN001383,2023-04-01,CU0487,SP003,ST010,PR019,2,119,5,226.1,Debit Card,Returned,,,
TXN007249,2023-11-21,CU0298,SP012,ST008,PR031,0,399,0,399,Credit Card,Completed,,,
TXN004253,2024-04-03,CU0111,SP008,ST009,PR033,2,119,0,238,Debit Card,Cancelled,,,
TXN000028,2023-04-22,CU0375,SP006,ST003,PR027,2,129,15,219.3,Credit Card,Completed,,,
TXN002145,2022-07-06,CU0223,SP010,ST006,PR018,2,59,5,112.1,Debit Card,Cancelled,,,
TXN008207,2022-10-14,CU0489,SP015,ST005,PR009,1,379,10,341.1,Cash,Completed,,,
TXN004316,2022-03-09,CU0509,SP011,ST005,PR031,1,399,0,399,Credit Card,Returned,,,
TXN002559,2022-12-20,CU0083,SP011,ST011,PR030,1,149,0,149,Debit Card,Returned,,,
TXN002511,2024-04-06,,SP005,ST011,PR014,1,139,5,132.05,Online Transfer,Completed,,,
TXN001922,2023-04-26,CU0438,SP015,ST002,PR028,2,89,10,160.2,Debit Card,Returned,,,
TXN008445,2024-04-06,CU0097,,ST011,PR019,3,119,0,357,Credit Card,Completed,,,
TXN005662,2024-04-27,CU0066,SP010,ST011,PR032,1,69,0,64.29,Cash,Completed,,,
TXN002653,2022-11-12,CU0204,SP007,ST005,PR022,1,89,0,89,Cash,Completed,,,
TXN001302,2023-08-29,CU0561,SP008,ST006,PR033,1,119,0,119,Credit Card,Completed,,,
TXN001055,2022-04-15,CU0517,SP002,ST009,PR029,1,169,0,169,Debit Card,Completed,,,
TXN007952,2023-12-05,CU0146,SP002,ST005,PR038,2,39,0,78,Credit Card,Completed,,,
TXN007223,2022-04-20,CU0093,SP006,ST011,PR014,2,139,0,278,Debit Card,Returned,,,
TXN004391,2022-02-28,CU0110,SP006,ST009,PR001,2,999,10,1798.2,Online Transfer,Completed,,,
TXN006276,2023-10-03,CU0250,SP012,ST007,PR040,1,22,0,22,Cash,Completed,,,
TXN004393,2023-04-21,CU0222,SP008,ST002,PR001,1,999,0,999,Cash,Completed,,,
TXN002365,2022-03-26,CU0283,SP009,ST010,PR001,1,999,5,949.05,Debit Card,Completed,,,
TXN001645,2024-03-22,CU0233,SP014,ST001,PR035,2,49,20,78.4,Debit Card,Completed,,,
TXN000142,2022-04-27,CU0124,SP009,ST004,PR021,5,24,5,114,Online Transfer,Completed,,,
TXN008695,2023-02-21,CU0162,SP005,ST009,PR031,1,399,20,319.2,Cash,Completed,,,
TXN002574,2023-11-07,CU0448,SP006,ST002,PR023,2,179,5,340.1,Debit Card,Completed,,,
TXN006683,2023-05-18,CU0121,SP014,ST005,PR007,2,699,15,1188.3,Cash,Completed,,,
TXN007589,2022-07-29,CU0318,SP003,ST003,PR023,2,179,0,358,Cash,Completed,,,
TXN000554,2022-08-03,CU0238,SP004,ST002,PR038,2,39,0,78,Online Transfer,Completed,,,
TXN002218,2022-02-05,CU0096,SP010,ST012,PR037,2,289,10,520.2,Gift Card,Completed,,,
TXN006005,2022-10-23,CU0146,SP005,ST002,PR033,1,119,10,107.1,Debit Card,Cancelled,,,
TXN001970,2022-05-26,CU0605,SP006,ST005,PR026,3,189,0,567,Online Transfer,Completed,,,
TXN003699,2023-12-16,CU0057,SP009,ST006,PR024,4,45,0,180,Credit Card,Completed,,,
TXN001341,2024-01-18,CU0105,SP014,ST008,PR027,2,129,5,245.1,Debit Card,Completed,,,
TXN003940,2023-08-21,CU0400,SP004,ST009,PR024,4,45,15,153,Cash,Completed,,,
TXN007158,2022-03-10,CU0607,SP007,ST004,PR028,1,89,10,80.1,Online Transfer,Completed,,,
TXN005511,2022-03-30,,SP001,ST001,PR026,1,189,10,170.1,Cash,Completed,,,
TXN007818,2024-05-20,CU0100,SP002,ST003,PR006,1,79,15,67.15,Cash,Completed,,,
TXN007512,2023-11-04,CU0347,SP008,ST001,PR021,5,24,20,96,Credit Card,Completed,,,
TXN004999,2022-12-25,CU0451,SP006,ST001,PR023,2,179,0,358,Gift Card,Completed,,,
TXN000356,2024-04-01,CU0252,SP007,ST007,PR023,2,179,10,322.2,Online Transfer,Returned,,,
TXN006637,2023-10-23,CU0154,SP005,ST011,PR030,2,149,20,238.4,Cash,Completed,,,
TXN000363,2023-09-11,CU0516,SP003,ST001,PR018,2,59,10,106.2,Online Transfer,Completed,,,
TXN002404,2024-03-19,CU0561,,ST003,PR004,1,299,0,299,Debit Card,Completed,,,
TXN001189,2024-05-04,CU0021,SP015,ST012,PR003,1,549,10,494.1,Credit Card,Completed,,,
TXN008890,2024-01-27,CU0052,SP012,ST008,PR028,2,89,0,178,Credit Card,Completed,,,
TXN007293,2024-01-29,CU0073,SP008,ST010,PR022,1,89,0,89,Cash,Completed,,,
TXN001059,2022-08-04,CU0091,SP006,ST005,PR020,1,159,5,151.05,Credit Card,Completed,,,
TXN003999,2024-02-17,CU0331,SP007,ST002,PR026,1,189,10,170.1,Credit Card,Completed,,,
TXN005194,2024-02-07,CU0401,SP004,ST012,PR023,3,179,0,537,Credit Card,Completed,,,
TXN007315,2022-08-15,CU0118,SP002,ST010,PR022,2,89,0,178,Credit Card,Completed,,,
TXN003362,2023-10-06,CU0328,SP013,ST006,PR023,1,179,5,170.05,Credit Card,Completed,,,
TXN003842,2023-01-02,,SP004,ST010,PR027,2,129,20,206.4,Gift Card,Returned,,,
TXN000470,2022-05-17,CU0588,SP009,ST004,PR010,1,199,5,189.05,Cash,Returned,,,
TXN005254,2023-03-22,CU0425,SP004,ST011,PR029,2,169,15,287.3,Credit Card,Completed,,,
TXN001783,2022-01-03,CU0343,SP006,ST002,PR030,4,149,5,566.2,Online Transfer,Completed,,,
TXN004140,2023-12-01,CU0216,SP003,ST012,PR014,2,139,10,250.2,Cash,Completed,,,
TXN007808,2023-05-09,CU0513,SP013,ST003,PR023,1,179,0,179,Debit Card,Completed,,,
TXN008241,2022-01-11,CU0303,SP008,ST008,PR039,2,28,0,56,Debit Card,Cancelled,,,
TXN007564,2024-06-24,CU0391,SP011,ST004,PR004,3,299,10,807.3,Credit Card,Completed,,,
TXN007903,2022-06-09,CU0512,SP001,ST008,PR030,3,149,0,447,Credit Card,Completed,,,
TXN002394,2023-01-15,CU0349,SP010,ST006,PR003,3,549,0,1647,Debit Card,Cancelled,,,
TXN004150,2023-11-30,CU0257,SP009,ST002,PR001,2,999,5,1898.1,Credit Card,Completed,,,
TXN000770,2023-09-08,CU0293,SP004,ST007,PR013,1,89,0,89,Cash,Completed,,,
TXN007593,2023-10-14,CU0487,SP004,ST004,PR008,1,449,20,359.2,Credit Card,Completed,,,
TXN007728,2022-12-15,CU0166,SP013,ST009,PR017,2,99,0,198,Credit Card,Completed,,,
TXN008356,2023-02-27,CU0148,SP001,ST007,PR018,2,59,0,118,Online Transfer,Completed,,,
TXN006139,2022-01-27,CU0431,SP007,ST002,PR033,2,119,10,214.2,Credit Card,Cancelled,,,
TXN006854,2023-05-26,CU0181,,ST009,PR001,2,999,10,1798.2,Debit Card,Completed,,,
TXN008306,2022-06-01,CU0094,SP003,ST011,PR022,3,89,5,253.65,Credit Card,Completed,,,
TXN001348,2023-09-05,CU0113,SP008,ST002,PR009,1,379,10,341.1,Cash,Completed,,,
TXN007282,2022-02-22,CU0572,SP003,ST009,PR033,1,119,0,119,Online Transfer,Cancelled,,,
TXN008472,2022-11-09,CU0252,SP012,ST007,PR003,1,549,10,494.1,Debit Card,Completed,,,
TXN003017,2022-08-02,CU0024,SP005,ST011,PR001,2,999,0,1998,Credit Card,Completed,,,
TXN001060,2023-01-10,CU0220,SP014,ST007,PR021,3,24,15,61.2,Online Transfer,Cancelled,,,
TXN004950,2024-03-07,CU0318,SP005,ST006,PR004,1,299,0,299,Debit Card,Completed,,,
TXN007936,2022-07-18,CU0128,SP015,ST007,PR001,1,999,0,999,Gift Card,Completed,,,
TXN007889,2022-05-08,CU0358,SP001,ST003,PR016,1,49,0,49,Cash,Completed,,,
TXN004660,2022-07-25,CU0424,SP015,ST005,PR009,2,379,0,758,Online Transfer,Completed,,,
TXN007682,2022-03-06,CU0028,SP004,ST012,PR026,2,189,0,378,Credit Card,Returned,,,
TXN000834,2024-06-15,CU0025,SP003,ST002,PR024,2,45,10,81,Debit Card,Completed,,,
TXN000652,2022-01-07,CU0400,SP001,ST001,PR011,1,499,5,474.05,Cash,Completed,,,
TXN004453,2023-11-05,CU0141,SP001,ST012,PR025,4,65,5,247,Debit Card,Completed,,,
TXN005552,2023-03-26,CU0042,SP007,ST007,PR021,5,24,20,96,Debit Card,Cancelled,,,
TXN008854,2023-02-03,CU0002,SP004,ST001,PR035,2,49,0,98,Debit Card,Cancelled,,,
TXN005134,2023-09-12,CU0305,SP012,ST008,PR005,2,129,0,258,Credit Card,Completed,,,
TXN007188,2024-06-06,CU0393,SP010,ST004,PR035,1,49,10,44.1,Credit Card,Completed,,,
TXN007427,2022-06-05,CU0429,SP008,ST004,PR039,2,28,5,53.2,Cash,Cancelled,,,
TXN002259,2022-03-22,CU0161,SP006,ST006,PR035,1,49,0,49,Online Transfer,Cancelled,,,
TXN003630,2022-09-09,CU0590,SP011,ST005,PR031,1,399,0,399,Cash,Completed,,,
TXN001111,2022-12-17,CU0475,SP002,ST004,PR022,2,89,0,178,Debit Card,Completed,,,
TXN004402,2023-01-15,CU0408,SP007,ST012,PR035,2,49,10,88.2,Debit Card,Completed,,,
TXN006673,2023-01-16,CU0327,SP002,ST004,PR003,1,549,20,439.2,Online Transfer,Completed,,,
TXN007300,2023-09-20,CU0528,SP014,ST008,PR036,2,249,0,498,Credit Card,Cancelled,,,
TXN005096,2022-04-16,CU0294,SP002,ST011,PR002,2,749,0,1498,Credit Card,Completed,,,
TXN007704,2024-02-23,CU0082,SP015,ST008,PR029,2,169,10,304.2,Debit Card,Returned,,,
TXN005600,2022-07-26,CU0387,SP003,ST002,PR016,2,49,5,89.86,Credit Card,Completed,,,
TXN001367,2024-03-25,CU0289,SP012,ST008,PR038,3,39,20,93.6,Cash,Completed,,,
TXN000953,2023-11-05,CU0007,SP015,ST008,PR033,1,119,10,107.1,Credit Card,Completed,,,
TXN002138,2024-04-03,CU0519,SP001,ST005,PR001,1,999,5,949.05,Credit Card,Completed,,,
TXN005382,2023-02-13,CU0079,SP015,ST007,PR037,2,289,10,520.2,Credit Card,Cancelled,,,
TXN000486,2022-02-25,CU0421,SP012,ST010,PR021,1,24,0,24,Debit Card,Completed,,,
TXN005567,2022-02-24,CU0418,SP007,ST002,PR037,1,289,0,289,Debit Card,Completed,,,
TXN000183,2023-07-06,CU0456,SP011,ST002,PR017,3,99,20,237.6,Credit Card,Completed,,,
TXN004046,2023-10-11,CU0225,SP004,ST012,PR031,4,399,10,1436.4,Credit Card,Completed,,,
TXN006995,2023-09-18,CU0459,SP001,ST002,PR019,1,119,0,119,Cash,Completed,,,
TXN000797,2022-01-20,CU0297,SP008,ST001,PR028,2,89,15,151.3,Credit Card,Completed,,,
TXN002090,2022-03-10,CU0364,SP002,ST004,PR036,2,249,10,448.2,Debit Card,Cancelled,,,
TXN007115,2024-05-09,CU0239,SP007,ST007,PR038,1,39,0,39,Credit Card,Completed,,,
TXN003652,2024-06-06,CU0601,SP009,ST011,PR011,1,499,5,474.05,Cash,Completed,,,
TXN002356,2024-01-15,CU0010,SP004,ST004,PR035,1,49,5,46.55,Credit Card,Completed,,,
TXN006123,2022-02-11,CU0495,SP014,ST012,PR013,1,89,0,89,Online Transfer,Completed,,,
TXN003549,2022-01-09,CU0174,SP003,ST005,PR019,1,119,0,119,Online Transfer,Returned,,,
TXN001506,2022-12-22,CU0104,SP001,ST003,PR005,2,129,5,245.1,Cash,Completed,,,
TXN002178,2022-03-24,CU0138,SP003,ST001,PR038,1,39,15,33.15,Credit Card,Completed,,,
TXN008876,2022-10-27,CU0373,SP001,ST011,PR022,2,89,0,178,Gift Card,Completed,,,
TXN007934,2022-11-29,CU0090,SP003,ST009,PR006,1,79,15,67.15,Debit Card,Returned,,,
TXN004723,2023-11-19,CU0099,SP012,ST003,PR013,2,89,10,160.2,Debit Card,Completed,,,
TXN006930,2022-10-13,CU0096,SP014,ST012,PR006,1,79,15,67.15,Cash,Completed,,,
TXN003548,2023-05-12,CU0428,SP001,ST006,PR013,1,89,5,84.55,Debit Card,Completed,,,
TXN001182,2022-06-26,CU0528,SP015,ST001,PR029,2,169,0,338,Credit Card,Completed,,,
TXN002680,2024-05-31,CU0343,SP007,ST008,PR003,1,549,15,466.65,Credit Card,Completed,,,
TXN003012,2023-12-30,CU0165,SP006,ST003,PR027,1,129,0,129,Credit Card,Returned,,,
TXN000222,2024-01-26,,SP013,ST011,PR034,1,79,10,71.1,Online Transfer,Completed,,,
TXN006028,2022-04-14,CU0009,SP005,ST012,PR014,1,139,0,139,Debit Card,Returned,,,
TXN000285,2024-04-14,CU0164,SP001,ST009,PR018,2,59,10,106.2,Online Transfer,Returned,,,
TXN005855,2022-12-21,CU0493,SP007,ST009,PR018,2,59,5,112.1,Credit Card,Completed,,,
TXN001285,2024-02-21,CU0089,SP008,ST003,PR037,1,289,0,289,Debit Card,Completed,,,
TXN002077,2023-02-03,CU0571,SP008,ST005,PR002,2,749,0,1498,Debit Card,Cancelled,,,
TXN003550,2024-02-15,CU0504,SP006,ST005,PR036,2,249,0,498,Debit Card,Completed,,,
TXN001256,2023-04-26,CU0042,SP014,ST003,PR024,5,45,0,225,Online Transfer,Completed,,,
TXN008411,2024-01-14,CU0264,SP001,ST002,PR037,1,289,20,231.2,Credit Card,Completed,,,
TXN008453,2024-01-17,,SP014,ST001,PR006,2,79,20,126.4,Credit Card,Completed,,,
TXN008782,2023-10-13,CU0153,SP004,ST002,PR024,2,45,0,90,Debit Card,Completed,,,
TXN003657,2022-05-26,CU0021,SP013,ST001,PR032,1,69,15,58.65,Cash,Completed,,,
TXN004177,2023-09-11,CU0594,SP006,ST002,PR032,1,69,10,62.1,Debit Card,Completed,,,
TXN002096,2022-12-24,CU0540,SP013,ST009,PR017,1,99,0,99,Cash,Completed,,,
TXN002829,2024-04-11,CU0593,SP006,ST002,PR025,3,65,15,165.75,Debit Card,Completed,,,
TXN007643,2023-10-30,CU0238,SP010,ST011,PR033,2,119,10,229.94,Cash,Completed,,,
TXN006478,2024-02-04,CU0563,SP003,ST007,PR012,1,29,20,23.2,Debit Card,Completed,,,
TXN000367,2022-01-29,CU0167,SP009,ST002,PR004,1,299,5,284.05,Credit Card,Completed,,,
TXN000353,2023-11-09,CU0272,SP013,ST012,PR033,2,119,0,238,Credit Card,Completed,,,
TXN006514,2023-03-24,CU0601,SP002,ST004,PR016,4,49,10,176.4,Credit Card,Completed,,,
TXN001392,2022-01-14,CU0218,SP001,ST011,PR017,1,99,10,89.1,Online Transfer,Completed,,,
TXN006707,2022-06-25,CU0360,SP008,ST001,PR010,2,199,0,398,Online Transfer,Completed,,,
TXN004030,2024-01-16,CU0467,SP009,ST006,PR002,1,749,10,674.1,Online Transfer,Completed,,,
TXN007546,2022-05-04,CU0578,SP002,ST002,PR032,4,69,5,262.2,Cash,Completed,,,
TXN002173,2022-03-19,CU0171,SP006,ST003,PR033,1,119,0,119,Online Transfer,Completed,,,
TXN003694,2022-09-19,CU0492,SP008,ST012,PR028,4,89,5,338.2,Credit Card,Completed,,,
TXN008998,2022-06-24,CU0587,SP007,ST002,PR028,1,89,0,100,Cash,Completed,,,
TXN005720,2023-04-11,CU0193,SP011,ST003,PR037,1,289,5,274.55,Debit Card,Completed,,,
TXN001666,2022-04-03,CU0392,SP005,ST012,PR020,2,159,0,318,Debit Card,Returned,,,
TXN005733,2024-06-10,CU0213,SP015,ST003,PR011,1,499,10,449.1,Online Transfer,Completed,,,
TXN007002,2023-01-12,CU0608,SP010,ST011,PR021,2,24,5,45.6,Credit Card,Completed,,,
TXN007474,2024-05-10,CU0346,SP004,ST006,PR037,1,289,0,289,Online Transfer,Completed,,,
TXN002280,2023-01-16,CU0493,SP011,ST003,PR001,1,999,5,949.05,Credit Card,Completed,,,
TXN005822,2024-06-09,CU0536,SP012,ST012,PR021,2,24,5,45.6,Online Transfer,Completed,,,
TXN000714,2022-01-21,CU0063,SP009,ST001,PR028,1,89,0,89,Debit Card,Completed,,,
TXN003301,2023-11-23,CU0496,SP008,ST008,PR011,2,499,0,998,Online Transfer,Completed,,,
TXN005637,2023-11-15,CU0131,SP007,ST011,PR022,3,89,10,240.3,Debit Card,Completed,,,
TXN008986,2024-05-18,CU0121,SP004,ST011,PR006,1,79,5,75.05,Cash,Completed,,,
TXN003164,2022-07-27,CU0212,SP013,ST009,PR024,1,45,20,36,Debit Card,Completed,,,
TXN001389,2022-01-19,CU0184,SP005,ST009,PR034,1,79,0,79,Credit Card,Completed,,,
TXN002008,2024-02-08,CU0436,SP004,ST010,PR017,1,99,10,89.1,Debit Card,Cancelled,,,
TXN006508,2023-01-27,CU0159,SP015,ST001,PR031,1,399,0,399,Credit Card,Cancelled,,,
TXN003728,2022-05-01,CU0570,SP013,ST001,PR004,1,299,10,269.1,Credit Card,Completed,,,
TXN007344,2023-06-09,CU0278,SP010,ST002,PR017,1,99,0,99,Cash,Completed,,,
TXN004868,2023-02-07,CU0081,SP003,ST006,PR013,1,89,0,89,Online Transfer,Completed,,,
TXN005357,2022-03-27,CU0277,SP008,ST007,PR003,2,549,0,1098,Credit Card,Completed,,,
TXN004448,2022-12-14,CU0317,SP005,ST004,PR023,4,179,10,644.4,Gift Card,Completed,,,
TXN002704,2022-09-01,CU0028,,ST007,PR025,1,65,5,61.75,Online Transfer,Completed,,,
TXN005402,2023-07-01,CU0344,SP010,ST003,PR008,2,449,0,866.98,Online Transfer,Cancelled,,,
TXN008200,2024-04-01,CU0158,SP012,ST009,PR008,1,449,20,359.2,Credit Card,Completed,,,
TXN002189,2022-06-25,CU0004,SP003,ST003,PR006,1,79,0,79,Debit Card,Completed,,,
TXN001006,2024-02-25,CU0385,SP014,ST011,PR015,1,59,20,47.2,Cash,Cancelled,,,
TXN007981,2024-03-21,CU0396,SP008,ST007,PR036,2,249,20,398.4,Online Transfer,Cancelled,,,
TXN004441,2022-06-05,CU0010,SP002,ST005,PR026,2,189,0,378,Online Transfer,Cancelled,,,
TXN007709,2022-09-10,CU0049,SP003,ST012,PR005,1,129,0,129,Credit Card,Returned,,,
TXN002421,2023-01-09,CU0485,SP005,ST011,PR020,2,159,5,302.1,Online Transfer,Returned,,,
TXN006568,2023-01-27,CU0191,SP006,ST003,PR020,1,159,10,143.1,Debit Card,Completed,,,
TXN006155,2023-12-27,,SP007,ST007,PR037,1,289,0,289,Online Transfer,Completed,,,
TXN006010,2023-01-16,CU0459,SP011,ST011,PR035,3,49,10,132.3,Credit Card,Completed,,,
TXN002799,2022-12-16,CU0399,SP010,ST012,PR029,1,169,0,169,Credit Card,Completed,,,
TXN005717,2023-10-18,CU0597,SP009,ST001,PR005,1,129,15,109.65,Online Transfer,Completed,,,
TXN007654,2023-07-10,CU0136,SP014,ST006,PR001,1,999,5,949.05,Online Transfer,Completed,,,
TXN002444,2023-06-15,CU0324,SP004,ST002,PR018,1,59,0,59,Online Transfer,Completed,,,
TXN007454,2023-09-25,CU0461,SP002,ST004,PR022,2,89,10,160.2,Debit Card,Completed,,,
TXN002702,2024-05-15,CU0514,SP008,ST007,PR006,2,79,0,158,Online Transfer,Completed,,,
TXN004515,2023-07-10,CU0312,SP010,ST011,PR022,2,89,20,142.4,Cash,Completed,,,
TXN004849,2023-01-27,CU0525,SP007,ST012,PR016,1,49,0,49,Gift Card,Completed,,,
TXN000745,2022-08-11,CU0583,SP004,ST012,PR027,2,129,10,232.2,Online Transfer,Returned,,,
TXN001513,2024-05-15,CU0478,SP014,ST009,PR016,1,49,0,49,Credit Card,Cancelled,,,
TXN002458,2023-06-28,CU0599,SP008,ST004,PR003,1,549,10,494.1,Cash,Completed,,,
TXN003350,2024-01-26,CU0512,SP002,ST002,PR020,1,159,20,127.2,Online Transfer,Cancelled,,,
TXN007234,2024-04-20,CU0339,SP011,ST008,PR033,1,119,0,119,Online Transfer,Completed,,,
TXN000063,2022-08-08,CU0487,SP006,ST012,PR025,2,65,0,130,Debit Card,Returned,,,
TXN002698,2022-10-05,CU0338,SP011,ST011,PR016,2,49,0,98,Credit Card,Completed,,,
TXN006030,2022-03-12,CU0097,SP001,ST002,PR039,2,28,0,56,Gift Card,Cancelled,,,
TXN000283,2022-10-08,CU0588,SP008,ST011,PR034,1,79,10,71.1,Online Transfer,Completed,,,
TXN001927,2023-05-20,CU0601,SP002,ST002,PR037,1,289,0,289,Debit Card,Completed,,,
TXN005932,2023-09-12,CU0505,SP015,ST002,PR025,1,65,5,61.75,Credit Card,Returned,,,
TXN007010,2022-07-02,CU0077,SP009,ST012,PR020,1,159,0,159,Credit Card,Completed,,,
TXN001881,2022-01-30,CU0251,SP008,ST006,PR032,1,69,15,58.65,Cash,Completed,,,
TXN002054,2023-09-16,CU0492,SP014,ST011,PR035,1,49,10,44.1,Cash,Returned,,,
TXN007932,2023-09-07,CU0283,SP001,ST007,PR013,1,89,0,89,Online Transfer,Completed,,,
TXN008442,2024-04-16,CU0556,SP006,ST012,PR037,1,289,0,289,Debit Card,Completed,,,
TXN007359,2023-05-11,CU0516,SP005,ST010,PR018,3,59,5,168.15,Online Transfer,Returned,,,
TXN004041,2024-01-21,CU0606,SP014,ST005,PR026,3,189,5,538.65,Credit Card,Completed,,,
TXN007246,2023-12-21,CU0345,SP001,ST010,PR006,1,79,10,71.1,Cash,Completed,,,
TXN002245,2023-09-18,CU0223,SP006,ST010,PR023,3,179,10,483.3,Credit Card,Completed,,,
TXN002530,2023-03-03,CU0308,SP015,ST007,PR013,1,89,0,89,Gift Card,Completed,,,
TXN001255,2023-09-18,CU0136,SP013,ST002,PR028,2,89,20,142.4,Cash,Completed,,,
TXN003083,2022-11-15,CU0306,SP006,ST010,PR036,1,249,15,211.65,Debit Card,Completed,,,
TXN001280,2023-12-10,CU0350,SP015,ST012,PR033,1,119,10,107.1,Credit Card,Returned,,,
TXN005644,2023-07-28,CU0189,SP001,ST002,PR017,1,99,0,99,Online Transfer,Completed,,,
TXN000415,2023-06-24,CU0575,SP005,ST012,PR025,4,65,0,260,Cash,Returned,,,
TXN000247,2023-05-26,CU0156,SP007,ST004,PR027,1,129,20,103.2,Debit Card,Completed,,,
TXN007138,2022-12-10,CU0275,SP013,ST011,PR018,2,59,0,118,Debit Card,Completed,,,
TXN000426,2023-11-07,CU0211,,ST002,PR004,1,299,0,273.54,Online Transfer,Completed,,,
TXN004197,2023-07-08,CU0280,SP011,ST006,PR007,1,699,20,559.2,Credit Card,Completed,,,
TXN000267,2022-09-30,CU0008,SP011,ST010,PR032,1,69,0,69,Credit Card,Completed,,,
TXN001083,2022-09-11,CU0585,SP006,ST005,PR035,2,49,10,88.2,Cash,Completed,,,
TXN000632,2022-01-01,CU0417,SP010,ST005,PR022,1,89,15,75.65,Credit Card,Completed,,,
TXN000166,2023-11-15,CU0334,SP002,ST010,PR027,1,129,0,129,Debit Card,Completed,,,
TXN001091,2024-03-08,CU0601,SP012,ST006,PR027,1,129,0,129,Cash,Completed,,,
TXN004234,2023-11-06,,SP003,ST004,PR030,1,149,0,149,Gift Card,Completed,,,
TXN005324,2023-07-04,CU0342,SP009,ST007,PR022,3,89,0,267,Online Transfer,Completed,,,
TXN005371,2023-07-08,CU0397,SP012,ST003,PR038,1,39,0,39,Gift Card,Completed,,,
TXN003794,2024-02-17,CU0414,SP001,ST003,PR022,1,89,0,89,Debit Card,Completed,,,
TXN003720,2023-10-12,,SP007,ST010,PR016,5,49,10,220.5,Debit Card,Completed,,,
TXN002556,2023-10-07,CU0203,SP011,ST010,PR019,2,119,20,190.4,Cash,Completed,,,
TXN008066,2022-02-14,CU0199,SP014,ST009,PR025,1,65,10,58.5,Cash,Completed,,,
TXN007767,2023-04-10,CU0155,SP003,ST002,PR030,1,149,0,149,Debit Card,Completed,,,
TXN001441,2023-08-30,CU0217,SP015,ST001,PR024,2,45,0,90,Debit Card,Completed,,,
TXN003574,2022-09-04,CU0578,SP004,ST001,PR031,1,399,0,399,Online Transfer,Returned,,,
TXN003534,2023-09-24,CU0302,SP001,ST008,PR018,4,59,0,236,Online Transfer,Returned,,,
TXN008262,2023-03-07,CU0603,SP010,ST007,PR002,1,749,0,749,Cash,Completed,,,
TXN004658,2022-09-25,CU0516,SP004,ST001,PR036,1,249,5,229.44,Credit Card,Completed,,,
TXN004580,2023-03-31,CU0168,SP008,ST009,PR015,1,59,5,56.05,Online Transfer,Completed,,,
TXN004469,2023-05-04,CU0098,SP009,ST010,PR024,1,45,0,45,Debit Card,Completed,,,
TXN007976,2023-04-23,CU0423,SP003,ST002,PR031,1,399,10,359.1,Debit Card,Completed,,,
TXN002278,2022-05-18,CU0355,SP007,ST006,PR031,1,399,10,359.1,Debit Card,Completed,,,
TXN008765,2024-05-29,CU0241,SP009,ST002,PR019,4,119,5,452.2,Debit Card,Completed,,,
TXN006344,2023-05-05,CU0463,SP014,ST006,PR002,1,749,10,674.1,Online Transfer,Completed,,,
TXN001452,2022-05-28,CU0558,SP008,ST001,PR025,3,65,10,175.5,Debit Card,Completed,,,
TXN004534,2023-09-21,CU0419,SP013,ST007,PR004,1,299,5,284.05,Credit Card,Completed,,,
TXN007505,2022-06-08,CU0030,SP009,ST010,PR019,1,119,10,107.1,Cash,Completed,,,
TXN005936,2023-05-03,CU0592,SP014,ST002,PR036,2,249,5,473.1,Credit Card,Returned,,,
TXN007792,2024-06-19,CU0115,SP009,ST003,PR037,3,289,0,867,Credit Card,Completed,,,
TXN008352,2023-02-25,CU0217,SP010,ST004,PR029,1,169,0,169,Online Transfer,Completed,,,
TXN003090,2022-02-24,CU0336,SP014,ST008,PR037,1,289,0,289,Cash,Completed,,,
TXN008809,2023-11-10,CU0245,SP005,ST004,PR011,1,499,0,499,Credit Card,Completed,,,
TXN006197,2022-04-29,CU0459,SP001,ST004,PR013,3,89,20,213.6,Online Transfer,Completed,,,
TXN007011,2022-01-02,CU0252,SP006,ST011,PR007,1,699,5,664.05,Debit Card,Completed,,,
TXN001422,2024-02-08,CU0307,SP015,ST005,PR038,3,39,5,111.15,Credit Card,Cancelled,,,
TXN001165,2024-06-06,CU0050,SP008,ST009,PR017,3,99,0,297,Credit Card,Completed,,,
TXN006981,2022-10-14,CU0519,SP003,ST007,PR026,1,189,0,189,Debit Card,Completed,,,
TXN007975,2022-11-15,CU0455,SP006,ST004,PR037,2,289,20,462.4,Gift Card,Cancelled,,,
TXN002607,2023-05-23,CU0411,SP002,ST008,PR040,2,22,10,39.6,Debit Card,Completed,,,
TXN008259,2022-12-26,CU0155,SP007,ST004,PR025,1,65,15,55.25,Debit Card,Completed,,,
TXN007491,2023-09-07,CU0364,SP001,ST007,PR015,1,59,10,53.1,Credit Card,Completed,,,
TXN007007,2023-01-02,CU0174,SP004,ST007,PR032,2,69,0,138,Cash,Completed,,,
TXN008833,2022-03-25,CU0513,SP001,ST005,PR008,2,449,0,898,Credit Card,Completed,,,
TXN007807,2023-06-04,CU0559,SP010,ST003,PR016,1,49,5,46.55,Online Transfer,Completed,,,
TXN004411,2023-10-14,CU0340,SP012,ST008,PR038,2,39,5,82.55,Credit Card,Completed,,,
TXN000106,2022-01-15,CU0446,SP013,ST008,PR034,1,79,0,79,Credit Card,Completed,,,
TXN002334,2022-05-24,CU0547,SP003,ST011,PR033,3,119,0,357,Online Transfer,Completed,,,
TXN000925,2022-12-15,CU0077,SP009,ST006,PR004,1,299,5,284.05,Credit Card,Completed,,,
TXN000343,2023-01-13,CU0491,SP002,ST008,PR009,1,379,0,379,Debit Card,Completed,,,
TXN004053,2022-02-14,CU0192,SP006,ST001,PR028,2,89,15,151.3,Debit Card,Completed,,,
TXN006152,2024-02-29,CU0217,SP001,ST002,PR013,1,89,0,89,Credit Card,Completed,,,
TXN005388,2022-04-19,CU0383,SP008,ST010,PR017,1,99,10,89.1,Online Transfer,Completed,,,
TXN000841,2023-10-24,CU0162,SP004,ST010,PR022,2,89,0,178,Credit Card,Completed,,,
TXN007443,2024-01-14,CU0462,SP012,ST001,PR018,2,59,5,112.1,Debit Card,Completed,,,
TXN001287,2022-12-19,CU0383,SP010,ST006,PR034,3,79,0,237,Credit Card,Completed,,,
TXN005407,2024-04-05,CU0553,SP001,ST012,PR030,2,149,0,298,Debit Card,Completed,,,
TXN007409,2023-12-04,CU0486,SP006,ST004,PR038,1,39,5,37.05,Credit Card,Completed,,,
TXN000860,2023-01-17,CU0080,SP010,ST012,PR028,1,89,10,80.1,Debit Card,Returned,,,
TXN003075,2023-01-20,CU0342,SP003,ST010,PR014,1,139,0,139,Cash,Completed,,,
TXN007143,2024-01-12,CU0571,SP001,ST004,PR029,2,169,0,338,Debit Card,Completed,,,
TXN001352,2022-01-13,CU0022,SP013,ST003,PR001,1,999,10,899.1,Cash,Completed,,,
TXN003664,2023-08-31,CU0385,SP011,ST005,PR016,2,49,10,88.2,Credit Card,Completed,,,
TXN005825,2024-04-11,CU0064,SP002,ST010,PR031,1,399,10,359.1,Credit Card,Completed,,,
TXN008389,2022-11-21,CU0274,SP012,ST008,PR017,1,99,10,89.1,Online Transfer,Completed,,,
TXN005679,2023-11-19,CU0235,SP004,ST012,PR002,1,749,0,749,Cash,Completed,,,
TXN000911,2022-01-17,CU0314,SP013,ST010,PR027,1,129,20,103.2,Cash,Completed,,,
TXN007104,2022-06-02,CU0194,SP008,ST001,PR030,2,149,20,238.4,Online Transfer,Returned,,,
TXN007951,2024-06-11,CU0492,SP011,ST001,PR039,2,28,0,56,Online Transfer,Completed,,,
TXN005151,2022-12-11,,SP003,ST008,PR038,1,39,10,35.1,Credit Card,Completed,,,
TXN008855,2022-07-18,CU0546,SP009,ST005,PR008,1,449,10,404.1,Credit Card,Returned,,,
TXN007262,2022-02-03,CU0430,SP010,ST001,PR014,1,139,5,132.05,Credit Card,Returned,,,
TXN006315,2022-10-12,CU0491,SP001,ST005,PR034,2,79,0,158,Online Transfer,Completed,,,
TXN001634,2022-01-01,CU0301,SP004,ST007,PR016,3,49,5,139.65,Debit Card,Returned,,,
TXN004670,2024-01-25,CU0073,SP002,ST003,PR003,1,549,0,549,Cash,Completed,,,
TXN006649,2023-05-01,CU0226,SP015,ST001,PR005,2,129,0,258,Debit Card,Completed,,,
TXN004767,2022-03-22,CU0522,SP005,ST001,PR016,3,49,10,132.3,Credit Card,Completed,,,
TXN001947,2022-01-26,CU0407,SP015,ST011,PR008,2,449,0,898,Credit Card,Returned,,,
TXN000838,2022-05-30,CU0523,SP003,ST002,PR021,5,24,0,120,Credit Card,Returned,,,
TXN006652,2023-06-13,CU0157,SP006,ST008,PR010,1,199,0,199,Credit Card,Completed,,,
TXN002211,2022-09-16,CU0024,SP013,ST007,PR033,3,119,10,321.3,Gift Card,Completed,,,
TXN002386,2023-02-23,CU0349,SP003,ST009,PR016,3,49,0,147,Online Transfer,Completed,,,
TXN004015,2023-08-09,CU0143,SP008,ST011,PR001,1,999,0,999,Debit Card,Completed,,,
TXN004356,2023-04-12,CU0382,SP003,ST002,PR040,2,22,15,37.4,Cash,Completed,,,
TXN001451,2023-01-16,CU0246,SP014,ST009,PR027,1,129,10,116.1,Debit Card,Completed,,,
TXN005469,2024-01-14,CU0268,SP013,ST011,PR018,4,59,5,224.2,Credit Card,Completed,,,
TXN006799,2024-04-30,CU0386,SP005,ST005,PR007,1,699,0,699,Cash,Completed,,,
TXN004525,2023-07-19,CU0409,SP009,ST010,PR032,1,69,15,58.65,Debit Card,Returned,,,
TXN005820,2023-02-20,CU0101,SP004,ST001,PR018,1,59,15,50.15,Cash,Returned,,,
TXN002343,2022-03-11,CU0150,SP005,ST012,PR020,2,159,0,318,Cash,Returned,,,
TXN008738,2024-02-11,CU0426,SP012,ST009,PR011,1,499,10,511.59,Cash,Returned,,,
TXN007644,2022-11-03,CU0178,SP002,ST001,PR035,3,49,5,139.65,Cash,Completed,,,
TXN004500,2024-02-08,CU0288,SP012,ST004,PR040,1,22,0,22,Online Transfer,Completed,,,
TXN002206,2022-03-11,CU0136,SP015,ST007,PR032,1,69,20,55.2,Debit Card,Cancelled,,,
TXN008883,2024-04-17,CU0583,SP003,ST004,PR019,2,119,10,214.2,Debit Card,Completed,,,
TXN001166,2022-11-14,CU0571,SP012,ST004,PR022,4,89,5,338.2,Gift Card,Completed,,,
TXN001109,2022-02-09,CU0423,SP009,ST004,PR005,1,129,0,129,Debit Card,Completed,,,
TXN002289,2022-04-15,CU0170,SP013,ST009,PR036,1,249,0,249,Debit Card,Completed,,,
TXN007250,2022-07-24,CU0356,SP001,ST002,PR012,2,29,10,52.2,Credit Card,Completed,,,
TXN008248,2024-02-14,CU0140,SP007,ST007,PR024,2,45,10,81,Debit Card,Completed,,,
TXN008318,2022-10-09,CU0287,SP013,ST007,PR036,1,249,10,224.1,Online Transfer,Completed,,,
TXN003764,2023-01-21,CU0569,SP014,ST006,PR018,1,59,0,59,Online Transfer,Completed,,,
TXN004581,2023-04-02,CU0180,SP004,ST010,PR036,2,249,10,448.2,Credit Card,Returned,,,
TXN001192,2023-03-17,CU0208,SP005,ST009,PR007,1,699,20,559.2,Debit Card,Returned,,,
TXN003228,2022-07-31,CU0265,SP010,ST012,PR021,3,24,20,57.6,Online Transfer,Completed,,,
TXN008145,2024-04-08,CU0077,,ST012,PR013,1,89,0,89,Cash,Completed,,,
TXN006901,2022-09-14,CU0410,SP011,ST010,PR014,2,139,0,278,Online Transfer,Cancelled,,,
TXN005749,2024-04-12,,SP011,ST012,PR024,5,45,0,225,Online Transfer,Completed,,,
TXN004100,2022-03-11,CU0480,SP007,ST012,PR036,1,249,10,224.1,Online Transfer,Completed,,,
TXN006786,2023-08-09,CU0326,SP015,ST003,PR020,4,159,10,572.4,Online Transfer,Completed,,,
TXN004071,2023-07-24,CU0087,SP013,ST011,PR015,1,59,0,59,Online Transfer,Completed,,,
TXN003799,2023-03-26,CU0308,SP014,ST009,PR019,4,119,0,476,Online Transfer,Completed,,,
TXN003871,2024-03-26,CU0454,SP009,ST012,PR011,3,499,0,1497,Cash,Completed,,,
TXN001127,2022-05-31,CU0086,SP008,ST001,PR030,2,149,20,238.4,Online Transfer,Completed,,,
TXN002333,2023-03-21,CU0250,SP003,ST004,PR032,2,69,20,110.4,Cash,Completed,,,
TXN001690,2022-08-07,CU0328,SP012,ST008,PR024,1,45,10,40.5,Gift Card,Completed,,,
TXN008396,2024-01-25,CU0123,SP006,ST006,PR026,2,189,0,378,Debit Card,Returned,,,
TXN007900,2023-03-26,CU0184,SP006,ST011,PR031,1,399,0,399,Online Transfer,Completed,,,
TXN008309,2023-07-17,CU0603,SP014,ST001,PR023,3,179,10,483.3,Debit Card,Completed,,,
TXN001355,2023-01-03,CU0018,SP007,ST002,PR036,1,249,0,249,Cash,Completed,,,
TXN003032,2022-11-27,CU0153,SP001,ST010,PR037,2,289,0,578,Debit Card,Cancelled,,,
TXN003894,2022-10-23,CU0220,SP004,ST005,PR036,1,249,20,199.2,Credit Card,Cancelled,,,
TXN006840,2022-07-13,CU0608,SP011,ST005,PR013,2,89,0,178,Credit Card,Completed,,,
TXN007527,2022-03-31,CU0374,SP013,ST012,PR029,2,169,10,304.2,Online Transfer,Completed,,,
TXN004567,2022-04-11,CU0379,SP003,ST004,PR021,4,24,0,96,Debit Card,Completed,,,
TXN002146,2023-07-29,CU0023,SP014,ST008,PR034,1,79,20,63.2,Gift Card,Completed,,,
TXN004352,2022-12-15,CU0225,SP010,ST004,PR021,2,24,0,48,Gift Card,Completed,,,
TXN005876,2023-05-03,CU0520,SP007,ST005,PR029,2,169,0,338,Debit Card,Completed,,,
TXN006512,2023-02-27,CU0455,SP014,ST005,PR035,1,49,20,39.2,Credit Card,Completed,,,
TXN006162,2023-04-28,CU0067,SP001,ST012,PR016,1,49,0,49,Gift Card,Completed,,,
TXN005913,2023-07-26,CU0538,SP005,ST008,PR024,1,45,0,45,Cash,Completed,,,
TXN000780,2023-10-09,CU0319,SP011,ST010,PR019,1,119,0,119,Debit Card,Completed,,,
TXN006278,2023-11-26,CU0383,SP006,ST006,PR040,1,22,20,17.6,Online Transfer,Cancelled,,,
TXN000442,2022-02-01,CU0442,SP006,ST004,PR031,1,399,10,359.1,Gift Card,Cancelled,,,
TXN005809,2022-03-31,CU0420,SP007,ST012,PR038,4,39,10,140.4,Gift Card,Completed,,,
TXN004160,2022-06-15,CU0071,SP007,ST009,PR012,1,29,10,26.1,Credit Card,Cancelled,,,
TXN000630,2022-11-23,CU0075,SP004,ST008,PR006,1,79,0,79,Cash,Cancelled,,,
TXN007493,2024-05-03,CU0271,SP013,ST005,PR018,2,59,10,106.2,Gift Card,Returned,,,
TXN007330,2023-01-20,CU0262,SP007,ST010,PR028,3,89,5,253.65,Credit Card,Completed,,,
TXN002721,2022-09-06,CU0044,SP003,ST001,PR027,3,129,15,328.95,Debit Card,Completed,,,
TXN006097,2023-11-11,CU0371,SP015,ST006,PR012,3,29,0,87,Credit Card,Cancelled,,,
TXN002097,2024-06-16,CU0060,SP013,ST010,PR022,3,89,0,267,Gift Card,Returned,,,
TXN001989,2022-05-02,CU0110,SP006,ST001,PR019,2,119,0,238,Gift Card,Completed,,,
TXN001064,2023-02-16,CU0141,SP015,ST006,PR024,4,45,10,162,Gift Card,Returned,,,
TXN000806,2022-04-10,CU0221,SP011,ST004,PR039,2,28,5,53.2,Debit Card,Completed,,,
TXN008469,2023-04-03,CU0528,SP014,ST010,PR022,1,89,10,80.1,Online Transfer,Completed,,,
TXN003908,2023-11-27,CU0079,SP006,ST011,PR040,1,22,20,17.6,Cash,Completed,,,
TXN008761,2022-04-13,CU0410,SP004,ST010,PR021,2,24,0,48,Gift Card,Completed,,,
TXN003380,2022-04-07,CU0038,SP015,ST005,PR009,2,379,0,758,Online Transfer,Completed,,,
TXN005127,2023-06-25,CU0275,SP011,ST011,PR029,2,169,0,338,Debit Card,Completed,,,
TXN001362,2022-11-02,CU0107,SP013,ST010,PR006,1,79,15,67.15,Debit Card,Completed,,,
TXN001843,2022-12-26,CU0166,SP003,ST004,PR007,1,699,0,699,Credit Card,Completed,,,
TXN005930,2022-03-03,CU0117,SP003,ST009,PR020,3,159,5,453.15,Debit Card,Returned,,,
TXN004252,2023-01-27,CU0131,SP008,ST012,PR013,1,89,20,71.2,Online Transfer,Completed,,,
TXN003688,2022-01-27,CU0451,SP010,ST001,PR015,2,59,5,112.1,Credit Card,Completed,,,
TXN005086,2024-02-03,,SP015,ST007,PR019,1,119,5,113.05,Debit Card,Completed,,,
TXN007432,2023-07-03,CU0600,SP011,ST008,PR011,1,499,15,424.15,Gift Card,Completed,,,
TXN006405,2022-08-29,CU0597,SP015,ST003,PR021,1,24,15,20.4,Debit Card,Cancelled,,,
TXN007576,2023-10-12,CU0490,SP004,ST004,PR021,2,24,10,43.2,Gift Card,Completed,,,
TXN001981,2023-02-06,CU0604,SP010,ST001,PR019,1,119,20,95.2,Credit Card,Completed,,,
TXN003619,2022-05-22,CU0259,SP007,ST011,PR022,2,89,20,142.4,Debit Card,Completed,,,
TXN001210,2023-07-30,CU0301,SP004,ST011,PR007,1,699,10,629.1,Cash,Completed,,,
TXN001891,2024-01-28,CU0023,SP010,ST008,PR024,1,45,5,42.75,Credit Card,Completed,,,
TXN001820,2023-02-15,CU0253,SP010,ST010,PR014,1,139,0,139,Credit Card,Completed,,,
TXN000662,2024-02-20,CU0215,SP014,ST012,PR027,1,129,10,116.1,Debit Card,Completed,,,
TXN004790,2023-04-19,CU0040,SP003,ST008,PR038,1,39,10,38.57,Debit Card,Completed,,,
TXN005367,2023-04-17,CU0397,SP006,ST007,PR026,2,189,15,321.3,Online Transfer,Completed,,,
TXN007030,2023-11-02,CU0144,SP006,ST008,PR014,1,139,20,111.2,Credit Card,Returned,,,
TXN008395,2022-12-12,CU0234,SP004,ST009,PR013,1,89,10,80.1,Online Transfer,Completed,,,
TXN001062,2022-02-06,CU0182,SP008,ST007,PR026,3,189,0,567,Debit Card,Completed,,,
TXN000618,2022-05-26,CU0495,SP004,ST005,PR005,1,129,0,129,Cash,Completed,,,
TXN003428,2023-12-12,CU0357,SP003,ST007,PR040,1,22,10,19.8,Debit Card,Completed,,,
TXN006785,2022-09-06,CU0490,SP014,ST003,PR032,1,69,5,65.55,Credit Card,Completed,,,
TXN001974,2023-08-13,,SP014,ST003,PR019,1,119,10,107.1,Credit Card,Returned,,,
TXN007890,2022-10-20,CU0584,SP008,ST010,PR017,3,99,5,282.15,Cash,Returned,,,
TXN006235,2024-06-08,CU0489,SP003,ST007,PR025,1,65,0,65,Credit Card,Returned,,,
TXN008038,2022-04-23,CU0342,SP001,ST009,PR040,2,22,5,41.8,Online Transfer,Returned,,,
TXN003973,2022-12-11,CU0551,SP013,ST008,PR019,1,119,20,95.2,Credit Card,Completed,,,
TXN003413,2023-05-17,CU0377,SP005,ST004,PR026,2,189,10,340.2,Debit Card,Completed,,,
TXN006502,2022-08-20,CU0410,SP006,ST007,PR022,3,89,5,253.65,Online Transfer,Completed,,,
TXN006806,2023-01-18,CU0107,SP013,ST006,PR030,1,149,0,149,Gift Card,Completed,,,
TXN007430,2022-08-25,CU0561,SP003,ST001,PR026,2,189,10,340.2,Gift Card,Completed,,,
TXN006526,2022-11-10,CU0460,SP005,ST006,PR017,2,99,10,178.2,Online Transfer,Completed,,,
TXN000867,2022-06-21,CU0201,SP010,ST012,PR004,2,299,5,568.1,Credit Card,Completed,,,
TXN002676,2022-01-22,CU0501,SP007,ST001,PR021,2,24,20,38.4,Debit Card,Completed,,,
TXN002263,2023-02-24,CU0441,SP002,ST012,PR019,3,119,0,357,Online Transfer,Completed,,,
TXN007575,2024-03-18,,SP002,ST001,PR037,1,289,10,260.1,Online Transfer,Completed,,,
TXN002162,2023-09-23,CU0041,SP013,ST002,PR020,1,159,10,143.1,Online Transfer,Completed,,,
TXN001813,2022-04-08,CU0434,SP014,ST008,PR039,3,28,0,84,Credit Card,Completed,,,
TXN001322,2023-05-06,CU0532,SP006,ST004,PR014,2,139,10,250.2,Debit Card,Completed,,,
TXN001208,2024-02-01,CU0452,SP001,ST010,PR007,1,699,10,629.1,Debit Card,Completed,,,
TXN000209,2023-12-13,CU0440,SP011,ST004,PR037,2,289,20,462.4,Debit Card,Completed,,,
TXN007515,2022-08-09,CU0503,SP002,ST004,PR036,1,249,0,249,Debit Card,Completed,,,
TXN005235,2022-02-15,CU0272,SP001,ST012,PR020,4,159,0,636,Credit Card,Cancelled,,,
TXN008604,2024-05-22,CU0090,SP003,ST009,PR001,1,999,0,999,Credit Card,Completed,,,
TXN005969,2023-01-22,CU0253,SP006,ST008,PR024,3,45,15,114.75,Debit Card,Completed,,,
TXN007380,2024-06-08,CU0213,SP012,ST011,PR005,1,129,0,129,Online Transfer,Cancelled,,,
TXN001025,2022-01-24,CU0537,SP011,ST009,PR013,3,89,0,267,Credit Card,Completed,,,
TXN001913,2023-11-07,CU0480,SP015,ST012,PR021,2,24,0,48,Debit Card,Completed,,,
TXN000776,2023-01-26,CU0153,SP007,ST006,PR001,2,999,0,1998,Gift Card,Completed,,,
TXN003666,2023-04-07,CU0235,SP011,ST011,PR019,1,119,10,107.1,Cash,Completed,,,
TXN002795,2023-06-02,CU0426,SP010,ST010,PR027,1,129,0,129,Online Transfer,Completed,,,
TXN003986,2022-07-21,CU0519,SP008,ST001,PR031,1,399,0,399,Debit Card,Completed,,,
TXN001340,2023-11-09,CU0300,SP001,ST006,PR003,2,549,10,988.2,Credit Card,Cancelled,,,
TXN006798,2022-01-04,CU0337,SP007,ST009,PR040,2,22,10,39.6,Credit Card,Returned,,,
TXN001640,2023-03-03,CU0465,SP015,ST010,PR024,1,45,5,42.75,Gift Card,Completed,,,
TXN006269,2022-09-09,CU0283,SP015,ST006,PR013,1,89,0,89,Credit Card,Cancelled,,,
TXN000235,2023-01-26,CU0409,SP014,ST004,PR018,1,59,0,59,Credit Card,Cancelled,,,
TXN004148,2023-12-09,CU0281,SP001,ST006,PR003,1,549,0,549,Online Transfer,Returned,,,
TXN003798,2022-09-13,CU0251,SP014,ST007,PR025,3,65,0,195,Online Transfer,Completed,,,
TXN007898,2023-05-14,CU0461,,ST004,PR001,1,999,5,949.05,Cash,Completed,,,
TXN005012,2024-06-13,CU0529,SP015,ST010,PR037,2,289,10,520.2,Online Transfer,Completed,,,
TXN001047,2023-06-02,CU0158,SP014,ST003,PR016,2,49,10,88.2,Credit Card,Completed,,,
TXN000048,2022-08-18,,SP001,ST003,PR013,3,89,10,240.3,Cash,Completed,,,
TXN004002,2023-01-21,CU0497,SP004,ST002,PR030,1,149,10,134.1,Credit Card,Completed,,,
TXN007166,2023-08-10,CU0564,SP001,ST004,PR002,2,749,5,1423.1,Debit Card,Completed,,,
TXN005940,2022-08-28,CU0542,SP003,ST009,PR004,1,299,10,269.1,Credit Card,Cancelled,,,
TXN005016,2023-08-19,CU0499,SP002,ST012,PR030,2,149,10,268.2,Credit Card,Completed,,,
TXN000059,2022-02-13,CU0034,SP013,ST011,PR022,1,89,0,89,Credit Card,Completed,,,
TXN001438,2022-11-28,CU0210,SP006,ST009,PR036,2,249,5,473.1,Credit Card,Completed,,,
TXN004371,2022-04-05,,SP001,ST001,PR011,2,499,15,848.3,Online Transfer,Completed,,,
TXN007435,2023-01-10,CU0465,SP010,ST001,PR029,1,169,5,160.55,Online Transfer,Completed,,,
TXN005711,2024-04-21,CU0166,SP001,ST009,PR008,1,449,15,381.65,Debit Card,Completed,,,
TXN000812,2023-10-28,CU0577,SP014,ST007,PR024,3,45,0,135,Cash,Completed,,,
TXN008629,2023-11-18,CU0376,SP006,ST005,PR008,1,449,0,451.34,Debit Card,Completed,,,
TXN000950,2023-04-24,CU0075,SP002,ST011,PR040,2,22,0,44,Credit Card,Completed,,,
TXN006384,2022-03-30,CU0383,SP007,ST006,PR039,3,28,0,84,Credit Card,Completed,,,
TXN004365,2023-05-07,CU0587,SP012,ST001,PR037,1,289,0,289,Online Transfer,Completed,,,
TXN008549,2024-03-24,CU0570,SP008,ST012,PR005,1,129,5,122.55,Credit Card,Completed,,,
TXN008960,2022-01-08,CU0002,SP001,ST011,PR016,1,49,20,39.2,Debit Card,Completed,,,
TXN001146,2024-06-06,CU0565,SP003,ST002,PR014,1,139,10,125.1,Gift Card,Completed,,,
TXN002093,2024-01-10,CU0517,SP008,ST011,PR012,1,29,0,29,Cash,Returned,,,
TXN002663,2024-06-01,CU0606,SP005,ST004,PR039,3,28,10,75.6,Online Transfer,Completed,,,
TXN001185,2023-01-17,CU0096,SP005,ST001,PR037,1,289,15,245.65,Debit Card,Completed,,,
TXN006521,2023-07-06,CU0433,SP007,ST008,PR017,2,99,5,188.1,Online Transfer,Cancelled,,,
TXN002596,2023-08-21,CU0521,SP013,ST008,PR024,4,45,0,180,Credit Card,Completed,,,
TXN001834,2022-02-22,CU0444,SP011,ST003,PR018,2,59,5,112.1,Debit Card,Completed,,,
TXN005432,2022-11-08,CU0126,SP014,ST010,PR012,2,29,5,55.1,Online Transfer,Completed,,,
TXN008772,2023-07-13,CU0156,SP009,ST009,PR020,2,159,10,286.2,Gift Card,Completed,,,
TXN002307,2022-11-26,CU0039,SP007,ST005,PR002,1,749,5,711.55,Debit Card,Completed,,,
TXN001034,2022-08-28,CU0238,SP014,ST009,PR012,1,29,15,24.65,Cash,Completed,,,
TXN002763,2022-04-05,CU0553,SP006,ST007,PR023,2,179,20,286.4,Credit Card,Completed,,,
TXN000403,2022-04-24,CU0126,SP002,ST003,PR014,2,139,0,278,Online Transfer,Completed,,,
TXN003317,2024-03-05,CU0108,SP004,ST003,PR018,2,59,10,106.2,Debit Card,Completed,,,
TXN001505,2024-01-12,CU0530,SP005,ST010,PR033,2,119,10,214.2,Online Transfer,Completed,,,
TXN002376,2023-06-09,CU0560,SP013,ST005,PR032,4,69,10,248.4,Credit Card,Completed,,,
TXN004669,2024-03-26,CU0434,SP010,ST001,PR010,2,199,0,398,Cash,Cancelled,,,
TXN002477,2024-04-22,CU0248,SP003,ST012,PR038,2,39,5,74.1,Credit Card,Completed,,,
TXN005924,2022-11-30,CU0153,SP014,ST006,PR007,1,699,0,699,Debit Card,Completed,,,
TXN001939,2022-12-10,CU0185,SP010,ST011,PR003,2,549,0,1098,Cash,Cancelled,,,
TXN008072,2023-01-13,CU0387,SP010,ST009,PR036,1,249,0,249,Credit Card,Completed,,,
TXN006486,2023-10-15,CU0090,SP014,ST001,PR023,1,179,15,152.15,Credit Card,Completed,,,
TXN004343,2022-10-02,,SP014,ST011,PR018,1,59,5,56.05,Credit Card,Completed,,,
TXN001294,2022-05-26,CU0521,SP001,ST011,PR006,1,79,5,75.05,Debit Card,Completed,,,
TXN006684,2022-06-12,CU0002,SP013,ST004,PR040,2,22,0,44,Credit Card,Completed,,,
TXN000559,2023-01-27,CU0011,SP004,ST008,PR017,1,99,20,79.2,Credit Card,Completed,,,
TXN007692,2023-10-27,CU0049,SP003,ST012,PR027,3,129,0,387,Debit Card,Cancelled,,,
TXN006238,2023-05-22,CU0343,SP009,ST008,PR022,2,89,10,160.2,Credit Card,Completed,,,
TXN002608,2022-05-18,CU0397,SP003,ST010,PR033,4,119,0,476,Debit Card,Completed,,,
TXN006972,2023-11-12,CU0390,SP013,ST006,PR013,1,89,0,89,Cash,Returned,,,
TXN005471,2023-04-13,CU0415,SP013,ST003,PR012,3,29,0,87,Cash,Completed,,,
TXN004169,2024-01-27,CU0490,SP008,ST001,PR038,1,39,0,39,Cash,Returned,,,
TXN002447,2023-05-19,CU0191,SP009,ST008,PR023,3,179,10,483.3,Debit Card,Completed,,,
TXN003260,2022-12-16,CU0531,SP012,ST011,PR020,3,159,20,381.6,Credit Card,Completed,,,
TXN004417,2022-02-02,CU0445,SP011,ST005,PR034,2,79,0,158,Cash,Completed,,,
TXN001683,2023-10-08,CU0562,SP010,ST007,PR017,1,99,0,99,Online Transfer,Completed,,,
TXN003617,2022-02-14,CU0025,SP002,ST006,PR040,1,22,0,22,Debit Card,Completed,,,
TXN008556,2023-10-29,CU0552,SP009,ST006,PR039,2,28,15,47.6,Debit Card,Completed,,,
TXN000018,2022-05-29,CU0466,SP003,ST007,PR018,2,59,0,118,Gift Card,Completed,,,
TXN001042,2023-11-10,CU0444,SP012,ST010,PR029,1,169,5,160.55,Credit Card,Completed,,,
TXN002193,2022-06-04,CU0251,SP004,ST002,PR024,1,45,20,36,Cash,Completed,,,
TXN000517,2022-10-22,CU0450,,ST003,PR015,2,59,20,94.4,Online Transfer,Completed,,,
TXN002319,2023-08-14,CU0128,SP015,ST008,PR037,1,289,0,289,Debit Card,Completed,,,
TXN006957,2023-01-16,CU0048,SP003,ST009,PR020,1,159,20,127.2,Cash,Completed,,,
TXN008491,2022-12-06,CU0246,,ST002,PR004,1,299,0,299,Online Transfer,Completed,,,
TXN005356,2022-08-16,CU0535,SP011,ST002,PR008,1,449,0,449,Online Transfer,Completed,,,
TXN005915,2023-06-17,CU0396,SP014,ST008,PR039,1,28,10,25.2,Credit Card,Returned,,,
TXN006672,2022-08-03,CU0116,SP002,ST009,PR019,1,119,5,113.05,Credit Card,Completed,,,
TXN002741,2022-07-12,CU0191,SP012,ST010,PR022,4,89,10,320.4,Gift Card,Completed,,,
TXN007602,2024-06-22,CU0299,SP008,ST006,PR012,1,29,10,26.1,Cash,Completed,,,
TXN002707,2022-05-10,CU0459,SP003,ST005,PR030,3,149,0,447,Debit Card,Completed,,,
TXN004317,2022-09-02,CU0027,SP010,ST009,PR025,1,65,0,65,Credit Card,Completed,,,
TXN003539,2023-06-08,CU0406,SP008,ST004,PR039,1,28,0,28,Cash,Completed,,,
TXN001382,2022-12-18,CU0280,SP011,ST007,PR026,1,189,10,170.1,Online Transfer,Completed,,,
TXN002159,2022-04-15,CU0608,SP008,ST011,PR029,1,169,10,152.1,Debit Card,Completed,,,
TXN003646,2024-03-24,CU0403,SP005,ST011,PR008,3,449,15,1144.95,Credit Card,Cancelled,,,
TXN001199,2022-04-09,CU0565,SP003,ST005,PR005,2,129,10,232.2,Debit Card,Completed,,,
TXN003333,2023-08-25,CU0242,SP007,ST007,PR001,1,999,5,949.05,Cash,Completed,,,
TXN002830,2022-06-16,CU0597,SP006,ST006,PR005,2,129,0,258,Cash,Completed,,,
TXN008583,2024-01-21,CU0347,SP012,ST001,PR026,2,189,0,378,Debit Card,Cancelled,,,
TXN008609,2022-10-12,CU0100,,ST003,PR013,3,89,0,267,Credit Card,Completed,,,
TXN004114,2023-05-05,CU0099,SP002,ST006,PR036,2,249,0,498,Gift Card,Completed,,,
TXN001797,2023-01-17,CU0029,,ST011,PR030,2,149,0,298,Credit Card,Completed,,,
TXN001008,2022-10-29,,SP009,ST005,PR024,3,45,0,135,Online Transfer,Completed,,,
TXN006433,2023-12-26,CU0456,SP004,ST012,PR015,3,59,0,177,Gift Card,Completed,,,
TXN006091,2023-07-03,CU0535,SP015,ST009,PR014,1,139,10,125.1,Online Transfer,Completed,,,
TXN005044,2022-07-28,CU0257,SP002,ST010,PR023,2,179,0,358,Credit Card,Completed,,,
TXN000317,2023-02-25,CU0500,SP001,ST003,PR032,1,69,10,62.1,Credit Card,Returned,,,
TXN002242,2022-02-03,CU0237,SP001,ST010,PR031,2,399,5,758.1,Cash,Completed,,,
TXN002424,2022-04-06,CU0193,SP004,ST008,PR038,4,39,0,156,Online Transfer,Returned,,,
TXN006333,2022-10-31,,SP006,ST008,PR024,2,45,15,76.5,Credit Card,Completed,,,
TXN006003,2022-12-05,CU0511,SP011,ST006,PR023,1,179,5,170.05,Credit Card,Cancelled,,,
TXN008667,2023-08-21,CU0391,SP007,ST009,PR036,1,249,0,249,Cash,Completed,,,
TXN007025,2023-08-24,CU0455,SP014,ST012,PR014,3,139,5,396.15,Online Transfer,Completed,,,
TXN004582,2023-07-25,CU0175,SP006,ST009,PR023,2,179,15,304.3,Gift Card,Completed,,,
TXN005105,2023-06-23,CU0442,SP006,ST005,PR009,1,379,5,360.05,Gift Card,Returned,,,
TXN008580,2022-08-19,CU0335,SP013,ST004,PR030,1,149,15,126.65,Cash,Completed,,,
TXN000858,2023-02-23,CU0454,SP003,ST012,PR036,3,249,10,672.3,Online Transfer,Completed,,,
TXN004480,2022-04-19,CU0338,SP015,ST006,PR022,4,89,10,320.4,Credit Card,Completed,,,
TXN006022,2023-12-15,CU0249,SP012,ST001,PR035,3,49,0,147,Credit Card,Returned,,,
TXN003997,2022-08-25,CU0058,SP001,ST001,PR005,1,129,15,109.65,Credit Card,Completed,,,
TXN000070,2023-05-12,CU0151,SP013,ST008,PR006,1,79,10,71.1,Gift Card,Completed,,,
TXN002099,2023-08-25,CU0546,SP013,ST010,PR005,2,129,0,258,Gift Card,Completed,,,
TXN003360,2022-10-25,CU0004,SP006,ST012,PR031,2,399,10,718.2,Cash,Completed,,,
TXN006076,2024-04-15,CU0019,SP013,ST011,PR027,1,129,0,129,Cash,Cancelled,,,
TXN006490,2024-03-06,CU0288,SP008,ST006,PR027,2,129,0,258,Debit Card,Returned,,,
TXN006482,2022-07-13,CU0572,SP008,ST003,PR014,1,139,15,118.15,Credit Card,Returned,,,
TXN007318,2023-12-02,CU0334,SP001,ST007,PR029,3,169,10,456.3,Cash,Completed,,,
TXN000503,2024-04-30,CU0154,SP007,ST011,PR004,1,299,0,299,Gift Card,Returned,,,
TXN007850,2023-02-26,CU0334,SP008,ST009,PR011,2,499,10,898.2,Credit Card,Returned,,,
TXN001270,2023-01-31,CU0609,SP013,ST009,PR018,3,59,10,159.3,Credit Card,Completed,,,
TXN004953,2023-01-11,CU0151,SP015,ST006,PR030,2,149,0,298,Online Transfer,Completed,,,
TXN000752,2023-12-22,CU0311,SP002,ST009,PR008,2,449,0,898,Debit Card,Returned,,,
TXN005359,2022-01-28,CU0028,SP008,ST003,PR015,2,59,10,106.2,Credit Card,Completed,,,
TXN003440,2022-04-11,CU0347,SP010,ST003,PR012,2,29,10,52.2,Credit Card,Cancelled,,,
TXN005561,2022-05-31,CU0604,SP009,ST004,PR006,2,79,0,158,Credit Card,Completed,,,
TXN004847,2022-10-13,CU0354,SP006,ST005,PR016,3,49,0,147,Online Transfer,Completed,,,
TXN000555,2022-03-21,CU0054,SP003,ST009,PR033,1,119,10,107.1,Debit Card,Completed,,,
TXN001920,2022-01-02,CU0063,SP001,ST008,PR037,1,289,0,289,Cash,Completed,,,
TXN005546,2022-07-08,CU0574,SP004,ST010,PR027,2,129,20,206.4,Debit Card,Completed,,,
TXN003316,2023-09-16,CU0099,SP006,ST005,PR029,1,169,10,159.26,Cash,Completed,,,
TXN003268,2024-06-15,CU0578,SP015,ST006,PR010,2,199,0,398,Credit Card,Completed,,,
TXN003956,2024-05-29,CU0059,SP001,ST012,PR028,1,89,5,84.55,Debit Card,Completed,,,
TXN005664,2024-05-20,,SP009,ST009,PR023,2,179,10,322.2,Credit Card,Completed,,,
TXN006196,2023-11-03,CU0577,SP010,ST012,PR020,1,159,5,151.05,Debit Card,Completed,,,
TXN008383,2022-03-22,CU0211,SP003,ST010,PR003,1,549,0,549,Cash,Completed,,,
TXN008364,2023-03-21,CU0379,SP012,ST009,PR031,1,399,10,359.1,Credit Card,Completed,,,
TXN002633,2023-01-09,CU0556,SP012,ST006,PR033,2,119,0,238,Debit Card,Completed,,,
TXN002580,2023-02-17,CU0283,SP008,ST007,PR030,2,149,0,298,Credit Card,Completed,,,
TXN006987,2024-04-03,CU0360,SP014,ST010,PR007,1,699,0,699,Cash,Completed,,,
TXN002862,2022-11-04,CU0510,SP001,ST012,PR013,1,89,10,80.1,Online Transfer,Completed,,,
TXN005028,2023-12-30,CU0030,SP013,ST005,PR023,2,179,15,304.3,Cash,Cancelled,,,
TXN004472,2022-12-08,CU0531,SP010,ST004,PR009,1,379,10,341.1,Debit Card,Completed,,,
TXN002186,2022-08-23,CU0345,SP014,ST011,PR040,2,22,20,35.2,Credit Card,Completed,,,
TXN005478,2023-01-18,CU0378,SP002,ST005,PR005,2,129,5,245.1,Online Transfer,Completed,,,
TXN001824,2022-02-18,CU0166,SP015,ST001,PR008,1,449,10,404.1,Online Transfer,Returned,,,
TXN002866,2023-03-29,CU0513,SP015,ST010,PR024,1,45,20,36,Debit Card,Completed,,,
TXN002743,2022-02-11,CU0518,SP010,ST002,PR030,1,149,0,149,Credit Card,Completed,,,
TXN007628,2023-10-31,CU0409,SP007,ST009,PR025,1,65,0,65,Credit Card,Completed,,,
TXN005214,2022-07-28,CU0386,SP013,ST003,PR019,2,119,5,226.1,Gift Card,Cancelled,,,
TXN005817,2023-07-11,CU0059,SP007,ST010,PR019,1,119,20,95.2,Cash,Returned,,,
TXN006960,2023-04-13,CU0570,SP003,ST006,PR023,4,179,0,806.83,Debit Card,Completed,,,
TXN000249,2022-09-06,CU0056,SP015,ST011,PR040,3,22,0,66,Debit Card,Completed,,,
TXN001107,2023-01-13,CU0316,SP010,ST002,PR018,2,59,5,112.1,Debit Card,Completed,,,
TXN007157,2023-11-22,CU0175,SP014,ST001,PR023,1,179,5,186.92,Debit Card,Completed,,,
TXN005224,2023-07-10,CU0339,SP013,ST001,PR020,2,159,0,318,Online Transfer,Completed,,,
TXN004074,2022-10-20,CU0170,SP011,ST008,PR023,3,179,0,537,Credit Card,Completed,,,
TXN003614,2024-02-22,CU0453,SP008,ST005,PR019,1,119,0,119,Cash,Completed,,,
TXN006509,2022-05-08,CU0193,SP011,ST009,PR023,1,179,5,170.05,Credit Card,Completed,,,
TXN002382,2023-04-07,CU0229,SP015,ST011,PR022,2,89,15,151.3,Debit Card,Completed,,,
TXN008866,2022-07-25,CU0210,SP006,ST012,PR004,1,299,5,284.05,Credit Card,Completed,,,
TXN007676,2023-10-22,CU0099,SP003,ST002,PR033,3,119,15,303.45,Debit Card,Completed,,,
TXN000378,2023-09-28,CU0059,SP012,ST004,PR029,2,169,0,338,Credit Card,Completed,,,
TXN008448,2023-07-05,CU0054,SP005,ST003,PR027,3,129,10,348.3,Credit Card,Completed,,,
TXN001274,2022-09-30,CU0126,SP015,ST005,PR003,1,549,5,521.55,Cash,Completed,,,
TXN000952,2022-12-15,CU0122,SP002,ST005,PR032,2,69,0,138,Cash,Completed,,,
TXN002931,2023-12-26,CU0309,SP014,ST001,PR030,1,149,5,141.55,Debit Card,Completed,,,
TXN004954,2024-04-23,CU0480,SP008,ST011,PR035,1,49,20,39.2,Debit Card,Completed,,,
TXN003323,2022-12-26,CU0420,SP005,ST008,PR038,1,39,5,37.05,Debit Card,Returned,,,
TXN002768,2024-06-04,CU0591,SP005,ST007,PR009,1,379,15,322.15,Debit Card,Completed,,,
TXN000961,2022-10-13,CU0220,SP015,ST012,PR033,3,119,0,357,Debit Card,Cancelled,,,
TXN005307,2023-05-22,CU0108,SP004,ST011,PR019,2,119,20,190.4,Gift Card,Cancelled,,,
TXN007056,2022-11-10,CU0569,SP011,ST001,PR006,1,79,0,79,Debit Card,Completed,,,
TXN007543,2022-02-11,CU0341,SP009,ST011,PR025,2,65,0,130,Online Transfer,Completed,,,
TXN000125,2023-10-08,CU0042,SP009,ST006,PR039,2,28,0,56,Debit Card,Completed,,,
TXN005045,2022-02-27,CU0091,SP010,ST004,PR012,1,29,0,29,Online Transfer,Completed,,,
TXN000154,2024-06-30,CU0607,SP005,ST004,PR034,1,79,10,71.1,Credit Card,Completed,,,
TXN007346,2022-12-27,,SP015,ST012,PR022,1,89,20,71.2,Debit Card,Returned,,,
TXN007209,2023-05-02,CU0249,SP015,ST007,PR030,2,149,0,298,Debit Card,Completed,,,
TXN005509,2022-12-20,CU0557,SP002,ST012,PR038,1,39,10,35.1,Credit Card,Completed,,,
TXN003576,2022-10-19,CU0053,SP011,ST006,PR031,3,399,0,1197,Credit Card,Cancelled,,,
TXN003854,2023-03-23,CU0319,SP015,ST003,PR001,1,999,5,949.05,Debit Card,Returned,,,
TXN005257,2022-06-19,CU0254,SP002,ST001,PR022,2,89,5,169.1,Cash,Completed,,,
TXN008511,2023-05-07,CU0098,SP011,ST008,PR035,1,49,15,41.65,Cash,Cancelled,,,
TXN006493,2023-04-07,CU0040,SP011,ST003,PR011,1,499,0,499,Credit Card,Returned,,,
TXN003219,2022-07-05,CU0254,SP005,ST002,PR006,1,79,5,75.05,Cash,Returned,,,
TXN006633,2022-04-01,CU0210,SP002,ST006,PR039,1,28,5,26.6,Credit Card,Completed,,,
TXN005715,2023-11-03,CU0589,SP009,ST012,PR040,2,22,5,41.8,Credit Card,Completed,,,
TXN000684,2023-06-18,CU0106,SP013,ST011,PR025,1,65,10,58.5,Credit Card,Cancelled,,,
TXN001012,2023-10-28,CU0533,SP003,ST011,PR036,2,249,5,473.1,Online Transfer,Returned,,,
TXN008304,2023-12-31,CU0084,SP015,ST006,PR039,2,28,0,56,Debit Card,Completed,,,
TXN003232,2023-04-16,CU0332,SP004,ST012,PR019,3,119,0,357,Online Transfer,Completed,,,
TXN002181,2024-03-05,CU0148,SP012,ST010,PR018,2,59,10,106.2,Credit Card,Returned,,,
TXN001405,2022-04-14,CU0515,SP006,ST008,PR017,1,99,0,99,Online Transfer,Completed,,,
TXN008891,2024-04-30,CU0030,SP002,ST006,PR024,4,45,10,162,Online Transfer,Completed,,,
TXN002956,2023-10-15,CU0043,SP011,ST005,PR037,2,289,10,520.2,Debit Card,Completed,,,
TXN000427,2023-05-15,CU0214,SP014,ST010,PR031,2,399,5,758.1,Debit Card,Cancelled,,,
TXN004025,2024-01-21,CU0139,SP005,ST005,PR023,1,179,10,161.1,Credit Card,Completed,,,
TXN008495,2022-10-04,CU0017,SP007,ST008,PR036,1,249,15,211.65,Credit Card,Returned,,,
TXN000484,2022-10-27,CU0408,SP008,ST011,PR006,1,79,5,75.05,Credit Card,Completed,,,
TXN001910,2023-11-11,CU0424,SP002,ST008,PR035,2,49,0,98,Gift Card,Completed,,,
TXN001298,2024-03-01,CU0576,SP006,ST003,PR001,1,999,0,999,Credit Card,Completed,,,
TXN002982,2024-03-19,CU0043,SP013,ST011,PR037,3,289,0,867,Debit Card,Completed,,,
TXN006389,2023-01-30,CU0499,SP004,ST007,PR023,1,179,0,179,Online Transfer,Completed,,,
TXN004258,2022-02-20,CU0478,SP003,ST007,PR021,1,24,10,21.6,Cash,Completed,,,
TXN006897,2022-01-11,CU0058,SP003,ST007,PR012,3,29,0,98.03,Credit Card,Completed,,,
TXN007925,2024-04-21,CU0595,SP008,ST008,PR025,3,65,0,195,Gift Card,Completed,,,
TXN005713,2023-06-02,CU0009,SP006,ST009,PR023,3,179,10,483.3,Online Transfer,Returned,,,
TXN006164,2024-05-06,CU0379,SP015,ST001,PR020,2,159,10,286.2,Cash,Completed,,,
TXN002022,2022-01-10,CU0505,SP004,ST011,PR033,3,119,5,339.15,Credit Card,Returned,,,
TXN006024,2022-12-14,CU0395,SP005,ST012,PR032,3,69,10,186.3,Cash,Completed,,,
TXN006120,2024-06-11,CU0153,SP005,ST001,PR033,1,119,0,119,Cash,Completed,,,
TXN002549,2023-04-22,CU0225,SP008,ST011,PR009,1,379,20,303.2,Credit Card,Completed,,,
TXN006261,2022-05-02,CU0367,SP002,ST004,PR003,1,549,5,521.55,Cash,Completed,,,
TXN006795,2023-12-13,CU0052,SP001,ST003,PR023,1,179,5,170.05,Cash,Completed,,,
TXN004542,2022-09-05,CU0035,SP001,ST003,PR022,1,89,5,84.55,Online Transfer,Cancelled,,,
TXN000742,2022-05-28,CU0179,SP007,ST005,PR036,1,249,0,249,Credit Card,Completed,,,
TXN004584,2023-04-03,CU0463,SP004,ST010,PR021,2,24,10,43.2,Debit Card,Returned,,,
TXN002439,2022-03-12,CU0005,SP002,ST010,PR038,1,39,20,31.2,Gift Card,Returned,,,
TXN003436,2023-11-13,CU0325,SP005,ST003,PR032,2,69,10,124.2,Gift Card,Completed,,,
TXN005974,2023-07-13,CU0400,SP006,ST003,PR009,1,379,0,379,Credit Card,Returned,,,
TXN001648,2022-02-26,CU0240,SP006,ST004,PR002,2,749,10,1348.2,Gift Card,Completed,,,
TXN008433,2022-03-26,CU0250,SP015,ST001,PR001,1,999,20,882.6,Debit Card,Completed,,,
TXN001651,2023-04-05,CU0419,SP002,ST009,PR019,1,119,10,107.1,Online Transfer,Completed,,,
TXN006487,2022-07-27,CU0492,SP008,ST006,PR040,2,22,0,44,Debit Card,Completed,,,
TXN001190,2023-10-25,CU0380,SP005,ST002,PR029,2,169,0,338,Credit Card,Cancelled,,,
TXN008186,2023-08-05,CU0604,SP003,ST012,PR039,1,28,0,28,Credit Card,Returned,,,
TXN006812,2022-04-26,CU0161,SP008,ST005,PR001,2,999,0,1998,Debit Card,Completed,,,
TXN003886,2023-07-18,CU0304,SP003,ST009,PR035,1,49,10,44.1,Credit Card,Completed,,,
TXN008373,2022-06-10,CU0198,SP007,ST002,PR010,1,199,0,215.72,Credit Card,Cancelled,,,
TXN006504,2022-08-21,CU0290,SP012,ST007,PR021,2,24,5,45.6,Cash,Completed,,,
TXN003637,2023-12-11,CU0290,SP015,ST012,PR003,3,549,10,1482.3,Credit Card,Returned,,,
TXN007708,2024-02-11,CU0073,SP003,ST006,PR016,1,49,20,39.2,Online Transfer,Completed,,,
TXN004827,2022-12-22,CU0581,SP008,ST009,PR026,2,189,10,340.2,Credit Card,Returned,,,
TXN000447,2022-11-10,,SP006,ST011,PR034,1,79,0,79,Credit Card,Completed,,,
TXN003892,2023-10-11,CU0287,SP013,ST008,PR038,4,39,0,156,Online Transfer,Completed,,,
TXN002128,2023-11-29,CU0433,SP008,ST007,PR026,2,189,20,302.4,Credit Card,Completed,,,
TXN005196,2022-02-01,CU0551,SP008,ST010,PR038,2,39,10,70.2,Online Transfer,Completed,,,
TXN003984,2024-06-17,CU0037,SP015,ST006,PR038,3,39,0,117,Debit Card,Completed,,,
TXN003448,2022-01-05,CU0220,SP008,ST001,PR005,2,129,15,219.3,Debit Card,Cancelled,,,
TXN008702,2023-09-20,CU0363,SP010,ST002,PR017,2,99,10,178.2,Credit Card,Completed,,,
TXN006847,2024-03-30,CU0039,SP007,ST005,PR038,3,39,15,99.45,Debit Card,Completed,,,
TXN002523,2024-01-06,CU0048,SP001,ST002,PR020,2,159,0,318,Cash,Completed,,,
TXN001443,2022-04-25,CU0243,SP014,ST006,PR023,4,179,0,716,Credit Card,Completed,,,
TXN006274,2023-12-11,CU0277,SP005,ST006,PR007,1,699,20,559.2,Debit Card,Completed,,,
TXN007825,2024-01-29,CU0308,SP002,ST004,PR003,1,549,5,484.25,Credit Card,Completed,,,
TXN004222,2023-07-28,CU0228,SP008,ST002,PR013,1,89,0,89,Credit Card,Completed,,,
TXN004973,2024-01-15,CU0474,SP003,ST003,PR040,2,22,20,35.2,Gift Card,Completed,,,
TXN005368,2022-07-06,,SP005,ST002,PR017,1,99,0,99,Debit Card,Completed,,,
TXN006774,2022-05-05,CU0554,SP015,ST002,PR006,2,79,10,142.2,Credit Card,Completed,,,
TXN005345,2023-11-03,CU0205,SP007,ST002,PR014,1,139,0,139,Cash,Completed,,,
TXN004400,2023-03-03,CU0147,SP008,ST006,PR025,2,65,10,117,Credit Card,Completed,,,
TXN008616,2022-03-15,CU0492,SP007,ST011,PR032,3,69,5,196.65,Credit Card,Completed,,,
TXN002737,2022-06-19,CU0377,SP007,ST002,PR013,1,89,0,89,Online Transfer,Completed,,,
TXN006229,2022-04-07,CU0334,SP015,ST003,PR027,1,129,0,129,Credit Card,Cancelled,,,
TXN003146,2023-08-15,CU0592,SP005,ST002,PR034,1,79,10,71.1,Cash,Completed,,,
TXN001248,2024-06-06,CU0099,SP009,ST003,PR009,2,379,0,684.69,Credit Card,Completed,,,
TXN002052,2024-03-05,CU0295,SP003,ST005,PR013,1,89,10,80.1,Gift Card,Completed,,,
TXN008031,2023-02-16,CU0266,SP003,ST011,PR013,1,89,5,84.55,Gift Card,Completed,,,
TXN003706,2022-11-09,CU0175,SP010,ST005,PR003,2,549,15,933.3,Debit Card,Completed,,,
TXN005005,2023-03-09,CU0322,SP004,ST001,PR025,1,65,0,65,Debit Card,Completed,,,
TXN000657,2022-07-23,CU0390,SP010,ST002,PR005,1,129,20,103.2,Credit Card,Completed,,,
TXN006475,2024-05-28,CU0057,SP012,ST007,PR038,3,39,15,99.45,Gift Card,Completed,,,
TXN004601,2024-05-31,CU0577,SP008,ST004,PR031,3,399,0,1197,Cash,Returned,,,
TXN006065,2022-02-15,CU0606,SP013,ST004,PR030,2,149,5,283.1,Credit Card,Completed,,,
TXN000280,2023-01-25,CU0002,SP005,ST001,PR025,1,65,10,58.5,Debit Card,Completed,,,
TXN008662,2022-01-21,CU0171,SP013,ST005,PR032,1,69,0,69,Online Transfer,Returned,,,
TXN005632,2022-07-02,CU0592,SP002,ST003,PR025,2,65,20,104,Credit Card,Completed,,,
TXN006349,2023-07-23,CU0533,SP011,ST005,PR024,2,45,10,86.14,Debit Card,Completed,,,
TXN007447,2024-03-28,CU0226,SP003,ST009,PR022,3,89,10,240.3,Credit Card,Cancelled,,,
TXN003772,2024-02-17,CU0285,SP001,ST007,PR025,5,65,0,325,Credit Card,Cancelled,,,
TXN002363,2024-02-04,CU0204,SP010,ST006,PR003,1,549,0,549,Online Transfer,Completed,,,
TXN005529,2022-07-12,CU0102,SP005,ST002,PR014,2,139,10,250.2,Gift Card,Completed,,,
TXN007815,2022-06-23,CU0597,SP006,ST012,PR014,1,139,0,139,Cash,Completed,,,
TXN006060,2024-03-27,CU0028,SP001,ST010,PR023,1,179,5,170.05,Cash,Completed,,,
TXN001998,2022-02-15,CU0250,SP014,ST009,PR027,1,129,0,129,Online Transfer,Completed,,,
TXN004342,2022-04-05,CU0463,SP001,ST011,PR003,1,549,15,466.65,Credit Card,Completed,,,
TXN008349,2022-04-09,CU0421,SP015,ST003,PR009,1,379,0,379,Credit Card,Completed,,,
TXN004052,2022-12-29,,SP011,ST001,PR027,1,129,0,129,Credit Card,Completed,,,
TXN006535,2022-07-23,CU0185,SP006,ST011,PR024,4,45,20,144,Debit Card,Completed,,,
TXN007600,2022-09-24,CU0465,SP006,ST004,PR036,1,249,10,224.1,Credit Card,Returned,,,
TXN001718,2022-07-29,CU0560,SP011,ST008,PR003,1,549,5,521.55,Debit Card,Returned,,,
TXN004825,2022-12-03,CU0454,SP005,ST008,PR036,3,249,20,597.6,Debit Card,Completed,,,
TXN007712,2022-04-19,CU0104,SP012,ST007,PR030,1,149,10,134.1,Credit Card,Returned,,,
TXN003009,2022-02-03,CU0055,SP001,ST010,PR012,3,29,15,82.15,Gift Card,Completed,,,
TXN008346,2024-02-03,CU0293,SP010,ST012,PR010,1,199,10,179.1,Debit Card,Completed,,,
TXN000127,2023-08-06,CU0079,SP015,ST001,PR022,2,89,10,160.2,Cash,Completed,,,
TXN005783,2023-08-19,CU0410,SP010,ST009,PR005,2,129,0,258,Gift Card,Completed,,,
TXN005677,2023-11-01,CU0175,SP007,ST009,PR016,2,49,5,93.1,Credit Card,Returned,,,
TXN003148,2022-02-07,CU0397,SP014,ST003,PR034,2,79,5,150.1,Online Transfer,Completed,,,
TXN004187,2022-12-18,CU0468,SP011,ST001,PR030,2,149,0,298,Debit Card,Completed,,,
TXN008048,2024-02-21,CU0455,SP006,ST002,PR019,1,119,10,107.1,Online Transfer,Completed,,,
TXN008226,2022-03-21,CU0138,SP015,ST004,PR021,1,24,15,20.4,Credit Card,Completed,,,
TXN001333,2022-02-18,CU0573,SP010,ST005,PR019,1,119,10,107.1,Cash,Completed,,,
TXN001286,2023-06-15,CU0181,SP015,ST012,PR002,1,749,20,599.2,Online Transfer,Completed,,,
TXN007943,2022-07-12,CU0245,SP006,ST001,PR039,3,28,0,84,Cash,Completed,,,
TXN005358,2022-05-30,CU0427,SP006,ST007,PR008,1,449,10,404.1,Debit Card,Completed,,,
TXN005871,2023-09-18,CU0258,SP015,ST010,PR009,1,379,10,341.1,Debit Card,Completed,,,
TXN004091,2024-02-20,CU0267,SP014,ST007,PR002,1,749,5,711.55,Cash,Completed,,,
TXN008552,2022-08-29,,SP012,ST012,PR030,1,149,0,149,Debit Card,Completed,,,
TXN008896,2022-12-07,CU0249,SP007,ST010,PR013,1,89,10,80.1,Credit Card,Completed,,,
TXN003477,2022-08-24,CU0080,SP008,ST001,PR032,1,69,20,55.2,Credit Card,Returned,,,
TXN007308,2022-06-24,CU0047,SP005,ST008,PR018,3,59,10,159.3,Credit Card,Completed,,,
TXN000104,2023-02-07,CU0585,SP004,ST001,PR038,3,39,20,93.6,Online Transfer,Cancelled,,,
TXN000874,2023-01-27,CU0383,SP001,ST006,PR021,3,24,0,72,Cash,Completed,,,
TXN006730,2023-10-13,CU0164,SP004,ST006,PR035,2,49,5,93.1,Credit Card,Completed,,,
TXN002198,2023-11-24,CU0239,SP014,ST002,PR026,1,189,0,189,Credit Card,Completed,,,
TXN005355,2024-01-09,CU0368,SP011,ST009,PR009,1,379,10,341.1,Credit Card,Completed,,,
TXN008132,2023-08-04,CU0472,SP013,ST006,PR016,1,49,15,41.65,Cash,Completed,,,
TXN001138,2024-04-25,CU0282,SP009,ST009,PR007,1,699,20,559.2,Online Transfer,Completed,,,
TXN002824,2023-06-13,,SP015,ST012,PR037,1,289,0,289,Online Transfer,Completed,,,
TXN004157,2022-09-09,CU0562,SP012,ST011,PR033,4,119,10,428.4,Credit Card,Completed,,,
TXN003325,2023-07-18,CU0051,SP009,ST009,PR003,1,549,5,521.55,Debit Card,Completed,,,
TXN001364,2024-05-01,CU0336,SP013,ST012,PR039,2,28,5,53.2,Debit Card,Completed,,,
TXN008220,2024-02-03,CU0160,SP012,ST012,PR001,1,999,10,899.1,Debit Card,Returned,,,
TXN000689,2022-08-15,CU0273,SP002,ST012,PR021,2,24,20,38.4,Debit Card,Returned,,,
TXN007595,2023-05-01,CU0359,SP001,ST009,PR014,1,139,10,125.1,Credit Card,Completed,,,
TXN006495,2022-03-16,CU0601,SP014,ST002,PR030,2,149,15,253.3,Cash,Cancelled,,,
TXN005881,2023-08-03,CU0384,SP012,ST006,PR021,5,24,0,120,Online Transfer,Completed,,,
TXN005492,2022-01-07,CU0186,SP015,ST010,PR018,1,59,0,59,Online Transfer,Cancelled,,,
TXN005960,2023-11-27,CU0518,SP007,ST010,PR032,1,69,5,56.25,Online Transfer,Cancelled,,,
TXN002133,2022-10-02,CU0365,SP013,ST006,PR004,1,299,10,269.1,Credit Card,Returned,,,
TXN006714,2023-01-18,CU0475,SP012,ST001,PR007,1,699,0,699,Debit Card,Completed,,,
TXN004438,2023-12-09,CU0321,SP015,ST005,PR036,1,249,5,236.55,Credit Card,Completed,,,
TXN006353,2022-11-17,CU0542,SP004,ST006,PR002,2,749,5,1423.1,Online Transfer,Completed,,,
TXN005911,2023-03-06,CU0166,SP008,ST001,PR036,1,249,5,236.55,Gift Card,Completed,,,
TXN008864,2024-01-21,CU0391,SP004,ST001,PR020,1,159,0,159,Gift Card,Cancelled,,,
TXN003176,2022-03-03,CU0177,SP014,ST009,PR019,2,119,10,214.2,Cash,Completed,,,
TXN002091,2024-06-07,CU0566,SP010,ST002,PR013,2,89,15,151.3,Credit Card,Completed,,,
TXN001894,2023-04-15,,SP004,ST011,PR025,1,65,5,61.75,Cash,Completed,,,
TXN003960,2024-02-20,CU0513,SP008,ST009,PR009,1,379,15,322.15,Credit Card,Completed,,,
TXN001930,2023-09-07,CU0291,SP010,ST007,PR021,1,24,5,22.8,Gift Card,Returned,,,
TXN008021,2024-01-26,CU0546,SP001,ST010,PR032,3,69,15,175.95,Cash,Completed,,,
TXN001015,2022-12-19,CU0075,SP015,ST004,PR001,1,999,10,899.1,Online Transfer,Completed,,,
TXN002234,2024-03-17,CU0471,SP005,ST012,PR035,4,49,5,186.2,Credit Card,Cancelled,,,
TXN003468,2022-03-18,CU0557,SP005,ST005,PR029,2,169,0,338,Credit Card,Completed,,,
TXN001504,2023-06-28,CU0256,SP001,ST011,PR019,1,119,5,113.05,Online Transfer,Completed,,,
TXN008134,2023-06-03,CU0606,SP005,ST003,PR017,1,99,0,99,Credit Card,Completed,,,
TXN006111,2022-08-20,CU0310,SP006,ST004,PR016,1,49,10,44.1,Credit Card,Returned,,,
TXN004787,2023-06-26,CU0032,SP005,ST007,PR018,3,59,0,177,Credit Card,Completed,,,
TXN007891,2022-12-11,CU0362,SP006,ST003,PR032,3,69,0,207,Online Transfer,Completed,,,
TXN008570,2022-10-07,CU0296,SP014,ST009,PR024,1,45,0,45,Cash,Cancelled,,,
TXN005973,2024-01-01,CU0439,,ST005,PR017,1,99,0,99,Online Transfer,Completed,,,
TXN004873,2023-05-21,CU0557,SP013,ST002,PR031,2,399,0,798,Debit Card,Completed,,,
TXN007287,2023-10-28,CU0053,SP004,ST006,PR020,1,159,0,159,Credit Card,Completed,,,
TXN004410,2023-12-25,CU0161,SP015,ST012,PR005,1,129,0,129,Online Transfer,Completed,,,
TXN008767,2023-02-27,CU0098,SP005,ST012,PR007,2,699,5,1328.1,Credit Card,Completed,,,
TXN006069,2022-01-14,CU0091,SP012,ST007,PR036,1,249,10,224.1,Credit Card,Completed,,,
TXN008085,2024-03-01,CU0017,SP012,ST009,PR021,1,24,5,22.18,Online Transfer,Completed,,,
TXN005922,2022-08-25,CU0110,SP011,ST003,PR009,1,379,15,322.15,Online Transfer,Cancelled,,,
TXN002047,2022-09-05,CU0391,SP007,ST010,PR027,4,129,20,412.8,Credit Card,Completed,,,
TXN008091,2022-12-15,CU0413,SP007,ST002,PR031,1,399,5,379.05,Online Transfer,Completed,,,
TXN004179,2022-05-14,CU0183,SP012,ST005,PR017,2,99,5,188.1,Cash,Completed,,,
TXN007096,2023-07-17,CU0068,SP007,ST007,PR027,4,129,0,516,Credit Card,Completed,,,
TXN000160,2023-10-14,CU0451,SP012,ST008,PR030,1,149,0,149,Credit Card,Cancelled,,,
TXN004491,2023-06-23,CU0312,SP006,ST009,PR026,2,189,20,302.4,Debit Card,Cancelled,,,
TXN005397,2024-03-26,CU0312,SP004,ST007,PR024,4,45,0,180,Credit Card,Cancelled,,,
TXN003985,2022-04-29,CU0018,SP001,ST005,PR017,2,99,20,158.4,Debit Card,Completed,,,
TXN006042,2024-03-13,CU0449,SP008,ST007,PR001,2,999,0,1998,Credit Card,Completed,,,
TXN004094,2022-09-24,,SP004,ST005,PR038,1,39,0,39,Credit Card,Completed,,,
TXN007312,2022-12-20,CU0462,SP013,ST007,PR004,1,299,0,299,Credit Card,Completed,,,
TXN008668,2023-04-12,CU0608,SP012,ST005,PR039,1,28,10,25.2,Credit Card,Completed,,,
TXN007119,2023-12-20,CU0347,SP005,ST012,PR003,2,549,0,1098,Credit Card,Completed,,,
TXN001499,2024-04-29,CU0164,SP010,ST001,PR026,1,189,0,189,Gift Card,Completed,,,
TXN000988,2022-09-04,CU0203,SP008,ST004,PR007,1,699,0,699,Debit Card,Completed,,,
TXN003528,2023-01-01,CU0294,SP015,ST003,PR023,1,179,0,179,Debit Card,Completed,,,
TXN006093,2023-06-30,CU0498,SP001,ST007,PR026,2,189,15,321.3,Online Transfer,Completed,,,
TXN004714,2024-04-18,CU0287,SP003,ST003,PR025,4,65,10,234,Credit Card,Completed,,,
TXN007264,2023-01-04,CU0039,SP004,ST003,PR019,4,119,0,476,Credit Card,Cancelled,,,
TXN004667,2023-08-03,CU0414,SP002,ST005,PR032,2,69,20,110.4,Debit Card,Completed,,,
TXN002788,2024-01-13,CU0577,SP002,ST008,PR015,1,59,0,59,Credit Card,Completed,,,
TXN006358,2024-02-19,CU0508,SP008,ST011,PR027,1,129,0,129,Debit Card,Cancelled,,,
TXN005630,2024-03-05,CU0161,SP014,ST003,PR025,2,65,10,117,Credit Card,Completed,,,
TXN008810,2023-03-17,,SP007,ST003,PR018,1,59,5,56.05,Online Transfer,Completed,,,
TXN000606,2023-08-08,CU0163,SP013,ST012,PR040,2,22,5,41.8,Debit Card,Completed,,,
TXN005784,2022-07-16,CU0214,SP001,ST010,PR026,1,189,10,170.1,Cash,Completed,,,
TXN004397,2023-05-20,CU0015,SP007,ST010,PR032,1,69,15,58.65,Credit Card,Completed,,,
TXN001779,2022-09-09,CU0359,SP002,ST008,PR015,1,59,5,56.05,Debit Card,Returned,,,
TXN007019,2023-01-29,CU0131,SP009,ST008,PR030,4,149,0,596,Online Transfer,Completed,,,
TXN002995,2022-09-17,CU0441,SP007,ST007,PR006,1,79,5,75.05,Cash,Completed,,,
TXN002265,2022-06-07,CU0576,SP011,ST007,PR022,1,89,10,80.1,Debit Card,Completed,,,
TXN004215,2023-11-29,CU0596,SP002,ST007,PR025,4,65,0,260,Online Transfer,Completed,,,
TXN006999,2024-04-17,CU0343,SP013,ST005,PR035,2,49,10,88.2,Credit Card,Completed,,,
TXN001230,2023-01-18,CU0349,SP003,ST001,PR017,1,99,0,99,Debit Card,Completed,,,
TXN000412,2022-06-21,CU0524,SP005,ST010,PR019,2,119,15,202.3,Credit Card,Completed,,,
TXN007328,2022-04-08,CU0339,SP001,ST012,PR032,2,69,0,138,Debit Card,Completed,,,
TXN006536,2022-01-09,CU0027,SP002,ST002,PR019,1,119,10,107.1,Credit Card,Completed,,,
TXN007735,2024-04-22,CU0428,SP002,ST004,PR026,2,189,15,321.3,Credit Card,Completed,,,
TXN001164,2022-02-24,CU0258,SP004,ST012,PR031,1,399,0,399,Cash,Returned,,,
TXN001117,2022-12-05,CU0026,SP013,ST002,PR033,1,119,20,95.2,Debit Card,Completed,,,
TXN007822,2024-04-02,CU0438,SP012,ST005,PR017,1,99,10,89.1,Debit Card,Returned,,,
TXN004466,2023-05-24,CU0110,SP011,ST012,PR013,1,89,5,90.96,Credit Card,Returned,,,
TXN006296,2023-07-22,CU0280,SP004,ST006,PR037,2,289,0,578,Credit Card,Completed,,,
TXN007084,2024-06-18,CU0529,SP010,ST006,PR023,1,179,0,179,Debit Card,Completed,,,
TXN000514,2023-01-24,CU0181,SP009,ST012,PR025,4,65,0,260,Debit Card,Completed,,,
TXN004638,2022-11-21,CU0310,SP012,ST002,PR015,1,59,0,59,Credit Card,Completed,,,
TXN006745,2024-01-01,CU0057,SP006,ST005,PR030,1,149,20,119.2,Cash,Returned,,,
TXN006794,2023-02-21,CU0309,SP005,ST007,PR035,1,49,10,44.1,Cash,Completed,,,
TXN001965,2024-04-29,CU0321,SP004,ST003,PR002,1,749,10,674.1,Debit Card,Completed,,,
TXN003030,2023-04-06,CU0340,SP002,ST008,PR035,1,49,0,49,Credit Card,Completed,,,
TXN007392,2024-01-08,CU0474,SP015,ST005,PR005,1,129,15,109.65,Cash,Completed,,,
TXN004898,2023-12-18,CU0560,SP001,ST002,PR034,1,79,10,71.1,Credit Card,Completed,,,
TXN004810,2023-05-08,CU0442,SP005,ST004,PR017,3,99,0,297,Debit Card,Completed,,,
TXN008269,2023-08-04,CU0496,SP004,ST001,PR026,4,189,0,756,Cash,Completed,,,
TXN007907,2022-04-23,CU0033,SP013,ST002,PR012,2,29,15,49.3,Credit Card,Completed,,,
TXN000225,2022-04-06,CU0567,SP003,ST001,PR034,2,79,0,158,Credit Card,Returned,,,
TXN000933,2023-05-20,CU0061,SP007,ST004,PR025,1,65,15,55.25,Credit Card,Returned,,,
TXN003052,2022-11-13,CU0151,SP013,ST002,PR022,2,89,0,178,Credit Card,Completed,,,
TXN000113,2022-02-15,CU0512,SP014,ST005,PR031,3,399,5,1137.15,Credit Card,Completed,,,
TXN006562,2024-01-08,CU0218,SP009,ST005,PR030,1,149,0,149,Online Transfer,Completed,,,
TXN000073,2024-04-08,CU0560,SP001,ST001,PR040,3,22,0,66,Debit Card,Returned,,,
TXN002892,2024-01-14,CU0295,SP011,ST012,PR035,3,49,10,132.3,Debit Card,Completed,,,
TXN001791,2022-05-12,CU0466,SP014,ST001,PR019,2,119,0,238,Debit Card,Completed,,,
TXN003227,2022-06-12,CU0537,SP012,ST003,PR009,1,379,5,360.05,Debit Card,Cancelled,,,
TXN007607,2022-10-15,CU0489,SP005,ST008,PR024,2,45,15,76.5,Cash,Returned,,,
TXN001119,2023-08-11,,SP004,ST011,PR040,1,22,0,22,Cash,Completed,,,
TXN008948,2023-12-15,CU0426,SP003,ST007,PR022,2,89,0,178,Cash,Cancelled,,,
TXN002566,2022-07-28,CU0386,SP004,ST011,PR030,1,149,10,134.1,Debit Card,Completed,,,
TXN000634,2023-05-15,,SP015,ST009,PR021,1,24,0,24,Cash,Completed,,,
TXN003133,2024-05-28,CU0220,SP009,ST009,PR005,1,129,0,129,Cash,Returned,,,
TXN004204,2023-11-15,CU0462,SP004,ST009,PR031,2,399,0,798,Online Transfer,Completed,,,
TXN005237,2024-04-04,CU0579,SP007,ST004,PR009,1,379,0,379,Credit Card,Cancelled,,,
TXN004910,2022-06-30,CU0476,SP001,ST011,PR033,1,119,15,101.15,Cash,Completed,,,
TXN007013,2023-03-11,CU0039,SP012,ST011,PR003,1,549,15,466.65,Cash,Completed,,,
TXN001612,2022-05-23,CU0467,SP001,ST005,PR027,2,129,0,258,Debit Card,Cancelled,,,
TXN004980,2024-01-29,CU0272,SP003,ST005,PR024,2,45,5,85.5,Debit Card,Completed,,,
TXN005585,2024-01-31,CU0140,SP014,ST011,PR014,3,139,0,417,Debit Card,Completed,,,
TXN005152,2023-06-15,CU0114,SP004,ST008,PR036,1,249,10,224.1,Cash,Completed,,,
TXN005465,2024-04-25,CU0006,SP014,ST003,PR011,1,499,0,499,Cash,Completed,,,
TXN005189,2024-03-29,CU0215,SP001,ST004,PR027,3,129,20,309.6,Credit Card,Returned,,,
TXN003483,2022-01-12,CU0551,SP002,ST010,PR025,3,65,10,175.5,Online Transfer,Completed,,,
TXN008789,2024-03-16,CU0011,SP003,ST010,PR002,1,749,0,749,Online Transfer,Completed,,,
TXN002835,2022-05-24,CU0452,SP002,ST009,PR033,2,119,20,190.4,Debit Card,Completed,,,
TXN006736,2022-06-07,CU0143,SP008,ST008,PR031,1,399,0,399,Gift Card,Completed,,,
TXN001871,2023-03-17,CU0150,SP003,ST006,PR018,3,59,5,168.15,Credit Card,Completed,,,
TXN007186,2023-04-24,CU0246,SP010,ST008,PR011,3,499,0,1497,Credit Card,Completed,,,
TXN001488,2022-10-29,CU0097,SP013,ST009,PR039,2,28,5,53.2,Credit Card,Returned,,,
TXN002079,2022-03-02,CU0060,SP013,ST001,PR027,1,129,5,122.55,Online Transfer,Completed,,,
TXN006329,2023-05-09,CU0166,SP012,ST003,PR037,1,289,15,245.65,Credit Card,Cancelled,,,
TXN002974,2023-10-09,CU0154,SP003,ST008,PR018,2,59,5,112.1,Debit Card,Cancelled,,,
TXN002265,2022-06-07,CU0576,SP011,ST007,PR022,1,89,10,80.1,Debit Card,Completed,,,
TXN006700,2022-09-27,CU0458,SP002,ST012,PR030,1,149,20,119.2,Credit Card,Completed,,,
TXN004503,2024-06-07,CU0107,SP011,ST008,PR002,1,749,5,711.55,Credit Card,Cancelled,,,
TXN007292,2022-11-18,CU0238,SP003,ST007,PR027,1,129,0,129,Debit Card,Completed,,,
TXN006814,2024-06-08,CU0440,SP014,ST011,PR031,4,399,5,1516.2,Debit Card,Completed,,,
TXN006054,2023-04-20,CU0019,SP012,ST001,PR026,1,189,0,189,Online Transfer,Completed,,,
TXN000882,2022-05-28,CU0202,SP002,ST010,PR018,1,59,0,59,Credit Card,Completed,,,
TXN004881,2024-05-07,CU0585,SP014,ST009,PR037,1,289,20,231.2,Cash,Completed,,,
TXN005145,2023-12-04,,SP002,ST009,PR040,1,22,10,19.8,Credit Card,Completed,,,
TXN004069,2022-04-04,CU0602,SP006,ST007,PR023,3,179,5,510.15,Cash,Completed,,,
TXN007190,2022-05-07,CU0066,SP010,ST008,PR028,1,89,15,75.65,Debit Card,Completed,,,
TXN004733,2023-02-11,CU0070,SP008,ST001,PR025,1,65,0,65,Credit Card,Completed,,,
TXN007049,2022-01-08,CU0196,SP002,ST011,PR001,1,999,0,999,Credit Card,Completed,,,
TXN001541,2022-01-07,CU0027,SP011,ST009,PR038,2,39,0,78,Cash,Completed,,,
TXN004806,2023-01-06,CU0046,SP006,ST005,PR032,3,69,10,186.3,Debit Card,Completed,,,
TXN008512,2022-03-10,CU0575,SP005,ST006,PR033,2,119,5,226.1,Credit Card,Completed,,,
TXN005035,2022-05-19,CU0309,SP003,ST004,PR001,1,999,10,899.1,Online Transfer,Completed,,,
TXN000537,2022-04-08,CU0401,SP004,ST010,PR035,2,49,10,88.2,Credit Card,Completed,,,
TXN008715,2023-09-18,,SP012,ST012,PR032,1,69,0,69,Cash,Completed,,,
TXN007899,2023-11-19,CU0042,SP009,ST001,PR018,2,59,0,118,Debit Card,Cancelled,,,
TXN003118,2023-10-29,CU0312,SP008,ST003,PR022,2,89,0,178,Online Transfer,Completed,,,
TXN002317,2022-07-20,CU0574,SP014,ST006,PR034,1,79,5,75.05,Credit Card,Completed,,,
TXN002130,2022-03-25,CU0331,SP015,ST006,PR028,2,89,20,142.4,Online Transfer,Cancelled,,,
TXN001385,2023-02-20,CU0522,SP004,ST010,PR033,3,119,0,357,Credit Card,Cancelled,,,
TXN002035,2023-06-18,CU0346,SP013,ST010,PR003,1,549,5,521.55,Online Transfer,Cancelled,,,
TXN003502,2023-07-28,,SP008,ST004,PR021,2,24,10,43.2,Credit Card,Cancelled,,,
TXN005777,2024-04-05,CU0203,SP001,ST007,PR024,4,45,15,153,Cash,Returned,,,
TXN006544,2024-06-16,CU0061,SP015,ST003,PR001,1,999,5,949.05,Gift Card,Completed,,,
TXN003355,2023-07-21,CU0029,SP014,ST003,PR021,4,24,5,91.2,Cash,Completed,,,
TXN005577,2024-04-25,CU0507,SP001,ST004,PR022,1,89,20,71.2,Debit Card,Completed,,,
TXN003725,2024-04-01,CU0138,SP013,ST002,PR034,1,79,10,71.1,Online Transfer,Completed,,,
TXN006852,2024-04-17,CU0174,SP011,ST005,PR028,2,89,0,178,Debit Card,Completed,,,
TXN006868,2022-07-27,CU0139,SP010,ST004,PR039,2,28,0,56,Cash,Completed,,,
TXN000062,2024-04-19,CU0015,SP009,ST004,PR029,4,169,0,676,Debit Card,Completed,,,
TXN003292,2024-02-06,CU0236,SP011,ST006,PR039,1,28,20,22.4,Credit Card,Cancelled,,,
TXN007076,2023-01-17,CU0418,SP008,ST002,PR024,1,45,10,40.5,Online Transfer,Completed,,,
TXN005360,2024-03-04,CU0074,SP014,ST004,PR026,1,189,15,160.65,Credit Card,Returned,,,
TXN005383,2023-06-08,CU0439,SP007,ST001,PR031,2,399,0,798,Debit Card,Returned,,,
TXN004814,2022-12-13,CU0542,SP013,ST004,PR003,1,549,5,521.55,Cash,Cancelled,,,
TXN008900,2022-01-10,CU0380,SP002,ST012,PR033,1,119,0,119,Cash,Completed,,,
TXN003250,2022-03-06,CU0495,SP013,ST010,PR036,1,249,5,236.55,Cash,Cancelled,,,
TXN008965,2022-01-18,CU0044,SP014,ST001,PR002,3,749,20,1797.6,Cash,Cancelled,,,
TXN005838,2022-08-23,CU0041,SP009,ST002,PR019,5,119,0,595,Credit Card,Completed,,,
TXN001397,2022-06-18,CU0040,SP007,ST003,PR032,1,69,5,65.55,Cash,Returned,,,
TXN000895,2022-12-05,CU0597,SP002,ST001,PR025,3,65,0,195,Online Transfer,Cancelled,,,
TXN003088,2022-11-10,CU0489,SP007,ST003,PR006,2,79,10,142.2,Cash,Completed,,,
TXN004274,2022-01-05,CU0365,SP001,ST002,PR032,1,69,10,62.1,Cash,Cancelled,,,
TXN005273,2024-01-30,CU0154,SP012,ST007,PR007,1,699,0,699,Debit Card,Completed,,,
TXN005010,2024-02-24,CU0202,SP003,ST002,PR012,1,29,5,27.55,Cash,Completed,,,
TXN006950,2022-01-31,CU0405,SP010,ST005,PR005,1,129,15,109.65,Cash,Completed,,,
TXN001745,2023-04-28,CU0587,SP001,ST001,PR029,2,169,10,304.2,Credit Card,Cancelled,,,
TXN008474,2023-05-20,CU0555,SP004,ST012,PR003,1,549,10,494.1,Cash,Completed,,,
TXN003141,2024-02-27,CU0042,SP001,ST002,PR037,2,289,0,578,Debit Card,Completed,,,
TXN004744,2023-01-31,CU0131,SP014,ST011,PR026,2,189,5,359.1,Debit Card,Completed,,,
TXN006449,2022-03-14,CU0256,SP002,ST011,PR008,1,449,15,381.65,Cash,Completed,,,
TXN007957,2023-12-09,CU0103,SP012,ST005,PR021,1,24,0,24,Credit Card,Cancelled,,,
TXN001194,2023-06-26,CU0497,SP013,ST010,PR004,1,299,20,239.2,Debit Card,Completed,,,
TXN003609,2022-04-20,CU0539,,ST008,PR002,3,749,0,2247,Gift Card,Cancelled,,,
TXN007672,2023-09-07,CU0553,SP011,ST011,PR030,2,149,5,283.1,Debit Card,Returned,,,
TXN002759,2022-07-27,CU0007,SP006,ST008,PR029,1,169,5,160.55,Cash,Completed,,,
TXN001547,2022-10-23,CU0566,SP007,ST010,PR023,1,179,0,179,Online Transfer,Completed,,,
TXN000852,2022-02-12,CU0285,SP002,ST009,PR023,1,179,0,179,Cash,Completed,,,
TXN008617,2023-03-16,CU0538,SP005,ST001,PR019,1,119,15,101.15,Debit Card,Completed,,,
TXN000147,2023-01-17,CU0425,SP006,ST011,PR027,1,129,15,109.65,Credit Card,Returned,,,
TXN000982,2024-02-15,CU0044,SP003,ST007,PR032,2,69,5,131.1,Cash,Completed,,,
TXN005277,2023-12-14,CU0472,SP007,ST003,PR032,1,69,20,55.2,Online Transfer,Returned,,,
TXN007448,2023-03-14,CU0558,SP014,ST008,PR017,2,99,10,178.2,Debit Card,Cancelled,,,
TXN002919,2022-10-13,CU0113,SP007,ST012,PR013,1,89,20,71.2,Credit Card,Completed,,,
TXN003692,2024-06-10,CU0099,SP002,ST008,PR031,2,399,20,638.4,Gift Card,Returned,,,
TXN000558,2023-07-26,CU0357,SP003,ST001,PR035,3,49,5,139.65,Credit Card,Completed,,,
TXN001762,2023-01-01,CU0299,SP005,ST007,PR040,2,22,5,41.8,Online Transfer,Completed,,,
TXN001170,2023-05-17,CU0197,SP014,ST009,PR023,2,179,0,358,Debit Card,Completed,,,
TXN008631,2023-04-15,CU0458,SP013,ST007,PR027,3,129,10,348.3,Cash,Cancelled,,,
TXN007440,2023-12-04,CU0005,SP012,ST008,PR038,3,39,5,111.15,Debit Card,Completed,,,
TXN006078,2022-12-16,CU0146,SP005,ST007,PR019,1,119,20,95.2,Credit Card,Completed,,,
TXN002250,2024-05-12,CU0333,SP006,ST005,PR027,1,129,5,122.55,Credit Card,Returned,,,
TXN005688,2022-02-15,CU0569,SP006,ST005,PR024,3,45,10,121.5,Debit Card,Cancelled,,,
TXN001738,2024-01-26,CU0536,SP012,ST003,PR010,1,199,0,199,Debit Card,Returned,,,
TXN005964,2023-03-12,CU0496,SP007,ST006,PR022,2,89,15,151.3,Online Transfer,Completed,,,
TXN003348,2023-09-08,CU0028,SP011,ST002,PR001,1,999,0,999,Cash,Completed,,,
TXN003541,2022-08-27,,SP002,ST012,PR038,4,39,10,140.4,Credit Card,Cancelled,,,
TXN002652,2024-05-19,CU0373,SP014,ST001,PR002,1,749,0,749,Debit Card,Completed,,,
TXN007301,2023-07-01,,SP013,ST008,PR036,1,249,5,236.55,Cash,Completed,,,
TXN003743,2024-03-25,CU0530,SP006,ST008,PR014,1,139,0,139,Online Transfer,Completed,,,
TXN005828,2022-09-06,CU0204,SP014,ST009,PR034,1,79,0,79,Online Transfer,Completed,,,
TXN008701,2022-11-09,CU0555,SP002,ST006,PR033,1,119,0,119,Online Transfer,Returned,,,
TXN007583,2022-03-04,CU0030,SP015,ST004,PR037,3,289,0,867,Gift Card,Completed,,,
TXN003414,2023-04-11,CU0059,SP008,ST011,PR034,2,79,5,150.1,Credit Card,Returned,,,
TXN007490,2024-06-16,CU0112,SP010,ST004,PR007,2,699,5,1328.1,Credit Card,Cancelled,,,
TXN004420,2023-05-30,CU0217,SP011,ST003,PR022,3,89,0,267,Online Transfer,Completed,,,
TXN005323,2022-07-12,CU0344,SP002,ST003,PR024,3,45,20,108,Cash,Completed,,,
TXN004593,2023-06-29,CU0556,SP008,ST004,PR018,1,59,10,53.1,Debit Card,Completed,,,
TXN008678,2022-03-15,CU0488,SP006,ST005,PR028,1,89,0,89,Gift Card,Completed,,,
TXN000910,2022-08-16,CU0461,SP004,ST007,PR001,1,999,0,999,Credit Card,Returned,,,
TXN004842,2023-06-02,CU0168,SP009,ST011,PR022,1,89,0,89,Credit Card,Returned,,,
TXN000830,2022-04-23,CU0079,SP004,ST008,PR021,1,24,0,24,Credit Card,Completed,,,
TXN004537,2023-06-22,CU0009,SP001,ST010,PR026,2,189,15,321.3,Online Transfer,Completed,,,
TXN000095,2023-12-18,CU0325,SP009,ST007,PR021,1,24,5,22.8,Gift Card,Completed,,,
TXN006204,2024-02-20,CU0253,SP015,ST010,PR013,1,89,0,89,Credit Card,Completed,,,
TXN007468,2023-07-28,CU0443,SP005,ST010,PR033,2,119,0,238,Cash,Completed,,,
TXN009000,2022-02-02,CU0346,SP012,ST006,PR023,2,179,0,358,Debit Card,Completed,,,
TXN006242,2023-05-10,CU0179,SP004,ST011,PR026,4,189,20,604.8,Gift Card,Completed,,,
TXN007518,2022-06-05,CU0080,SP007,ST011,PR014,1,139,10,125.1,Debit Card,Completed,,,
TXN008757,2023-01-01,CU0499,SP012,ST012,PR011,1,499,20,399.2,Debit Card,Completed,,,
TXN002766,2022-10-22,CU0029,SP009,ST010,PR029,1,169,5,160.55,Debit Card,Completed,,,
TXN008208,2022-12-02,CU0120,SP005,ST004,PR025,4,65,0,260,Debit Card,Completed,,,
TXN004960,2022-11-14,CU0518,SP014,ST002,PR039,1,28,5,26.6,Online Transfer,Completed,,,
TXN008388,2024-01-12,CU0584,SP014,ST003,PR038,1,39,0,39,Gift Card,Completed,,,
TXN001371,2024-06-12,CU0330,SP011,ST001,PR016,1,49,0,49,Online Transfer,Completed,,,
TXN005376,2022-02-27,CU0110,SP007,ST009,PR031,1,399,0,399,Debit Card,Completed,,,
TXN000976,2022-05-09,CU0275,SP013,ST001,PR038,3,39,5,111.15,Credit Card,Completed,,,
TXN001071,2022-05-28,CU0228,SP007,ST008,PR037,2,289,5,549.1,Credit Card,Completed,,,
TXN006305,2022-09-14,CU0133,SP004,ST012,PR008,1,449,0,449,Credit Card,Returned,,,
TXN005103,2022-01-02,CU0075,SP004,ST012,PR026,1,189,5,179.55,Credit Card,Completed,,,
TXN005849,2024-02-24,CU0434,SP013,ST001,PR039,3,28,5,79.8,Credit Card,Completed,,,
TXN006214,2022-11-06,CU0109,SP005,ST011,PR022,1,89,10,80.1,Credit Card,Completed,,,
TXN005690,2023-06-10,CU0062,SP011,ST010,PR019,1,119,10,107.1,Credit Card,Completed,,,
TXN004377,2022-06-13,CU0157,SP010,ST003,PR016,3,49,10,132.3,Online Transfer,Completed,,,
TXN003387,2022-12-16,CU0571,SP004,ST003,PR033,1,119,0,119,Credit Card,Completed,,,
TXN004716,2022-10-15,,SP004,ST008,PR038,3,39,5,111.15,Online Transfer,Completed,,,
TXN008878,2022-09-05,CU0605,SP007,ST002,PR025,2,65,15,110.5,Credit Card,Completed,,,
TXN005869,2023-11-16,CU0231,SP006,ST011,PR024,3,45,20,108,Cash,Completed,,,
TXN001538,2024-05-30,CU0212,SP006,ST004,PR030,4,149,10,536.4,Cash,Completed,,,
TXN000962,2022-04-04,CU0119,SP013,ST012,PR007,1,699,15,594.15,Credit Card,Cancelled,,,
TXN001354,2022-06-13,CU0325,SP007,ST004,PR014,1,139,10,125.1,Online Transfer,Completed,,,
TXN001222,2023-12-17,CU0182,SP001,ST002,PR028,1,89,5,84.55,Online Transfer,Completed,,,
TXN002459,2022-06-24,CU0459,SP015,ST001,PR016,1,49,5,46.55,Cash,Completed,,,
TXN002631,2022-04-10,CU0372,SP004,ST004,PR033,3,119,20,285.6,Credit Card,Returned,,,
TXN008984,2022-01-29,CU0172,SP010,ST005,PR027,1,129,0,129,Credit Card,Completed,,,
TXN002448,2022-12-22,CU0523,SP006,ST009,PR019,1,119,10,107.1,Online Transfer,Completed,,,
TXN000878,2022-02-11,CU0491,SP002,ST006,PR016,1,49,15,41.65,Gift Card,Completed,,,
TXN004724,2022-02-09,CU0484,SP006,ST006,PR002,1,749,5,711.55,Online Transfer,Completed,,,
TXN007545,2024-06-02,CU0394,SP007,ST004,PR024,2,45,15,76.5,Debit Card,Returned,,,
TXN006669,2024-05-11,CU0195,SP004,ST011,PR040,2,22,0,44,Online Transfer,Completed,,,
TXN000774,2022-08-22,CU0044,SP012,ST006,PR019,4,119,5,452.2,Online Transfer,Returned,,,
TXN001424,2024-02-10,CU0550,SP002,ST002,PR024,2,45,10,81,Credit Card,Completed,,,
TXN005164,2023-01-10,CU0579,SP004,ST004,PR015,1,59,10,53.1,Credit Card,Completed,,,
TXN006932,2022-06-07,CU0368,SP011,ST005,PR010,2,199,5,378.1,Credit Card,Completed,,,
TXN005210,2022-06-05,CU0498,SP005,ST003,PR014,2,139,0,278,Debit Card,Completed,,,
TXN004576,2023-09-26,CU0173,SP011,ST004,PR014,2,139,0,278,Online Transfer,Completed,,,
TXN000006,2023-04-13,CU0606,SP002,ST002,PR006,1,79,20,63.2,Online Transfer,Returned,,,
TXN006864,2023-08-27,CU0153,SP001,ST006,PR003,1,549,10,494.1,Gift Card,Returned,,,
TXN004997,2024-06-01,,SP013,ST012,PR009,1,379,0,379,Online Transfer,Completed,,,
TXN000664,2023-09-29,CU0027,SP006,ST001,PR036,1,249,0,249,Credit Card,Returned,,,
TXN005663,2023-02-16,CU0538,SP011,ST003,PR004,1,299,0,299,Debit Card,Completed,,,
TXN005527,2023-12-29,CU0331,SP012,ST005,PR024,3,45,5,128.25,Credit Card,Cancelled,,,
TXN001329,2023-04-14,CU0272,SP007,ST004,PR027,1,129,0,129,Cash,Returned,,,
TXN007271,2022-07-26,CU0240,SP015,ST001,PR036,3,249,0,747,Online Transfer,Completed,,,
TXN007230,2023-11-26,CU0083,SP001,ST007,PR022,3,89,20,213.6,Credit Card,Completed,,,
TXN003891,2023-04-11,CU0461,SP010,ST001,PR036,3,249,0,747,Debit Card,Completed,,,
TXN004105,2023-11-04,CU0170,SP005,ST008,PR033,1,119,5,113.05,Debit Card,Cancelled,,,
TXN002463,2023-06-12,CU0271,SP012,ST011,PR020,3,159,0,477,Credit Card,Completed,,,
TXN000198,2023-10-15,CU0364,SP007,ST008,PR030,1,149,0,149,Credit Card,Completed,,,
TXN002224,2023-06-27,CU0141,SP011,ST012,PR004,2,299,5,568.1,Credit Card,Cancelled,,,
TXN005569,2022-01-24,CU0410,SP010,ST011,PR037,1,289,0,289,Cash,Cancelled,,,
TXN005888,2022-07-18,CU0005,SP015,ST009,PR038,4,39,0,156,Debit Card,Completed,,,
TXN007631,2022-01-25,CU0427,SP015,ST004,PR040,3,22,0,66,Debit Card,Completed,,,
TXN001532,2024-03-16,CU0379,SP013,ST005,PR019,2,119,0,238,Credit Card,Completed,,,
TXN008109,2023-09-26,CU0064,SP011,ST008,PR026,3,189,0,567,Cash,Completed,,,
TXN001973,2024-04-24,CU0504,SP010,ST006,PR010,2,199,0,398,Credit Card,Completed,,,
TXN008484,2023-02-09,CU0333,SP010,ST007,PR016,1,49,0,49,Debit Card,Completed,,,
TXN008901,2022-01-16,CU0095,SP011,ST006,PR022,1,89,15,75.65,Debit Card,Cancelled,,,
TXN003402,2022-12-28,CU0407,SP001,ST003,PR019,5,119,0,595,Debit Card,Cancelled,,,
TXN004476,2022-08-08,CU0467,SP003,ST008,PR005,1,129,15,109.65,Debit Card,Completed,,,
TXN002779,2022-10-16,CU0245,SP006,ST010,PR038,2,39,5,74.1,Debit Card,Completed,,,
TXN004672,2022-02-06,CU0151,SP004,ST001,PR032,1,69,15,58.65,Credit Card,Completed,,,
TXN007580,2022-03-23,CU0432,SP012,ST009,PR039,1,28,0,28,Online Transfer,Cancelled,,,
TXN004289,2024-02-25,CU0534,SP015,ST007,PR026,2,189,0,378,Cash,Completed,,,
TXN005659,2022-03-20,CU0456,SP007,ST010,PR040,1,22,0,22,Online Transfer,Completed,,,
TXN007029,2022-04-01,CU0441,SP012,ST011,PR039,1,28,5,26.6,Gift Card,Completed,,,
TXN008912,2023-05-01,CU0414,SP007,ST012,PR006,1,79,0,79,Online Transfer,Returned,,,
TXN001661,2022-11-25,CU0463,SP005,ST005,PR030,2,149,5,283.1,Cash,Returned,,,
TXN003053,2024-05-19,CU0449,SP002,ST006,PR024,1,45,0,45,Credit Card,Completed,,,
TXN002858,2023-10-22,CU0139,SP013,ST002,PR031,1,399,0,399,Credit Card,Completed,,,
TXN007634,2023-04-07,CU0001,SP010,ST008,PR015,2,59,5,112.1,Debit Card,Completed,,,
TXN004924,2023-06-02,CU0209,SP003,ST007,PR005,1,129,5,122.55,Online Transfer,Completed,,,
TXN001659,2022-04-02,CU0245,SP011,ST003,PR035,2,49,0,98,Debit Card,Completed,,,
TXN005942,2022-09-24,CU0336,SP006,ST001,PR031,1,399,15,339.15,Credit Card,Completed,,,
TXN003540,2023-11-12,CU0282,SP010,ST004,PR005,3,129,5,367.65,Credit Card,Cancelled,,,
TXN004117,2023-07-21,CU0410,SP015,ST005,PR008,1,449,0,449,Gift Card,Completed,,,
TXN006738,2023-04-06,CU0153,SP005,ST006,PR008,1,449,5,426.55,Cash,Completed,,,
TXN006877,2023-05-16,CU0532,SP006,ST007,PR013,1,89,5,84.55,Online Transfer,Completed,,,
TXN007139,2024-05-31,CU0401,SP013,ST012,PR036,1,249,15,211.65,Credit Card,Completed,,,
TXN002014,2022-11-17,CU0579,SP007,ST010,PR022,2,89,0,178,Cash,Completed,,,
TXN006216,2023-03-21,CU0276,SP012,ST001,PR036,3,249,0,747,Cash,Completed,,,
TXN002399,2023-11-26,CU0040,SP001,ST004,PR024,1,45,5,42.75,Debit Card,Cancelled,,,
TXN007200,2022-08-06,CU0162,SP002,ST001,PR002,1,749,15,636.65,Cash,Cancelled,,,
TXN004865,2023-06-29,CU0552,SP003,ST002,PR023,1,179,5,170.05,Credit Card,Completed,,,
TXN005281,2024-01-28,CU0050,SP006,ST011,PR033,2,119,10,214.2,Debit Card,Returned,,,
TXN006335,2024-02-21,CU0010,SP003,ST011,PR038,1,39,10,35.1,Debit Card,Completed,,,
TXN007484,2022-03-07,CU0262,SP012,ST011,PR029,1,169,10,152.1,Gift Card,Returned,,,
TXN002867,2024-05-25,CU0108,SP015,ST011,PR010,1,199,10,179.1,Credit Card,Completed,,,
TXN006764,2024-01-06,CU0230,SP007,ST001,PR036,1,249,0,249,Debit Card,Completed,,,
TXN005090,2024-02-22,CU0064,SP013,ST002,PR008,2,449,20,718.4,Gift Card,Completed,,,
TXN000987,2024-04-05,CU0097,SP012,ST010,PR020,2,159,0,318,Cash,Completed,,,
TXN001204,2022-07-01,CU0574,SP010,ST006,PR036,3,249,5,622.14,Debit Card,Completed,,,
TXN007994,2024-03-10,CU0587,SP009,ST012,PR026,1,189,0,189,Debit Card,Completed,,,
TXN004977,2023-10-31,CU0472,SP011,ST003,PR022,1,89,0,89,Credit Card,Completed,,,
TXN003241,2022-01-31,CU0483,SP004,ST002,PR035,1,49,0,49,Cash,Returned,,,
TXN005739,2023-10-15,CU0202,SP006,ST005,PR021,1,24,10,21.6,Debit Card,Completed,,,
TXN002943,2023-09-02,CU0479,SP013,ST011,PR012,1,29,5,27.55,Debit Card,Cancelled,,,
TXN006298,2024-01-18,CU0072,SP006,ST004,PR026,4,189,0,756,Debit Card,Completed,,,
TXN000240,2022-07-24,CU0432,SP001,ST001,PR016,1,49,0,49,Online Transfer,Completed,,,
TXN003025,2024-04-01,CU0091,SP008,ST001,PR028,1,89,5,84.55,Online Transfer,Returned,,,
TXN006067,2023-03-03,CU0143,SP006,ST006,PR037,1,289,5,274.55,Credit Card,Completed,,,
TXN004848,2023-01-08,CU0425,SP013,ST005,PR031,1,399,10,359.1,Credit Card,Completed,,,
TXN005019,2023-04-20,CU0538,SP002,ST003,PR030,3,149,10,402.3,Debit Card,Completed,,,
TXN003100,2022-11-28,CU0500,SP006,ST005,PR027,2,129,0,258,Online Transfer,Returned,,,
TXN005615,2024-06-12,CU0556,SP012,ST003,PR012,1,29,0,29,Debit Card,Cancelled,,,
TXN006422,2022-01-22,CU0201,SP002,ST005,PR004,1,299,0,299,Credit Card,Completed,,,
TXN004086,2023-03-30,CU0458,SP008,ST006,PR016,1,49,5,46.55,Cash,Cancelled,,,
TXN003791,2023-07-23,CU0209,SP015,ST004,PR038,1,39,0,39,Credit Card,Cancelled,,,
TXN007755,2022-08-06,CU0442,SP005,ST002,PR013,1,89,10,80.1,Credit Card,Completed,,,
TXN001243,2022-04-12,CU0176,SP002,ST006,PR037,2,289,0,578,Online Transfer,Completed,,,
TXN005228,2022-08-25,CU0017,SP004,ST001,PR027,3,129,5,367.65,Credit Card,Completed,,,
TXN004024,2023-10-05,CU0239,SP001,ST008,PR040,2,22,10,39.6,Cash,Completed,,,
TXN005349,2022-03-10,CU0390,SP002,ST009,PR021,5,24,0,120,Online Transfer,Completed,,,
TXN006040,2023-06-27,CU0220,SP005,ST003,PR027,1,129,5,122.55,Credit Card,Returned,,,
TXN004676,2022-12-03,CU0262,SP011,ST005,PR033,1,119,10,107.1,Credit Card,Returned,,,
TXN006739,2022-04-24,CU0052,SP009,ST003,PR032,3,69,20,165.6,Cash,Completed,,,
TXN005594,2022-04-22,CU0001,SP004,ST003,PR023,2,179,0,358,Credit Card,Completed,,,
TXN000980,2024-06-19,CU0134,SP006,ST012,PR030,2,149,0,298,Gift Card,Completed,,,
TXN005494,2022-04-11,CU0243,SP005,ST005,PR040,1,22,5,20.9,Cash,Completed,,,
TXN004558,2022-06-06,CU0049,SP014,ST006,PR018,1,59,5,56.05,Debit Card,Completed,,,
TXN000790,2023-04-12,CU0465,SP005,ST003,PR025,1,65,0,65,Online Transfer,Cancelled,,,
TXN008071,2024-03-17,,SP015,ST009,PR015,1,59,15,50.15,Cash,Completed,,,
TXN008056,2022-07-26,CU0488,SP011,ST009,PR032,1,69,10,62.1,Gift Card,Completed,,,
TXN001570,2022-06-04,CU0521,SP011,ST007,PR013,1,89,0,89,Online Transfer,Returned,,,
TXN001780,2024-04-13,CU0563,SP007,ST004,PR021,1,24,0,24,Cash,Completed,,,
TXN006648,2023-09-09,CU0477,SP003,ST001,PR021,1,24,10,21.6,Online Transfer,Completed,,,
TXN007649,2022-09-22,CU0110,SP014,ST004,PR039,3,28,0,84,Debit Card,Completed,,,
TXN003476,2023-08-28,CU0226,SP001,ST010,PR012,1,29,0,29,Credit Card,Completed,,,
TXN004937,2022-02-18,CU0190,SP005,ST003,PR007,3,699,10,1887.3,Gift Card,Completed,,,
TXN006303,2022-01-21,CU0285,SP004,ST011,PR036,1,249,10,224.1,Cash,Completed,,,
TXN002059,2023-08-22,CU0268,SP010,ST008,PR037,1,289,0,289,Credit Card,Cancelled,,,
TXN007956,2022-05-27,CU0527,SP013,ST007,PR019,2,119,0,238,Online Transfer,Returned,,,
TXN007612,2022-06-20,CU0115,SP010,ST004,PR025,1,65,0,65,Online Transfer,Completed,,,
TXN007601,2024-05-27,CU0379,SP006,ST002,PR016,1,49,0,49,Credit Card,Completed,,,
TXN005991,2023-12-01,CU0119,SP002,ST009,PR022,3,89,5,253.65,Credit Card,Completed,,,
TXN007833,2023-03-31,CU0183,SP007,ST006,PR024,1,45,10,40.5,Debit Card,Completed,,,
TXN008894,2023-01-05,CU0201,SP010,ST011,PR029,1,169,5,174.66,Credit Card,Completed,,,
TXN008831,2022-06-18,CU0225,SP007,ST004,PR032,1,69,5,65.55,Online Transfer,Completed,,,
TXN003041,2023-01-09,CU0291,SP005,ST005,PR017,3,99,0,297,Online Transfer,Completed,,,
TXN005362,2022-06-22,CU0320,SP013,ST012,PR004,2,299,10,538.2,Online Transfer,Completed,,,
TXN001571,2022-05-04,CU0235,SP001,ST001,PR024,1,45,15,38.25,Debit Card,Completed,,,
TXN003816,2023-11-24,CU0376,SP010,ST005,PR009,2,379,0,758,Debit Card,Cancelled,,,
TXN002600,2024-03-05,CU0571,SP013,ST001,PR013,2,89,10,160.2,Online Transfer,Completed,,,
TXN003270,2024-04-14,CU0372,SP008,ST005,PR016,1,49,15,41.65,Cash,Completed,,,
TXN003019,2023-02-27,CU0458,,ST004,PR032,2,69,10,124.2,Debit Card,Completed,,,
TXN003538,2022-11-22,,SP010,ST004,PR018,4,59,0,236,Credit Card,Completed,,,
TXN005291,2023-12-15,CU0095,SP008,ST012,PR034,2,79,10,142.2,Credit Card,Returned,,,
TXN007816,2024-03-17,CU0602,SP013,ST003,PR019,1,119,20,95.2,Credit Card,Completed,,,
TXN002115,2022-09-26,,SP013,ST006,PR035,3,49,5,139.65,Online Transfer,Completed,,,
TXN005027,2023-06-06,CU0011,SP004,ST006,PR014,1,139,0,139,Credit Card,Completed,,,
TXN006943,2022-08-22,CU0006,SP014,ST001,PR032,2,69,0,138,Cash,Completed,,,
TXN000234,2023-06-01,CU0334,SP007,ST008,PR009,1,379,0,379,Credit Card,Cancelled,,,
TXN007878,2024-06-06,CU0316,SP011,ST004,PR019,1,119,0,119,Cash,Completed,,,
TXN003450,2023-05-30,CU0274,SP008,ST012,PR008,1,449,0,449,Credit Card,Completed,,,
TXN005803,2023-03-31,CU0297,SP002,ST008,PR030,1,149,0,149,Gift Card,Completed,,,
TXN005112,2024-02-20,CU0131,SP006,ST001,PR019,3,119,5,339.15,Debit Card,Completed,,,
TXN001818,2024-01-06,CU0472,SP002,ST010,PR019,5,119,0,595,Online Transfer,Completed,,,
TXN006588,2024-03-13,CU0486,SP012,ST003,PR030,2,149,0,298,Cash,Returned,,,
TXN008107,2024-02-04,CU0172,SP009,ST002,PR035,1,49,0,49,Debit Card,Returned,,,
TXN003696,2022-07-02,CU0318,SP010,ST005,PR026,1,189,5,179.55,Credit Card,Completed,,,
TXN005555,2024-06-27,CU0593,SP012,ST007,PR021,2,24,0,48,Cash,Completed,,,
TXN007148,2022-05-04,CU0552,SP002,ST001,PR021,2,24,0,48,Cash,Returned,,,
TXN003505,2024-02-11,CU0084,SP010,ST002,PR025,4,65,0,260,Credit Card,Completed,,,
TXN005937,2024-05-11,CU0036,SP011,ST011,PR028,2,89,5,169.1,Credit Card,Completed,,,
TXN008558,2023-06-18,CU0235,SP001,ST012,PR031,4,399,0,1596,Debit Card,Completed,,,
TXN000603,2023-10-09,CU0354,SP002,ST004,PR031,2,399,5,758.1,Debit Card,Cancelled,,,
TXN007730,2023-06-25,CU0297,SP004,ST001,PR034,2,79,10,142.2,Credit Card,Cancelled,,,
TXN004575,2022-08-29,CU0409,SP004,ST008,PR038,1,39,10,35.1,Cash,Completed,,,
TXN001680,2022-08-25,CU0589,SP011,ST003,PR039,1,28,20,22.4,Debit Card,Completed,,,
TXN008613,2023-11-25,CU0192,SP007,ST009,PR011,1,499,0,499,Credit Card,Completed,,,
TXN000844,2023-04-26,CU0502,SP006,ST009,PR022,2,89,5,169.1,Gift Card,Completed,,,
TXN000010,2022-03-24,,SP003,ST002,PR029,2,169,5,321.1,Online Transfer,Cancelled,,,
TXN004082,2023-06-13,CU0024,SP002,ST006,PR004,2,299,0,598,Credit Card,Completed,,,
TXN006177,2024-05-12,CU0004,SP012,ST003,PR022,1,89,5,84.55,Online Transfer,Completed,,,
TXN005154,2022-08-08,CU0288,SP003,ST001,PR010,1,199,15,169.15,Credit Card,Completed,,,
TXN005863,2023-01-18,CU0012,SP003,ST004,PR012,1,29,0,29,Cash,Completed,,,
TXN002381,2023-09-18,CU0582,SP012,ST001,PR021,2,24,20,38.4,Debit Card,Completed,,,
TXN004260,2022-08-12,CU0330,SP003,ST009,PR031,1,399,0,399,Credit Card,Returned,,,
TXN008301,2022-10-19,CU0395,SP004,ST009,PR018,2,59,15,100.3,Credit Card,Completed,,,
TXN000671,2024-03-24,CU0187,SP001,ST003,PR026,3,189,0,567,Debit Card,Cancelled,,,
TXN005786,2023-09-22,CU0194,SP005,ST005,PR003,1,549,5,521.55,Cash,Completed,,,
TXN001915,2024-04-25,CU0491,,ST007,PR019,2,119,0,238,Credit Card,Completed,,,
TXN002204,2022-06-05,CU0591,SP004,ST005,PR022,1,89,0,89,Cash,Completed,,,
TXN007645,2023-09-03,CU0577,SP010,ST008,PR029,3,169,5,481.65,Debit Card,Completed,,,
TXN006993,2022-03-30,CU0344,SP014,ST008,PR001,1,999,0,999,Debit Card,Completed,,,
TXN001103,2022-05-25,CU0056,SP007,ST002,PR017,1,99,0,99,Credit Card,Completed,,,
TXN003898,2024-06-05,,SP013,ST001,PR032,2,69,5,131.1,Gift Card,Completed,,,
TXN003216,2023-07-09,CU0595,SP002,ST001,PR022,3,89,5,253.65,Cash,Cancelled,,,
TXN007098,2024-06-17,CU0525,SP015,ST005,PR009,1,379,10,341.1,Credit Card,Cancelled,,,
TXN005089,2023-02-05,CU0148,SP008,ST012,PR021,2,24,0,48,Cash,Completed,,,
TXN005441,2023-03-31,CU0002,SP015,ST009,PR027,1,129,5,122.55,Debit Card,Returned,,,
TXN002575,2023-04-01,CU0271,,ST001,PR025,2,65,5,123.5,Debit Card,Returned,,,
TXN008612,2022-09-15,CU0318,SP014,ST012,PR039,2,28,10,50.4,Cash,Completed,,,
TXN000458,2022-04-28,CU0157,SP010,ST002,PR022,1,89,0,89,Online Transfer,Cancelled,,,
TXN002040,2024-04-10,CU0422,SP011,ST004,PR010,1,199,5,189.05,Credit Card,Completed,,,
TXN004992,2024-04-11,CU0265,,ST009,PR005,1,129,10,116.1,Credit Card,Completed,,,
TXN006410,2022-05-07,CU0161,SP003,ST001,PR017,1,99,20,79.2,Debit Card,Cancelled,,,
TXN001926,2024-02-18,CU0014,SP008,ST001,PR017,1,99,0,99,Online Transfer,Completed,,,
TXN008372,2022-02-10,CU0093,SP008,ST012,PR040,2,22,5,41.8,Cash,Completed,,,
TXN008041,2023-01-31,CU0080,SP007,ST004,PR015,2,59,10,106.2,Cash,Completed,,,
TXN003357,2023-12-07,CU0037,SP014,ST009,PR018,1,59,10,53.1,Cash,Completed,,,
TXN000935,2023-08-28,CU0260,SP012,ST003,PR024,3,45,20,108,Cash,Completed,,,
TXN006977,2023-07-07,CU0058,SP001,ST012,PR031,1,399,0,399,Gift Card,Completed,,,
TXN006052,2022-03-10,CU0064,,ST008,PR007,2,699,10,1258.2,Credit Card,Completed,,,
TXN000172,2022-06-07,CU0418,SP011,ST003,PR003,3,549,0,1647,Credit Card,Returned,,,
TXN001448,2022-01-24,CU0131,SP007,ST003,PR017,3,99,0,297,Credit Card,Completed,,,
TXN002969,2023-12-23,CU0579,SP002,ST003,PR025,2,65,0,130,Online Transfer,Completed,,,
TXN006401,2023-02-23,CU0522,SP009,ST007,PR010,1,199,5,189.05,Gift Card,Completed,,,
TXN001609,2024-03-05,CU0017,SP013,ST009,PR020,2,159,10,286.2,Debit Card,Completed,,,
TXN004195,2023-08-11,CU0165,SP002,ST012,PR024,1,45,20,36,Credit Card,Completed,,,
TXN007563,2023-12-02,CU0055,SP014,ST012,PR028,2,89,0,178,Cash,Completed,,,
TXN005167,2022-09-22,CU0392,SP008,ST010,PR034,2,79,0,158,Credit Card,Completed,,,
TXN000103,2024-06-13,CU0267,SP003,ST011,PR025,1,65,5,61.75,Debit Card,Completed,,,
TXN005321,2022-02-15,CU0149,SP002,ST004,PR011,1,499,5,474.05,Online Transfer,Completed,,,
TXN008553,2022-12-22,CU0360,SP008,ST006,PR026,1,189,20,151.2,Credit Card,Completed,,,
TXN004473,2023-05-15,CU0206,SP002,ST004,PR005,1,129,10,116.1,Cash,Completed,,,
TXN005413,2022-03-31,CU0242,SP010,ST003,PR026,1,189,20,151.2,Debit Card,Completed,,,
TXN006400,2022-02-24,CU0199,SP006,ST011,PR026,3,189,10,510.3,Credit Card,Completed,,,
TXN000613,2022-07-31,CU0471,SP004,ST011,PR025,5,65,0,325,Debit Card,Completed,,,
TXN003430,2022-09-22,CU0270,SP002,ST003,PR015,2,59,5,112.1,Online Transfer,Returned,,,
TXN008324,2023-04-27,CU0528,SP014,ST007,PR005,1,129,5,122.55,Cash,Cancelled,,,
TXN005946,2022-04-02,CU0547,SP010,ST010,PR039,2,28,0,56,Debit Card,Completed,,,
TXN002009,2023-07-11,CU0026,SP006,ST006,PR022,2,89,0,178,Online Transfer,Cancelled,,,
TXN004710,2023-06-19,CU0019,SP012,ST006,PR026,2,189,0,378,Cash,Cancelled,,,
TXN002710,2022-05-01,CU0373,SP010,ST004,PR017,1,99,0,99,Debit Card,Completed,,,
TXN008043,2024-04-30,CU0478,SP014,ST001,PR034,1,79,10,71.1,Credit Card,Completed,,,
TXN002860,2023-02-17,CU0455,SP006,ST011,PR021,2,24,5,45.6,Online Transfer,Completed,,,
TXN005338,2022-05-27,CU0255,SP003,ST012,PR017,3,99,15,252.45,Online Transfer,Completed,,,
TXN003922,2023-10-20,CU0335,SP001,ST011,PR002,2,749,10,1348.2,Debit Card,Completed,,,
TXN001235,2022-05-14,CU0189,SP005,ST002,PR020,1,159,20,127.2,Credit Card,Completed,,,
TXN005918,2024-04-26,CU0389,SP006,ST009,PR013,2,89,0,178,Credit Card,Completed,,,
TXN000446,2022-11-07,CU0067,SP013,ST005,PR001,1,999,5,949.05,Credit Card,Cancelled,,,
TXN006440,2024-02-21,CU0342,SP014,ST005,PR004,2,299,0,598,Debit Card,Completed,,,
TXN005537,2023-12-11,CU0606,SP001,ST011,PR026,2,189,20,302.4,Cash,Completed,,,
TXN006904,2023-10-14,CU0167,SP003,ST007,PR021,1,24,5,22.8,Credit Card,Completed,,,
TXN002986,2022-02-17,CU0226,SP013,ST008,PR008,1,449,0,449,Cash,Completed,,,
TXN001970,2022-05-26,CU0605,SP006,ST005,PR026,3,189,0,567,Online Transfer,Completed,,,
TXN008424,2022-05-12,CU0602,SP012,ST002,PR019,1,119,5,113.05,Cash,Completed,,,
TXN002547,2024-05-10,CU0215,SP007,ST012,PR038,1,39,0,39,Debit Card,Completed,,,
TXN003996,2023-10-14,CU0338,SP005,ST003,PR008,2,449,0,898,Credit Card,Completed,,,
TXN005335,2022-01-01,CU0509,SP008,ST008,PR010,1,199,15,169.15,Debit Card,Completed,,,
TXN004592,2023-11-04,CU0354,SP002,ST005,PR024,1,45,20,36,Cash,Completed,,,
TXN005240,2022-12-18,CU0047,SP003,ST003,PR024,5,45,5,224.71,Cash,Completed,,,
TXN000623,2023-05-04,CU0175,SP006,ST011,PR008,2,449,5,853.1,Debit Card,Cancelled,,,
TXN004055,2022-03-09,CU0381,SP001,ST012,PR009,1,379,20,303.2,Credit Card,Returned,,,
TXN001679,2022-05-27,CU0024,SP010,ST005,PR017,2,99,10,178.2,Cash,Completed,,,
TXN004959,2023-02-09,CU0417,SP003,ST002,PR021,4,24,10,86.4,Cash,Completed,,,
TXN002715,2023-12-18,CU0425,SP007,ST009,PR003,2,549,20,878.4,Credit Card,Completed,,,
TXN008163,2022-06-09,CU0118,SP006,ST008,PR017,2,99,20,158.4,Gift Card,Completed,,,
TXN007790,2023-10-15,CU0415,SP003,ST012,PR040,1,22,0,22,Cash,Cancelled,,,
TXN006092,2023-06-25,CU0288,SP003,ST008,PR011,2,499,20,798.4,Online Transfer,Completed,,,
TXN004518,2022-08-08,,SP003,ST005,PR031,1,399,0,399.63,Credit Card,Completed,,,
TXN007841,2023-02-19,CU0248,SP013,ST012,PR007,1,699,0,699,Credit Card,Completed,,,
TXN004964,2022-01-25,CU0156,SP011,ST003,PR008,1,449,5,426.55,Online Transfer,Returned,,,
TXN007678,2024-04-13,CU0119,SP002,ST010,PR007,1,699,20,559.2,Credit Card,Completed,,,
TXN006790,2022-06-10,CU0135,SP004,ST011,PR018,3,59,10,159.3,Credit Card,Completed,,,
TXN007391,2022-07-08,CU0114,SP015,ST007,PR013,1,89,0,89,Cash,Completed,,,
TXN001717,2022-12-16,CU0473,SP012,ST009,PR029,1,169,15,143.65,Debit Card,Completed,,,
TXN004321,2022-11-25,CU0037,SP014,ST008,PR023,1,179,5,170.05,Debit Card,Completed,,,
TXN002484,2023-09-27,CU0209,SP009,ST002,PR040,1,22,5,20.9,Debit Card,Completed,,,
TXN007716,2024-04-05,CU0609,SP002,ST012,PR019,5,119,0,595,Credit Card,Completed,,,
TXN008321,2022-09-29,CU0045,SP013,ST012,PR018,2,59,10,106.2,Credit Card,Returned,,,
TXN006182,2022-10-11,CU0207,SP008,ST003,PR033,2,119,0,238,Credit Card,Completed,,,
TXN006175,2022-06-04,CU0597,SP014,ST006,PR012,1,29,0,29,Credit Card,Completed,,,
TXN004295,2024-01-10,CU0468,SP006,ST010,PR025,1,65,5,61.75,Cash,Completed,,,
TXN002546,2023-01-12,CU0351,SP012,ST009,PR010,2,199,20,318.4,Credit Card,Completed,,,
TXN006157,2024-03-25,CU0412,SP009,ST002,PR003,1,549,5,521.55,Online Transfer,Completed,,,
TXN006557,2024-05-05,CU0132,SP007,ST010,PR025,4,65,10,234,Debit Card,Completed,,,
TXN005384,2024-05-23,CU0292,SP012,ST011,PR021,1,24,5,22.8,Cash,Completed,,,
TXN006979,2023-09-09,CU0198,SP005,ST001,PR037,1,289,10,260.1,Cash,Completed,,,
TXN008520,2023-05-09,CU0377,SP005,ST003,PR005,1,129,15,109.65,Credit Card,Completed,,,
TXN006006,2023-01-15,CU0526,SP012,ST009,PR012,1,29,20,23.2,Debit Card,Completed,,,
TXN006921,2023-08-28,CU0371,SP008,ST006,PR006,1,79,5,75.05,Cash,Completed,,,
TXN007731,2022-04-29,CU0608,SP009,ST009,PR025,5,65,20,260,Cash,Returned,,,
TXN001503,2024-03-31,CU0091,SP013,ST002,PR005,2,129,10,232.2,Debit Card,Completed,,,
TXN003641,2023-09-11,CU0052,SP015,ST003,PR014,1,139,0,139,Debit Card,Completed,,,
TXN003456,2022-07-13,CU0324,SP011,ST008,PR012,1,29,5,27.55,Online Transfer,Completed,,,
TXN001830,2022-10-24,CU0136,SP014,ST009,PR020,2,159,5,302.1,Debit Card,Completed,,,
TXN003420,2022-02-25,CU0213,SP002,ST007,PR030,1,149,10,134.1,Gift Card,Completed,,,
TXN004068,2022-06-23,CU0020,SP012,ST003,PR023,1,179,10,161.1,Debit Card,Completed,,,
TXN003329,2023-03-30,CU0588,SP007,ST004,PR010,1,199,0,199,Online Transfer,Returned,,,
TXN004189,2022-04-17,CU0177,SP006,ST010,PR009,1,379,20,303.2,Debit Card,Cancelled,,,
TXN006098,2022-03-26,CU0466,SP003,ST008,PR020,1,159,20,127.2,Online Transfer,Completed,,,
TXN004154,2022-06-11,CU0039,SP010,ST007,PR031,3,399,0,1197,Debit Card,Completed,,,
TXN005480,2023-09-04,CU0387,SP012,ST012,PR037,3,289,10,780.3,Debit Card,Completed,,,
TXN006566,2022-01-08,CU0166,SP004,ST011,PR032,1,69,15,58.65,Debit Card,Cancelled,,,
TXN001408,2022-05-02,CU0308,SP012,ST010,PR020,1,159,20,127.2,Debit Card,Cancelled,,,
TXN002309,2023-02-20,CU0026,SP001,ST008,PR033,1,119,0,119,Gift Card,Completed,,,
TXN008887,2022-03-14,CU0511,SP013,ST002,PR028,3,89,0,267,Cash,Completed,,,
TXN000084,2023-10-30,CU0517,SP013,ST005,PR020,2,159,0,318,Credit Card,Cancelled,,,
TXN007343,2023-08-19,CU0229,,ST001,PR017,4,99,5,376.2,Credit Card,Completed,,,
TXN002991,2023-11-28,CU0317,SP004,ST009,PR019,1,119,5,113.05,Credit Card,Completed,,,
TXN001556,2024-01-06,CU0405,SP011,ST006,PR034,1,79,0,79,Debit Card,Completed,,,
TXN004211,2022-06-20,CU0425,SP008,ST001,PR016,1,49,10,44.1,Online Transfer,Completed,,,
TXN003928,2024-04-04,CU0257,SP005,ST009,PR040,2,22,0,44,Debit Card,Completed,,,
TXN000619,2024-02-15,CU0303,SP012,ST008,PR016,2,49,5,93.1,Cash,Completed,,,
TXN000665,2024-02-20,CU0538,SP003,ST003,PR005,1,129,0,129,Gift Card,Completed,,,
TXN000377,2023-03-28,CU0322,SP006,ST002,PR028,2,89,5,169.1,Gift Card,Completed,,,
TXN003033,2024-03-13,CU0515,SP008,ST003,PR040,4,22,20,70.4,Gift Card,Completed,,,
TXN001829,2023-08-20,CU0017,SP003,ST005,PR037,2,289,0,578,Gift Card,Completed,,,
TXN008837,2022-11-15,CU0522,SP011,ST001,PR013,1,89,0,89,Credit Card,Completed,,,
TXN001013,2024-06-27,CU0146,SP015,ST012,PR024,2,45,0,90,Online Transfer,Completed,,,
TXN006767,2023-11-06,CU0342,SP005,ST009,PR039,1,28,0,28,Credit Card,Completed,,,
TXN000480,2023-07-02,CU0389,SP011,ST011,PR030,2,149,0,298,Debit Card,Completed,,,
TXN006923,2023-04-22,CU0003,SP015,ST003,PR020,1,159,0,159,Credit Card,Completed,,,
TXN005850,2023-09-09,CU0344,SP005,ST012,PR034,2,79,20,126.4,Credit Card,Completed,,,
TXN004023,2022-10-10,CU0289,SP008,ST009,PR021,2,24,10,43.2,Credit Card,Returned,,,
TXN006080,2022-07-03,CU0539,SP015,ST011,PR015,1,59,20,47.2,Debit Card,Completed,,,
TXN001289,2024-05-23,CU0228,SP013,ST006,PR011,1,499,10,449.1,Debit Card,Completed,,,
TXN003451,2022-10-22,CU0098,SP002,ST010,PR017,1,99,10,89.1,Debit Card,Completed,,,
TXN003948,2023-03-07,CU0530,SP007,ST006,PR030,3,149,10,402.3,Gift Card,Completed,,,
TXN007845,2024-03-06,CU0123,SP004,ST001,PR027,2,129,10,232.2,Credit Card,Cancelled,,,
TXN004239,2022-10-31,CU0429,SP003,ST007,PR010,1,199,10,179.1,Cash,Completed,,,
TXN004579,2024-02-09,CU0089,SP011,ST006,PR005,1,129,0,129,Credit Card,Completed,,,
TXN006911,2022-07-15,CU0520,SP004,ST012,PR013,2,89,20,142.4,Cash,Completed,,,
TXN006218,2023-10-24,CU0478,SP013,ST005,PR013,1,89,0,89,Cash,Completed,,,
TXN000786,2022-12-02,CU0495,SP009,ST003,PR032,4,69,10,248.4,Cash,Completed,,,
TXN007329,2022-12-04,CU0470,SP013,ST001,PR026,1,189,5,179.55,Gift Card,Completed,,,
TXN001953,2023-08-28,CU0361,SP014,ST007,PR017,1,99,15,84.15,Cash,Completed,,,
TXN005695,2024-05-09,CU0446,SP011,ST012,PR004,1,299,15,254.15,Online Transfer,Completed,,,
TXN005276,2022-01-25,CU0350,SP004,ST004,PR039,1,28,10,25.2,Gift Card,Completed,,,
TXN000769,2023-12-18,CU0078,SP004,ST003,PR035,2,49,0,98,Cash,Completed,,,
TXN000578,2024-02-21,CU0520,SP002,ST007,PR019,1,119,20,95.2,Credit Card,Completed,,,
TXN006894,2023-05-12,CU0018,SP015,ST011,PR010,2,199,10,358.2,Credit Card,Completed,,,
TXN007651,2023-05-18,CU0169,SP015,ST011,PR034,1,79,10,71.1,Online Transfer,Completed,,,
TXN006604,2022-02-06,CU0295,SP006,ST010,PR018,2,59,0,118,Debit Card,Completed,,,
TXN004135,2024-04-24,CU0110,SP013,ST002,PR017,5,99,0,495,Debit Card,Returned,,,
TXN000277,2023-11-13,CU0548,SP011,ST012,PR021,3,24,5,68.4,Gift Card,Completed,,,
TXN005148,2022-04-16,,SP011,ST009,PR013,1,89,5,84.55,Credit Card,Completed,,,
TXN002700,2023-06-01,CU0372,SP006,ST011,PR021,2,24,15,40.8,Cash,Completed,,,
TXN002950,2023-12-29,CU0551,SP007,ST011,PR013,1,89,15,75.65,Debit Card,Returned,,,
TXN000040,2024-03-29,CU0453,SP006,ST012,PR006,1,79,0,79,Cash,Completed,,,
TXN005528,2023-02-16,CU0106,SP001,ST002,PR040,2,22,0,44,Credit Card,Cancelled,,,
TXN002155,2022-09-18,CU0351,SP005,ST011,PR039,2,28,5,53.2,Debit Card,Completed,,,
TXN003990,2023-04-12,CU0380,SP001,ST002,PR020,1,159,5,151.05,Online Transfer,Completed,,,
TXN005251,2022-12-11,CU0022,SP013,ST009,PR008,1,449,0,449,Debit Card,Completed,,,
TXN003318,2022-03-07,CU0559,SP014,ST009,PR014,1,139,10,125.1,Credit Card,Completed,,,
TXN001086,2022-05-14,CU0101,SP003,ST006,PR018,3,59,0,177,Credit Card,Completed,,,
TXN004664,2022-01-02,CU0428,SP011,ST008,PR006,1,79,0,79,Cash,Completed,,,
TXN008078,2023-02-04,CU0040,SP015,ST004,PR016,2,49,0,98,Credit Card,Returned,,,
TXN000213,2022-08-01,CU0208,SP008,ST004,PR018,1,59,10,53.1,Gift Card,Completed,,,
TXN007713,2023-02-08,CU0284,SP008,ST010,PR013,1,89,0,89,Credit Card,Completed,,,
TXN003246,2022-05-17,CU0323,SP002,ST001,PR020,5,159,5,755.25,Gift Card,Completed,,,
TXN006994,2023-10-19,CU0343,SP010,ST002,PR006,1,79,10,71.1,Credit Card,Completed,,,
TXN004263,2022-08-21,CU0417,SP004,ST007,PR019,2,119,0,238,Online Transfer,Returned,,,
TXN005540,2022-02-20,CU0539,SP015,ST007,PR019,3,119,15,303.45,Credit Card,Returned,,,
TXN000576,2022-11-10,CU0560,SP003,ST001,PR020,2,159,20,254.4,Debit Card,Returned,,,
TXN001427,2022-04-02,CU0321,SP012,ST009,PR023,1,179,10,161.1,Credit Card,Completed,,,
TXN003447,2022-06-09,CU0372,SP014,ST004,PR004,2,299,10,538.2,Debit Card,Completed,,,
TXN003568,2024-01-06,CU0064,SP004,ST006,PR038,2,39,20,62.4,Credit Card,Cancelled,,,
TXN004622,2023-12-25,CU0195,SP006,ST006,PR032,1,69,0,69,Cash,Completed,,,
TXN004186,2022-11-22,CU0335,SP014,ST005,PR006,1,79,5,75.05,Online Transfer,Completed,,,
TXN000250,2022-07-07,CU0007,SP002,ST008,PR004,1,299,0,299,Credit Card,Completed,,,
TXN005408,2024-05-01,CU0418,SP012,ST003,PR009,3,379,0,1137,Online Transfer,Completed,,,
TXN000708,2024-01-01,CU0442,SP012,ST003,PR040,1,22,10,19.8,Cash,Completed,,,
TXN004720,2024-06-21,CU0554,SP004,ST007,PR007,1,699,10,629.1,Cash,Returned,,,
TXN003980,2022-01-03,CU0385,SP004,ST004,PR030,1,149,0,149,Cash,Cancelled,,,
TXN001450,2022-03-09,,SP012,ST012,PR022,2,89,5,169.1,Credit Card,Completed,,,
TXN003460,2023-02-09,CU0187,SP008,ST004,PR020,1,159,0,159,Cash,Completed,,,
TXN004809,2024-06-03,CU0087,SP014,ST012,PR035,1,49,20,39.2,Credit Card,Completed,,,
TXN007294,2023-05-27,CU0250,SP015,ST012,PR030,1,149,15,126.65,Cash,Returned,,,
TXN004183,2022-02-23,CU0552,SP013,ST007,PR032,2,69,0,138,Debit Card,Returned,,,
TXN008390,2023-09-01,CU0557,SP010,ST007,PR027,2,129,10,232.2,Debit Card,Completed,,,
TXN000604,2022-01-31,CU0599,SP003,ST010,PR017,2,99,0,198,Credit Card,Cancelled,,,
TXN006165,2024-06-05,CU0188,SP002,ST005,PR024,1,45,10,40.5,Online Transfer,Completed,,,
TXN007442,2022-12-05,CU0405,SP005,ST012,PR002,2,749,20,1198.4,Cash,Completed,,,
TXN004758,2024-04-15,CU0369,SP008,ST011,PR021,1,24,0,24,Credit Card,Completed,,,
TXN000601,2023-08-26,CU0337,SP009,ST007,PR021,2,24,5,45.6,Debit Card,Cancelled,,,
TXN003618,2023-07-25,CU0551,SP009,ST004,PR040,2,22,0,44,Cash,Returned,,,
TXN000139,2023-03-03,CU0369,SP013,ST008,PR033,3,119,20,285.6,Cash,Completed,,,
TXN005263,2023-07-26,CU0461,SP015,ST005,PR024,1,45,0,45,Debit Card,Completed,,,
TXN004519,2022-06-27,CU0472,SP006,ST001,PR013,1,89,10,80.1,Online Transfer,Completed,,,
TXN005864,2022-06-05,CU0188,SP003,ST005,PR010,2,199,10,358.2,Gift Card,Completed,,,
TXN004738,2023-08-01,CU0329,SP004,ST008,PR002,2,749,10,1348.2,Cash,Completed,,,
TXN005370,2023-11-11,CU0390,SP003,ST008,PR040,1,22,0,22,Credit Card,Cancelled,,,
TXN008462,2022-06-28,CU0563,SP001,ST001,PR007,1,699,15,594.15,Gift Card,Completed,,,
TXN008597,2022-01-12,CU0360,SP007,ST005,PR009,1,379,15,322.15,Debit Card,Completed,,,
TXN006122,2024-05-08,CU0253,SP010,ST005,PR006,1,79,20,63.2,Online Transfer,Completed,,,
TXN008636,2024-04-07,CU0572,SP002,ST007,PR027,1,129,10,116.1,Online Transfer,Completed,,,
TXN006314,2023-05-15,CU0309,SP003,ST003,PR021,1,24,10,21.6,Credit Card,Completed,,,
TXN005184,2022-10-04,CU0215,SP007,ST002,PR006,2,79,15,134.3,Debit Card,Completed,,,
TXN005226,2022-04-13,CU0350,SP014,ST005,PR011,2,499,20,798.4,Cash,Completed,,,
TXN004164,2023-08-04,CU0166,SP001,ST003,PR026,2,189,10,340.2,Debit Card,Completed,,,
TXN003306,2024-03-12,CU0052,SP004,ST003,PR017,1,99,20,79.2,Credit Card,Completed,,,
TXN006569,2023-07-17,CU0238,SP010,ST002,PR014,2,139,0,278,Debit Card,Returned,,,
TXN005763,2023-02-22,CU0392,SP005,ST002,PR018,1,59,0,59,Credit Card,Completed,,,
TXN005619,2023-09-11,CU0125,SP010,ST012,PR025,1,65,0,65,Debit Card,Cancelled,,,
TXN002464,2023-12-08,CU0558,SP010,ST006,PR017,2,99,10,178.2,Cash,Returned,,,
TXN008946,2023-05-10,CU0233,SP003,ST001,PR025,3,65,5,185.25,Debit Card,Completed,,,
TXN007486,2024-04-07,CU0124,SP007,ST012,PR019,1,119,0,119,Online Transfer,Completed,,,
TXN003590,2023-01-17,CU0566,SP013,ST002,PR017,3,99,20,237.6,Credit Card,Completed,,,
TXN000835,2023-05-05,CU0190,SP010,ST007,PR006,1,79,0,79,Credit Card,Returned,,,
TXN002205,2023-12-03,CU0358,SP012,ST007,PR001,1,999,20,799.2,Credit Card,Returned,,,
TXN007053,2022-04-20,CU0548,SP010,ST009,PR010,1,199,5,178.04,Online Transfer,Completed,,,
TXN001621,2023-04-23,CU0115,SP007,ST008,PR022,4,89,10,320.4,Gift Card,Completed,,,
TXN007638,2024-04-28,CU0170,SP005,ST009,PR021,2,24,0,48,Debit Card,Completed,,,
TXN003642,2023-01-06,CU0542,SP012,ST005,PR012,1,29,5,27.55,Debit Card,Completed,,,
TXN006325,2024-04-23,CU0218,SP001,ST011,PR023,3,179,10,483.3,Cash,Completed,,,
TXN006519,2022-07-24,CU0151,SP009,ST001,PR037,2,289,20,462.4,Online Transfer,Completed,,,
TXN008470,2024-04-06,CU0493,SP005,ST007,PR023,1,179,20,143.2,Cash,Completed,,,
TXN008059,2022-07-02,CU0238,SP001,ST007,PR001,2,999,20,1598.4,Online Transfer,Completed,,,
TXN007788,2022-07-17,CU0354,SP002,ST005,PR027,1,129,10,116.1,Cash,Completed,,,
TXN007140,2023-07-26,CU0307,SP005,ST008,PR019,1,119,10,107.1,Cash,Returned,,,
TXN001832,2022-09-02,CU0082,SP001,ST011,PR022,2,89,0,178,Debit Card,Completed,,,
TXN008852,2023-01-28,CU0443,SP004,ST010,PR003,1,549,10,494.1,Cash,Completed,,,
TXN003731,2023-12-22,CU0144,SP008,ST006,PR023,2,179,0,358,Cash,Completed,,,
TXN001366,2024-04-08,CU0077,SP004,ST003,PR001,1,999,0,999,Cash,Completed,,,
TXN001512,2024-02-18,CU0364,SP011,ST012,PR026,2,189,0,378,Credit Card,Completed,,,
TXN004306,2022-10-14,CU0069,SP002,ST006,PR025,1,65,20,52,Gift Card,Completed,,,
TXN003006,2023-04-20,CU0351,SP014,ST004,PR034,1,79,5,75.05,Debit Card,Completed,,,
TXN006189,2022-02-07,CU0509,SP008,ST011,PR016,4,49,5,186.2,Online Transfer,Returned,,,
TXN003902,2023-03-02,CU0239,SP015,ST006,PR007,1,699,10,629.1,Online Transfer,Cancelled,,,
TXN001205,2022-06-14,CU0464,SP004,ST002,PR007,1,699,10,629.1,Debit Card,Completed,,,
TXN000721,2024-05-18,CU0329,SP015,ST009,PR024,3,45,15,114.75,Debit Card,Completed,,,
TXN001434,2023-04-07,CU0089,SP011,ST006,PR035,3,49,0,147,Cash,Completed,,,
TXN003640,2023-08-16,CU0068,SP007,ST011,PR013,1,89,15,75.65,Debit Card,Completed,,,
TXN000102,2022-04-24,CU0529,SP012,ST011,PR031,3,399,10,1077.3,Debit Card,Cancelled,,,
TXN002143,2024-04-02,CU0044,SP003,ST002,PR036,3,249,5,709.65,Online Transfer,Completed,,,
TXN005627,2022-01-08,CU0225,SP014,ST006,PR022,3,89,20,213.6,Debit Card,Completed,,,
TXN006099,2024-06-17,CU0096,SP012,ST011,PR026,1,189,0,189,Cash,Completed,,,
TXN007095,2024-04-14,CU0479,SP011,ST001,PR018,2,59,10,106.2,Cash,Completed,,,
TXN007058,2023-02-14,CU0585,SP011,ST002,PR014,1,139,0,139,Credit Card,Completed,,,
TXN004693,2024-06-10,CU0471,SP002,ST009,PR004,1,299,15,254.15,Debit Card,Cancelled,,,
TXN006119,2023-06-23,CU0290,SP015,ST010,PR033,1,119,0,119,Debit Card,Completed,,,
TXN001043,2024-05-16,CU0525,SP009,ST011,PR004,1,299,5,284.05,Debit Card,Cancelled,,,
TXN006769,2024-06-22,CU0508,SP005,ST007,PR039,2,28,10,50.4,Credit Card,Cancelled,,,
TXN001949,2022-06-23,CU0551,SP010,ST001,PR021,2,24,0,48,Cash,Completed,,,
TXN007666,2023-10-27,CU0173,SP005,ST001,PR016,2,49,10,88.2,Cash,Completed,,,
TXN001954,2023-06-23,CU0058,SP014,ST011,PR017,1,99,20,79.2,Credit Card,Completed,,,
TXN001613,2022-01-31,CU0211,SP003,ST001,PR031,1,399,0,399,Gift Card,Completed,,,
TXN003735,2022-06-30,,SP010,ST011,PR036,3,249,0,747,Debit Card,Completed,,,
TXN004029,2022-02-11,CU0282,SP011,ST004,PR004,2,299,5,568.1,Credit Card,Completed,,,
TXN005771,2022-04-21,CU0215,SP012,ST002,PR033,2,119,0,238,Credit Card,Completed,,,
TXN002793,2022-09-30,CU0062,SP013,ST012,PR004,1,299,10,269.1,Cash,Completed,,,
TXN006617,2022-04-20,CU0272,SP005,ST005,PR039,1,28,15,23.8,Online Transfer,Completed,,,
TXN008656,2022-03-15,CU0448,SP001,ST002,PR011,1,499,0,499,Cash,Completed,,,
TXN005182,2023-07-05,CU0429,SP005,ST009,PR029,1,169,0,169,Credit Card,Returned,,,
TXN006084,2022-03-11,CU0201,SP007,ST011,PR026,3,189,10,510.3,Online Transfer,Completed,,,
TXN005208,2022-06-01,CU0146,SP011,ST011,PR037,1,289,10,260.1,Online Transfer,Completed,,,
TXN000726,2023-06-05,CU0046,SP015,ST004,PR005,2,129,0,258,Credit Card,Completed,,,
TXN005270,2023-09-10,CU0403,SP008,ST004,PR016,1,49,10,40.75,Credit Card,Cancelled,,,
TXN008441,2022-01-15,CU0164,SP005,ST012,PR038,3,39,5,111.15,Debit Card,Completed,,,
TXN001473,2022-11-23,CU0192,SP003,ST012,PR035,1,49,0,49,Cash,Completed,,,
TXN001772,2023-12-12,CU0461,SP005,ST001,PR030,1,149,0,149,Credit Card,Completed,,,
TXN000936,2023-12-30,CU0256,SP012,ST001,PR030,2,149,0,298,Credit Card,Completed,,,
TXN008745,2023-11-13,CU0198,SP009,ST010,PR001,1,999,0,999,Online Transfer,Returned,,,
TXN004514,2023-05-28,CU0041,SP007,ST005,PR019,5,119,20,476,Cash,Returned,,,
TXN000893,2022-06-03,CU0505,SP015,ST002,PR038,2,39,0,78,Credit Card,Completed,,,
TXN007880,2023-12-25,CU0408,SP006,ST008,PR004,1,299,0,299,Credit Card,Completed,,,
TXN000490,2023-11-08,CU0555,SP013,ST006,PR038,3,39,5,111.15,Online Transfer,Completed,,,
TXN005775,2023-09-26,CU0436,SP008,ST002,PR036,1,249,20,199.2,Credit Card,Completed,,,
TXN005242,2023-12-26,CU0445,SP005,ST003,PR006,1,79,0,79,Cash,Completed,,,
TXN008825,2022-12-01,CU0394,SP012,ST004,PR033,1,119,5,113.05,Debit Card,Completed,,,
TXN001958,2024-05-21,CU0216,SP014,ST002,PR026,1,189,0,189,Credit Card,Cancelled,,,
TXN000080,2022-01-21,CU0603,,ST006,PR018,1,59,20,47.2,Debit Card,Completed,,,
TXN008589,2024-01-14,CU0588,SP005,ST002,PR001,1,999,5,949.05,Debit Card,Cancelled,,,
TXN005759,2022-08-31,CU0196,SP008,ST009,PR036,1,249,10,224.1,Credit Card,Returned,,,
TXN005770,2023-10-02,CU0480,SP010,ST009,PR035,1,49,0,49,Credit Card,Completed,,,
TXN005606,2022-12-13,,SP013,ST004,PR003,2,549,0,1098,Credit Card,Completed,,,
TXN000175,2023-10-11,CU0020,SP005,ST009,PR039,2,28,0,56,Cash,Completed,,,
TXN004300,2022-05-01,CU0501,SP005,ST007,PR008,2,449,0,898,Cash,Completed,,,
TXN001833,2022-06-23,CU0156,SP002,ST006,PR014,1,139,0,139,Debit Card,Completed,,,
TXN003559,2022-09-15,CU0471,SP013,ST002,PR016,1,49,10,44.1,Credit Card,Cancelled,,,
TXN000004,2023-11-26,CU0550,SP003,ST012,PR024,4,45,0,180,Debit Card,Completed,,,
TXN008655,2023-10-15,CU0384,SP004,ST005,PR031,2,399,5,758.1,Debit Card,Completed,,,
TXN002449,2023-06-20,CU0170,SP011,ST009,PR028,1,89,0,89,Credit Card,Returned,,,
TXN007920,2023-06-10,CU0314,SP005,ST012,PR039,1,28,0,28,Cash,Completed,,,
TXN000229,2022-07-26,,SP003,ST008,PR004,1,299,0,299,Online Transfer,Cancelled,,,
TXN008508,2024-05-23,CU0350,SP002,ST011,PR035,1,49,0,49,Credit Card,Cancelled,,,
TXN001417,2022-06-17,CU0088,SP009,ST010,PR019,2,119,5,226.1,Credit Card,Completed,,,
TXN002109,2022-06-05,CU0512,SP006,ST011,PR019,2,119,10,214.2,Cash,Returned,,,
TXN003863,2023-05-31,CU0325,SP001,ST006,PR029,2,169,0,338,Credit Card,Completed,,,
TXN002664,2022-06-22,CU0154,SP008,ST007,PR034,2,79,5,150.1,Online Transfer,Completed,,,
TXN002219,2023-07-07,CU0580,SP009,ST008,PR008,2,449,10,808.2,Online Transfer,Completed,,,
TXN002672,2024-05-08,,SP002,ST001,PR033,3,119,10,321.3,Credit Card,Cancelled,,,
TXN001436,2023-04-28,CU0468,SP001,ST003,PR023,2,179,10,322.2,Debit Card,Completed,,,
TXN003105,2023-01-16,CU0524,SP003,ST006,PR018,2,59,20,94.4,Gift Card,Returned,,,
TXN001481,2022-11-22,CU0569,SP011,ST006,PR029,1,169,0,169,Gift Card,Completed,,,
TXN002298,2022-03-22,CU0203,SP013,ST002,PR022,1,89,15,75.65,Debit Card,Completed,,,
TXN001869,2022-01-08,CU0047,SP007,ST002,PR028,1,89,20,71.2,Credit Card,Completed,,,
TXN003757,2022-02-08,CU0026,SP010,ST009,PR038,1,39,0,39,Credit Card,Returned,,,
TXN006757,2023-10-15,CU0233,SP010,ST009,PR006,1,79,15,67.15,Credit Card,Completed,,,
TXN004947,2022-12-17,CU0266,SP008,ST005,PR024,2,45,0,90,Debit Card,Completed,,,
TXN003870,2024-02-27,CU0355,SP015,ST012,PR040,3,22,15,56.1,Debit Card,Returned,,,
TXN007471,2024-06-03,CU0304,SP008,ST011,PR002,1,749,10,674.1,Gift Card,Returned,,,
TXN007684,2022-02-02,CU0335,SP009,ST003,PR008,1,449,5,444.97,Credit Card,Completed,,,
TXN003785,2023-05-01,CU0107,SP007,ST006,PR037,1,289,15,245.65,Online Transfer,Completed,,,
TXN004684,2024-06-03,CU0439,SP004,ST003,PR012,1,29,10,29.23,Debit Card,Completed,,,
TXN003923,2023-05-12,CU0320,SP009,ST008,PR022,1,89,15,75.65,Credit Card,Cancelled,,,
TXN006283,2023-07-11,CU0372,SP008,ST005,PR024,2,45,10,81,Online Transfer,Completed,,,
TXN000580,2022-11-13,CU0145,SP013,ST006,PR020,1,159,0,159,Credit Card,Completed,,,
TXN003213,2024-05-05,CU0467,SP006,ST005,PR030,1,149,10,134.1,Credit Card,Completed,,,
TXN008814,2023-02-18,CU0215,SP006,ST005,PR012,1,29,20,23.2,Cash,Completed,,,
TXN004755,2022-12-09,CU0370,SP012,ST008,PR024,5,45,0,225,Credit Card,Completed,,,
TXN005584,2023-02-07,CU0286,SP015,ST001,PR011,1,499,0,499,Debit Card,Completed,,,
TXN008280,2022-08-10,CU0607,SP003,ST012,PR001,1,999,5,949.05,Debit Card,Completed,,,
TXN002291,2024-03-29,CU0085,SP006,ST003,PR021,2,24,15,40.8,Online Transfer,Completed,,,
TXN003823,2022-01-22,CU0242,SP014,ST009,PR023,3,179,5,510.15,Cash,Returned,,,
TXN008159,2022-04-07,CU0587,SP006,ST011,PR032,2,69,0,138,Online Transfer,Completed,,,
TXN007415,2022-07-31,CU0121,SP015,ST008,PR006,1,79,10,71.1,Credit Card,Completed,,,
TXN008081,2023-08-01,CU0145,SP009,ST002,PR001,1,999,0,999,Debit Card,Completed,,,
TXN001746,2022-02-26,CU0566,SP005,ST008,PR040,2,22,5,41.8,Online Transfer,Returned,,,
TXN007462,2023-05-09,CU0018,SP013,ST003,PR021,4,24,15,81.6,Credit Card,Completed,,,
TXN008768,2024-04-17,CU0321,SP007,ST009,PR016,3,49,0,147,Debit Card,Completed,,,
TXN008253,2023-10-29,CU0168,SP007,ST005,PR028,1,89,5,84.55,Cash,Completed,,,
TXN007750,2023-10-26,CU0134,SP015,ST002,PR037,2,289,0,578,Credit Card,Completed,,,
TXN001136,2023-12-20,CU0386,SP007,ST009,PR013,1,89,20,71.2,Credit Card,Completed,,,
TXN008793,2022-09-08,CU0185,SP003,ST001,PR010,2,199,5,378.1,Debit Card,Completed,,,
TXN002543,2022-07-03,CU0232,SP001,ST004,PR007,2,699,5,1328.1,Gift Card,Completed,,,
TXN005742,2024-03-27,CU0225,,ST004,PR025,2,65,10,117,Gift Card,Completed,,,
TXN003766,2023-06-11,CU0009,SP003,ST009,PR017,1,99,0,99,Debit Card,Completed,,,
TXN001847,2024-04-25,,SP015,ST007,PR015,1,59,5,56.05,Cash,Completed,,,
TXN000069,2024-05-08,CU0512,SP005,ST012,PR031,2,399,10,718.2,Cash,Returned,,,
TXN001366,2024-04-08,CU0077,SP004,ST003,PR001,1,999,0,999,Cash,Completed,,,
TXN005015,2022-01-03,CU0466,SP008,ST004,PR039,2,28,10,50.4,Debit Card,Completed,,,
TXN004358,2024-03-30,CU0379,SP015,ST002,PR030,2,149,5,283.1,Cash,Completed,,,
TXN000061,2022-05-30,CU0285,SP010,ST006,PR017,4,99,20,316.8,Cash,Completed,,,
TXN005352,2024-01-06,CU0503,SP004,ST003,PR013,1,89,20,71.2,Credit Card,Completed,,,
TXN002446,2022-10-19,CU0361,SP007,ST004,PR035,2,49,0,98,Credit Card,Completed,,,
TXN002106,2023-09-04,CU0145,SP007,ST010,PR035,2,49,5,93.1,Debit Card,Completed,,,
TXN002209,2024-02-17,CU0367,SP002,ST003,PR024,2,45,0,90,Credit Card,Completed,,,
TXN007697,2023-03-14,CU0438,SP014,ST012,PR020,1,159,0,159,Credit Card,Completed,,,
TXN001693,2023-02-10,CU0008,SP006,ST011,PR021,3,24,0,72,Cash,Cancelled,,,
TXN006542,2023-11-17,,SP011,ST010,PR036,1,249,0,249,Credit Card,Completed,,,
TXN004690,2022-07-15,CU0380,SP004,ST006,PR026,2,189,10,340.2,Debit Card,Completed,,,
TXN004468,2022-01-08,CU0500,SP002,ST007,PR026,2,189,15,321.3,Credit Card,Completed,,,
TXN000411,2024-04-15,CU0111,SP010,ST007,PR019,2,119,5,226.1,Online Transfer,Cancelled,,,
TXN007402,2022-02-02,CU0023,SP010,ST007,PR002,1,749,5,711.55,Debit Card,Completed,,,
TXN008480,2023-03-11,CU0530,SP011,ST012,PR004,2,299,0,598,Credit Card,Returned,,,
TXN002693,2022-01-31,CU0608,SP002,ST006,PR014,2,139,0,278,Cash,Completed,,,
TXN000996,2022-03-20,CU0038,SP012,ST012,PR035,1,49,15,41.65,Gift Card,Completed,,,
TXN000645,2022-12-02,CU0267,SP009,ST009,PR033,2,119,0,238,Credit Card,Completed,,,
TXN000668,2022-05-09,CU0133,SP013,ST003,PR011,1,499,0,499,Credit Card,Completed,,,
TXN001733,2024-02-09,CU0307,SP009,ST001,PR024,2,45,0,90,Cash,Completed,,,
TXN002853,2022-09-02,CU0144,SP001,ST006,PR037,3,289,20,693.6,Credit Card,Completed,,,
TXN007622,2024-06-10,CU0178,SP009,ST006,PR005,1,129,20,103.2,Cash,Returned,,,
TXN000060,2023-11-15,,SP002,ST002,PR037,1,289,0,289,Debit Card,Completed,,,
TXN008608,2023-06-01,CU0404,SP004,ST006,PR031,2,399,0,798,Credit Card,Completed,,,
TXN002949,2023-11-04,CU0358,SP007,ST007,PR037,1,289,0,289,Credit Card,Completed,,,
TXN003905,2022-07-10,CU0326,SP008,ST008,PR038,2,39,20,62.4,Debit Card,Cancelled,,,
TXN004083,2024-04-08,CU0184,SP010,ST009,PR008,3,449,5,1279.65,Online Transfer,Completed,,,
TXN005400,2022-10-27,CU0392,SP005,ST007,PR002,1,749,5,711.55,Debit Card,Returned,,,
TXN007584,2022-09-21,CU0297,SP007,ST012,PR011,1,499,20,399.2,Online Transfer,Completed,,,
TXN002755,2024-01-22,CU0328,SP002,ST007,PR016,3,49,10,132.3,Credit Card,Completed,,,
TXN000506,2023-01-06,CU0574,SP009,ST002,PR037,2,289,20,462.4,Online Transfer,Completed,,,
TXN003154,2024-02-21,CU0234,SP001,ST003,PR023,5,179,10,805.5,Debit Card,Completed,,,
TXN001472,2022-10-13,CU0523,SP007,ST005,PR020,5,159,15,675.75,Credit Card,Returned,,,
TXN002098,2022-12-05,CU0532,SP014,ST002,PR018,1,59,20,47.2,Debit Card,Completed,,,
TXN007588,2022-01-02,CU0314,SP014,ST010,PR007,1,699,0,699,Online Transfer,Completed,,,
TXN002036,2022-05-19,CU0033,SP009,ST012,PR025,4,65,0,260,Cash,Completed,,,
TXN005821,2022-04-01,CU0014,SP005,ST009,PR032,2,69,0,138,Cash,Completed,,,
TXN003569,2023-01-23,CU0447,SP012,ST007,PR008,1,449,5,426.55,Debit Card,Completed,,,
TXN006631,2023-05-29,CU0601,SP013,ST004,PR019,4,119,0,476,Credit Card,Cancelled,,,
TXN001898,2023-05-31,CU0130,SP007,ST005,PR032,3,69,0,207,Online Transfer,Returned,,,
TXN002812,2023-11-09,CU0335,SP010,ST002,PR037,1,289,5,274.55,Cash,Completed,,,
TXN001312,2022-11-13,CU0092,SP007,ST004,PR018,1,59,0,59,Debit Card,Completed,,,
TXN007268,2022-04-23,CU0108,SP009,ST010,PR029,3,169,10,456.3,Credit Card,Completed,,,
TXN007165,2024-04-27,CU0314,SP001,ST010,PR010,1,199,10,179.1,Cash,Returned,,,
TXN001110,2023-07-12,,SP002,ST012,PR028,1,89,0,89,Online Transfer,Completed,,,
TXN007167,2022-01-21,CU0040,SP004,ST009,PR028,1,89,5,84.55,Online Transfer,Cancelled,,,
TXN004683,2022-03-30,CU0607,SP004,ST011,PR039,3,28,5,79.8,Debit Card,Completed,,,
TXN001567,2023-02-16,CU0493,SP008,ST005,PR025,1,65,0,65,Debit Card,Completed,,,
TXN004729,2024-03-25,CU0451,SP015,ST003,PR011,1,499,10,449.1,Credit Card,Completed,,,
TXN004267,2022-08-13,CU0580,SP012,ST002,PR013,2,89,5,169.1,Cash,Completed,,,
TXN007838,2023-12-16,CU0098,SP002,ST012,PR022,3,89,0,267,Cash,Completed,,,
TXN000771,2022-10-16,CU0067,SP001,ST002,PR022,4,89,0,356,Online Transfer,Completed,,,
TXN005806,2023-10-05,CU0112,SP009,ST005,PR018,2,59,10,106.2,Gift Card,Completed,,,
TXN003461,2023-03-09,CU0074,SP003,ST010,PR008,1,449,0,449,Online Transfer,Completed,,,
TXN008260,2023-01-07,CU0387,SP003,ST006,PR019,1,119,5,113.05,Credit Card,Completed,,,
TXN008545,2023-03-07,CU0503,SP013,ST003,PR031,3,399,5,1137.15,Credit Card,Completed,,,
TXN004446,2023-06-28,CU0502,SP013,ST001,PR006,3,79,0,237,Debit Card,Cancelled,,,
TXN008047,2022-11-29,CU0101,SP011,ST006,PR025,3,65,0,195,Debit Card,Cancelled,,,
TXN002878,2022-07-07,CU0137,SP004,ST006,PR024,2,45,5,85.5,Cash,Completed,,,
TXN006388,2022-07-17,CU0462,SP009,ST006,PR004,2,299,0,669.94,Credit Card,Completed,,,
TXN008775,2023-04-19,CU0609,SP009,ST009,PR022,4,89,10,320.4,Credit Card,Completed,,,
TXN003713,2024-03-28,CU0154,SP011,ST004,PR040,3,22,10,59.4,Debit Card,Completed,,,
TXN007202,2022-08-07,CU0029,SP009,ST002,PR031,1,399,10,406.7,Debit Card,Completed,,,
TXN006878,2023-09-27,CU0483,SP002,ST008,PR028,3,89,0,267,Debit Card,Completed,,,
TXN000709,2022-12-05,CU0521,SP007,ST003,PR031,4,399,20,1276.8,Credit Card,Completed,,,
TXN005799,2022-05-06,CU0434,SP015,ST006,PR019,1,119,5,113.05,Debit Card,Completed,,,
TXN008683,2022-09-19,CU0359,SP004,ST012,PR014,1,139,20,111.2,Credit Card,Completed,,,
TXN002283,2022-11-14,CU0402,SP004,ST001,PR010,2,199,5,378.1,Credit Card,Completed,,,
TXN003605,2023-07-01,CU0262,SP007,ST006,PR023,4,179,10,644.4,Cash,Returned,,,
TXN008351,2024-05-15,CU0127,SP003,ST006,PR025,4,65,10,234,Online Transfer,Completed,,,
TXN000529,2022-10-02,CU0419,SP001,ST009,PR032,1,69,5,65.55,Online Transfer,Returned,,,
TXN003087,2022-05-22,CU0433,SP001,ST007,PR020,3,159,5,453.15,Credit Card,Completed,,,
TXN000001,2022-02-10,CU0196,SP005,ST012,PR018,1,59,5,56.05,Online Transfer,Cancelled,,,
TXN001964,2023-11-09,CU0362,SP011,ST009,PR038,2,39,10,70.2,Credit Card,Returned,,,
TXN006299,2024-04-04,CU0395,SP007,ST003,PR003,3,549,0,1647,Credit Card,Completed,,,
TXN005609,2022-07-05,CU0202,SP014,ST012,PR017,3,99,0,297,Credit Card,Completed,,,
TXN002110,2022-05-30,CU0199,SP011,ST005,PR022,3,89,0,267,Credit Card,Completed,,,
TXN002435,2023-04-03,CU0006,SP005,ST003,PR024,4,45,0,180,Debit Card,Completed,,,
TXN006023,2024-05-07,CU0073,SP014,ST002,PR027,1,129,5,122.55,Online Transfer,Completed,,,
TXN001345,2023-08-11,CU0079,SP013,ST003,PR005,1,129,0,129,Debit Card,Completed,,,
TXN001709,2022-09-08,CU0196,SP013,ST009,PR027,1,129,10,116.1,Online Transfer,Returned,,,
TXN001282,2024-04-14,CU0450,SP015,ST009,PR004,2,299,5,568.1,Debit Card,Completed,,,
TXN001800,2024-03-02,CU0454,SP007,ST001,PR009,1,379,10,341.1,Credit Card,Completed,,,
TXN008618,2023-03-22,CU0034,SP014,ST001,PR022,5,89,0,445,Debit Card,Completed,,,
TXN002253,2024-03-21,CU0356,SP003,ST009,PR021,2,24,5,45.6,Credit Card,Completed,,,
TXN000332,2022-03-18,CU0352,SP005,ST012,PR021,3,24,15,61.2,Credit Card,Completed,,,
TXN000789,2022-03-22,CU0152,SP008,ST011,PR018,1,59,10,53.1,Credit Card,Completed,,,
TXN001342,2022-09-28,CU0369,SP011,ST009,PR012,2,29,10,52.2,Cash,Completed,,,
TXN008784,2023-11-20,CU0243,SP005,ST007,PR023,2,179,0,358,Cash,Completed,,,
TXN005952,2022-07-22,CU0573,SP005,ST001,PR020,1,159,0,159,Credit Card,Completed,,,
TXN005736,2022-10-17,CU0451,SP012,ST005,PR006,2,79,15,134.3,Credit Card,Completed,,,
TXN000946,2023-10-05,CU0542,SP001,ST003,PR039,1,28,15,23.8,Debit Card,Cancelled,,,
TXN004909,2024-02-27,CU0530,SP009,ST009,PR030,1,149,15,126.65,Gift Card,Completed,,,
TXN004294,2022-10-05,CU0108,SP013,ST012,PR034,2,79,10,128.92,Credit Card,Completed,,,
TXN001066,2023-07-09,CU0603,SP007,ST006,PR033,1,119,20,95.2,Debit Card,Completed,,,
TXN003330,2022-06-24,CU0077,SP006,ST001,PR009,1,379,0,379,Cash,Completed,,,
TXN007776,2024-01-01,CU0018,SP015,ST011,PR028,2,89,0,178,Debit Card,Completed,,,
TXN004137,2022-03-02,,SP010,ST007,PR002,1,749,0,749,Online Transfer,Completed,,,
TXN007763,2024-01-29,CU0495,SP001,ST012,PR006,1,79,5,75.05,Credit Card,Completed,,,
TXN005641,2022-03-30,CU0276,SP011,ST012,PR029,1,169,5,182.9,Credit Card,Cancelled,,,
TXN000876,2023-04-23,CU0381,SP015,ST004,PR021,2,24,0,48,Credit Card,Completed,,,
TXN000466,2023-08-13,CU0520,SP013,ST011,PR023,1,179,5,170.05,Cash,Returned,,,
TXN005539,2023-04-04,CU0599,SP015,ST011,PR006,2,79,0,158,Debit Card,Cancelled,,,
TXN006217,2024-01-23,CU0460,SP001,ST002,PR021,1,24,5,22.8,Debit Card,Completed,,,
TXN002930,2023-07-28,CU0391,SP004,ST009,PR037,1,289,0,289,Online Transfer,Cancelled,,,
TXN005333,2023-09-29,CU0558,SP014,ST005,PR031,3,399,10,1077.3,Online Transfer,Completed,,,
TXN007275,2023-03-01,CU0480,SP007,ST010,PR018,5,59,0,295,Debit Card,Completed,,,
TXN005525,2024-06-03,CU0096,SP006,ST010,PR017,2,99,0,198,Debit Card,Returned,,,
TXN001213,2022-12-27,CU0413,SP004,ST011,PR009,1,379,5,360.05,Online Transfer,Completed,,,
TXN007618,2023-08-10,,SP001,ST005,PR039,2,28,5,53.2,Cash,Completed,,,
TXN007959,2024-06-04,CU0225,SP010,ST012,PR016,1,49,10,44.1,Debit Card,Returned,,,
TXN006176,2024-06-02,CU0413,SP012,ST003,PR039,1,28,15,23.8,Debit Card,Completed,,,
TXN005080,2022-11-12,CU0073,SP012,ST006,PR019,1,119,10,107.1,Credit Card,Completed,,,
TXN000325,2022-07-13,CU0606,SP011,ST011,PR008,1,449,10,404.1,Gift Card,Completed,,,
TXN005755,2022-07-17,CU0527,SP001,ST002,PR012,2,29,0,58,Cash,Completed,,,
TXN005858,2023-03-10,CU0033,SP003,ST006,PR037,2,289,10,520.2,Debit Card,Completed,,,
TXN005536,2024-01-14,CU0014,SP011,ST011,PR025,3,65,0,195,Online Transfer,Returned,,,
TXN005773,2023-10-07,,SP009,ST004,PR026,2,189,0,378,Debit Card,Completed,,,
TXN007848,2023-10-28,CU0436,SP011,ST011,PR016,1,49,10,44.1,Credit Card,Cancelled,,,
TXN007907,2022-04-23,CU0033,SP013,ST002,PR012,2,29,15,49.3,Credit Card,Completed,,,
TXN005919,2022-06-14,CU0418,SP005,ST007,PR009,1,379,10,341.1,Cash,Completed,,,
TXN006500,2024-03-13,CU0534,SP001,ST007,PR016,1,49,0,49,Credit Card,Completed,,,
TXN003135,2023-01-20,CU0495,SP001,ST008,PR026,2,189,0,378,Cash,Completed,,,
TXN000845,2023-09-01,CU0321,SP015,ST006,PR037,2,289,5,549.1,Credit Card,Completed,,,
TXN001751,2022-07-04,CU0029,SP011,ST006,PR030,2,149,15,253.3,Online Transfer,Returned,,,
TXN004712,2022-12-24,,SP012,ST004,PR010,2,199,20,318.4,Debit Card,Completed,,,
TXN002085,2023-02-16,CU0320,SP012,ST005,PR021,2,24,0,48,Online Transfer,Returned,,,
TXN001598,2023-03-05,CU0043,SP005,ST012,PR021,1,24,10,21.6,Credit Card,Completed,,,
TXN004022,2023-09-26,CU0374,SP004,ST012,PR039,1,28,0,28,Debit Card,Returned,,,
TXN003789,2023-08-27,CU0533,SP012,ST001,PR015,1,59,0,66.05,Debit Card,Completed,,,
TXN001241,2023-04-14,CU0534,SP003,ST002,PR013,3,89,0,267,Credit Card,Cancelled,,,
TXN003492,2023-06-28,CU0482,SP010,ST006,PR030,1,149,15,126.65,Cash,Completed,,,
TXN005748,2024-06-07,CU0506,SP010,ST009,PR025,3,65,20,156,Cash,Completed,,,
TXN004386,2023-12-22,CU0562,SP001,ST009,PR033,1,119,15,101.15,Debit Card,Completed,,,
TXN001606,2022-01-21,CU0242,SP006,ST007,PR031,1,399,5,379.05,Credit Card,Completed,,,
TXN001652,2024-05-19,CU0318,SP004,ST005,PR021,1,24,0,24,Gift Card,Completed,,,
TXN007924,2023-11-24,CU0460,SP001,ST003,PR016,4,49,15,166.6,Cash,Returned,,,
TXN003233,2022-09-21,CU0162,SP006,ST007,PR039,1,28,5,26.6,Online Transfer,Returned,,,
TXN000542,2022-03-02,CU0259,SP007,ST005,PR030,3,149,0,447,Cash,Returned,,,
TXN001568,2023-10-19,CU0209,SP015,ST008,PR017,5,99,0,495,Credit Card,Cancelled,,,
TXN003686,2023-11-11,CU0222,SP011,ST002,PR018,2,59,0,118,Debit Card,Completed,,,
TXN006533,2023-10-13,CU0476,SP003,ST005,PR014,2,139,5,264.1,Online Transfer,Cancelled,,,
TXN002030,2022-06-06,CU0286,SP012,ST004,PR025,1,65,5,61.75,Online Transfer,Completed,,,
TXN007326,2023-04-25,CU0571,SP014,ST012,PR029,2,169,5,321.1,Cash,Cancelled,,,
TXN000163,2022-11-07,CU0029,SP013,ST003,PR007,1,699,0,699,Debit Card,Completed,,,
TXN008313,2022-03-30,CU0478,SP011,ST012,PR011,2,499,0,998,Debit Card,Completed,,,
TXN004815,2023-01-13,CU0252,SP005,ST012,PR015,1,59,0,59,Debit Card,Completed,,,
TXN002538,2024-01-01,CU0446,SP013,ST010,PR011,1,499,0,499,Online Transfer,Completed,,,
TXN000951,2022-04-10,CU0012,SP015,ST010,PR019,5,119,20,476,Online Transfer,Completed,,,
TXN002171,2022-07-05,CU0426,SP004,ST012,PR021,2,24,5,45.6,Online Transfer,Completed,,,
TXN008651,2022-04-18,CU0249,SP005,ST009,PR027,1,129,10,116.1,Debit Card,Completed,,,
TXN004268,2023-08-17,CU0399,SP003,ST005,PR037,2,289,5,549.1,Credit Card,Completed,,,
TXN000773,2023-08-06,CU0327,SP008,ST006,PR030,1,149,10,134.1,Debit Card,Completed,,,
TXN004837,2023-06-09,CU0221,SP008,ST011,PR002,1,749,20,599.2,Online Transfer,Completed,,,
TXN005810,2023-01-22,CU0046,SP015,ST008,PR037,1,289,10,260.1,Online Transfer,Completed,,,
TXN004202,2023-04-14,CU0147,SP009,ST008,PR013,2,89,20,142.4,Online Transfer,Completed,,,
TXN008632,2023-02-17,CU0350,SP010,ST002,PR029,2,169,20,270.4,Online Transfer,Completed,,,
TXN005197,2022-06-28,CU0344,SP013,ST008,PR034,2,79,0,158,Cash,Completed,,,
TXN002422,2022-11-26,CU0463,SP012,ST005,PR013,2,89,5,169.1,Cash,Completed,,,
TXN005910,2022-12-02,CU0336,SP013,ST002,PR016,1,49,0,49,Credit Card,Completed,,,
TXN008538,2024-05-10,CU0387,SP003,ST004,PR028,4,89,10,320.4,Online Transfer,Completed,,,
TXN006013,2023-10-30,CU0236,SP013,ST004,PR012,1,29,5,27.55,Credit Card,Completed,,,
TXN007569,2023-08-11,CU0429,SP005,ST012,PR014,1,139,0,139,Debit Card,Completed,,,
TXN003230,2023-06-05,CU0473,SP014,ST009,PR029,3,169,0,507,Debit Card,Completed,,,
TXN005014,2024-05-09,CU0228,SP003,ST012,PR003,2,549,0,1098,Credit Card,Completed,,,
TXN001020,2022-02-19,CU0385,SP009,ST001,PR025,1,65,5,61.75,Credit Card,Completed,,,
TXN005140,2022-06-02,CU0454,SP001,ST010,PR024,1,45,0,45,Cash,Completed,,,
TXN008371,2022-07-02,CU0507,SP012,ST011,PR024,3,45,0,135,Online Transfer,Completed,,,
TXN006945,2024-02-11,CU0078,SP002,ST001,PR023,4,179,0,716,Debit Card,Completed,,,
TXN002964,2023-05-17,CU0352,SP005,ST008,PR018,2,59,10,106.2,Gift Card,Completed,,,
TXN008254,2022-04-03,CU0376,SP008,ST003,PR040,2,22,15,37.4,Gift Card,Completed,,,
TXN003543,2024-04-26,CU0565,SP010,ST003,PR037,1,289,5,233.37,Credit Card,Returned,,,
TXN005621,2023-04-03,CU0002,SP009,ST003,PR039,1,28,20,22.4,Credit Card,Completed,,,
TXN007144,2022-03-08,CU0200,SP002,ST004,PR017,1,99,5,94.05,Debit Card,Cancelled,,,
TXN006267,2022-03-31,CU0023,SP014,ST003,PR030,1,149,0,149,Online Transfer,Completed,,,
TXN000376,2024-02-21,CU0144,SP002,ST010,PR021,1,24,5,22.8,Online Transfer,Completed,,,
TXN007851,2022-11-30,CU0054,SP013,ST002,PR010,1,199,5,189.05,Online Transfer,Completed,,,
TXN004883,2022-01-13,CU0547,SP002,ST008,PR006,1,79,10,71.1,Credit Card,Returned,,,
TXN007544,2024-03-19,CU0141,SP005,ST010,PR027,1,129,5,122.55,Credit Card,Completed,,,
TXN007149,2022-05-01,CU0338,SP001,ST009,PR017,1,99,0,99,Online Transfer,Completed,,,
TXN005995,2024-02-13,CU0356,SP003,ST005,PR003,3,549,0,1647,Debit Card,Completed,,,
TXN001412,2023-02-23,CU0218,SP015,ST006,PR030,1,149,15,126.65,Debit Card,Completed,,,
TXN008572,2024-02-10,CU0430,SP012,ST012,PR039,1,28,15,23.8,Credit Card,Completed,,,
TXN002374,2023-08-15,CU0609,SP003,ST008,PR006,2,79,5,150.1,Gift Card,Completed,,,
TXN000641,2023-07-26,CU0205,SP013,ST004,PR026,1,189,5,179.55,Credit Card,Completed,,,
TXN005613,2022-10-02,CU0291,SP015,ST003,PR012,1,29,0,29,Debit Card,Completed,,,
TXN002339,2024-03-09,CU0491,SP015,ST010,PR003,2,549,20,878.4,Credit Card,Completed,,,
TXN003742,2022-04-06,CU0207,SP006,ST010,PR026,1,189,5,179.55,Cash,Completed,,,
TXN007608,2023-07-08,CU0209,SP009,ST011,PR038,4,39,20,124.8,Cash,Completed,,,
TXN004745,2023-11-15,CU0213,SP006,ST002,PR005,1,129,15,109.65,Credit Card,Completed,,,
TXN004498,2023-07-07,CU0581,SP003,ST012,PR025,1,65,5,61.75,Gift Card,Cancelled,,,
TXN000094,2023-03-10,CU0110,SP003,ST004,PR039,1,28,5,26.6,Credit Card,Completed,,,
TXN001561,2022-09-11,CU0007,SP003,ST004,PR017,1,99,5,94.05,Online Transfer,Completed,,,
TXN002905,2023-09-14,CU0028,SP009,ST003,PR019,3,119,0,357,Debit Card,Completed,,,
TXN002773,2023-04-22,CU0508,SP013,ST001,PR005,1,129,10,116.1,Debit Card,Completed,,,
TXN002732,2022-07-10,CU0232,SP008,ST004,PR012,2,29,5,55.1,Debit Card,Completed,,,
TXN002335,2023-04-18,CU0582,SP006,ST003,PR038,1,39,20,31.2,Credit Card,Completed,,,
TXN007988,2022-05-28,CU0523,SP006,ST006,PR008,1,449,5,426.55,Cash,Completed,,,
TXN006698,2022-10-28,CU0077,SP004,ST003,PR038,2,39,0,78,Credit Card,Completed,,,
TXN001458,2022-03-03,CU0250,SP003,ST006,PR039,2,28,0,56,Debit Card,Cancelled,,,
TXN008267,2023-11-25,CU0560,SP008,ST010,PR021,1,24,0,24,Debit Card,Completed,,,
TXN000899,2023-11-14,CU0247,SP008,ST003,PR029,1,169,0,169,Credit Card,Completed,,,
TXN008102,2023-07-06,CU0191,SP007,ST006,PR007,3,699,10,1887.3,Online Transfer,Returned,,,
TXN004272,2022-06-23,CU0234,SP005,ST007,PR005,2,129,5,245.1,Cash,Cancelled,,,
TXN002771,2023-03-23,CU0602,SP011,ST002,PR025,3,65,0,195,Credit Card,Cancelled,,,
TXN008181,2022-09-01,CU0599,SP012,ST010,PR036,2,249,20,379.9,Credit Card,Completed,,,
TXN002270,2023-10-05,CU0606,SP007,ST006,PR040,2,22,15,37.4,Debit Card,Completed,,,
TXN000391,2023-06-20,CU0344,SP002,ST003,PR020,1,159,15,135.15,Debit Card,Returned,,,
TXN007862,2022-11-18,CU0260,SP010,ST010,PR034,2,79,10,142.2,Debit Card,Completed,,,
TXN005628,2022-03-26,CU0443,SP011,ST003,PR029,1,169,5,160.55,Debit Card,Cancelled,,,
TXN006275,2024-03-12,CU0156,SP004,ST012,PR022,2,89,15,151.3,Online Transfer,Completed,,,
TXN002049,2024-05-05,CU0237,SP013,ST005,PR007,1,699,0,699,Debit Card,Completed,,,
TXN007559,2024-03-25,CU0144,SP015,ST002,PR017,4,99,0,396,Online Transfer,Completed,,,
TXN003282,2023-10-22,CU0290,SP003,ST003,PR016,2,49,20,78.4,Credit Card,Completed,,,
TXN002244,2022-03-09,CU0337,SP007,ST010,PR039,1,28,0,28,Debit Card,Completed,,,
TXN007054,2022-06-23,CU0245,SP007,ST005,PR029,1,169,10,152.1,Cash,Completed,,,
TXN005812,2023-10-06,CU0262,SP001,ST003,PR008,1,449,0,449,Credit Card,Completed,,,
TXN001905,2022-03-19,CU0339,SP004,ST009,PR026,1,189,15,160.65,Debit Card,Cancelled,,,
TXN008627,2023-03-22,CU0593,SP008,ST010,PR036,1,249,20,199.2,Cash,Completed,,,
TXN006584,2024-01-14,CU0459,,ST002,PR006,1,79,5,75.05,Online Transfer,Completed,,,
TXN001447,2022-04-07,CU0009,SP010,ST001,PR026,1,189,5,179.55,Online Transfer,Returned,,,
TXN005979,2023-08-20,CU0539,SP015,ST004,PR033,3,119,0,357,Online Transfer,Completed,,,
TXN000813,2023-01-08,CU0377,SP008,ST008,PR023,1,179,5,170.05,Debit Card,Completed,,,
TXN003102,2022-12-22,CU0480,SP002,ST012,PR016,3,49,10,132.3,Debit Card,Completed,,,
TXN006629,2022-05-06,CU0011,SP009,ST011,PR013,3,89,0,267,Credit Card,Completed,,,
TXN003797,2024-03-06,CU0159,SP013,ST003,PR032,2,69,15,117.3,Debit Card,Completed,,,
TXN004916,2024-05-15,CU0271,SP001,ST012,PR036,4,249,5,946.2,Cash,Completed,,,
TXN005365,2024-05-17,CU0412,SP002,ST012,PR001,2,999,15,1698.3,Online Transfer,Completed,,,
TXN004961,2022-03-27,CU0275,SP010,ST010,PR020,1,159,0,159,Credit Card,Completed,,,
TXN003337,2023-05-10,CU0450,SP011,ST003,PR004,1,299,5,284.05,Debit Card,Returned,,,
TXN001681,2024-06-02,CU0358,SP015,ST008,PR038,2,39,5,74.1,Gift Card,Completed,,,
TXN004007,2024-04-17,CU0099,SP005,ST005,PR004,1,299,0,299,Gift Card,Completed,,,
TXN008903,2023-03-08,,SP015,ST003,PR022,1,89,10,80.1,Debit Card,Completed,,,
TXN004269,2024-03-07,CU0497,SP011,ST012,PR021,4,24,0,96,Credit Card,Cancelled,,,
TXN001617,2022-01-31,CU0606,SP009,ST011,PR039,1,28,0,28,Credit Card,Completed,,,
TXN004569,2023-02-28,CU0035,SP012,ST011,PR039,3,28,0,84,Cash,Completed,,,
TXN003786,2022-03-12,CU0039,SP013,ST011,PR007,1,699,10,629.1,Credit Card,Completed,,,
TXN002470,2022-03-14,CU0391,SP006,ST010,PR020,2,159,10,286.2,Cash,Completed,,,
TXN000119,2023-02-08,CU0109,SP014,ST006,PR008,1,449,10,404.1,Gift Card,Completed,,,
TXN000133,2022-03-30,CU0475,SP003,ST008,PR019,1,119,0,119,Debit Card,Cancelled,,,
TXN006831,2022-10-02,CU0410,SP012,ST005,PR025,1,65,15,55.25,Debit Card,Returned,,,
TXN006309,2023-08-05,CU0117,SP009,ST011,PR020,1,159,0,159,Cash,Completed,,,
TXN005126,2022-12-20,CU0568,SP010,ST008,PR011,1,499,0,499,Online Transfer,Completed,,,
TXN008958,2022-02-15,CU0477,SP010,ST007,PR016,2,49,10,88.2,Credit Card,Returned,,,
TXN004931,2024-02-16,CU0526,SP001,ST008,PR001,1,999,0,999,Online Transfer,Completed,,,
TXN008875,2024-04-06,CU0390,SP004,ST008,PR036,1,249,10,224.1,Online Transfer,Completed,,,
TXN000974,2023-11-09,CU0318,SP014,ST003,PR032,1,69,0,69,Credit Card,Cancelled,,,
TXN004005,2023-09-01,CU0191,SP003,ST009,PR035,1,49,0,49,Gift Card,Completed,,,
TXN006153,2022-09-03,CU0469,SP002,ST012,PR030,2,149,0,298,Debit Card,Returned,,,
TXN005612,2023-01-29,CU0081,SP004,ST004,PR016,2,49,0,98,Cash,Completed,,,
TXN008902,2023-12-25,CU0009,SP003,ST010,PR024,1,45,10,40.5,Credit Card,Completed,,,
TXN004524,2024-02-13,CU0208,SP004,ST009,PR010,1,199,10,179.1,Cash,Completed,,,
TXN003629,2023-10-17,CU0035,SP001,ST007,PR014,1,139,10,125.1,Online Transfer,Completed,,,
TXN005199,2022-03-11,CU0455,SP001,ST012,PR014,2,139,5,264.1,Cash,Completed,,,
TXN007311,2022-03-29,CU0553,SP012,ST008,PR023,1,179,0,179,Credit Card,Completed,,,
TXN002872,2023-10-18,CU0389,SP001,ST008,PR005,2,129,20,206.4,Online Transfer,Completed,,,
TXN005617,2023-06-01,CU0395,SP006,ST010,PR009,1,379,20,303.2,Online Transfer,Completed,,,
TXN001148,2023-12-17,CU0406,SP012,ST010,PR023,1,179,15,152.15,Debit Card,Completed,,,
TXN004006,2022-06-30,CU0223,SP006,ST010,PR040,1,22,10,19.8,Online Transfer,Completed,,,
TXN008245,2024-05-08,CU0222,SP002,ST009,PR035,2,49,20,78.4,Online Transfer,Completed,,,
TXN008151,2023-09-28,,SP002,ST002,PR023,1,179,20,143.2,Cash,Returned,,,
TXN007839,2022-02-16,CU0037,SP007,ST011,PR032,1,69,5,65.55,Online Transfer,Completed,,,
TXN006212,2023-07-09,CU0320,SP006,ST005,PR003,1,549,5,521.55,Credit Card,Completed,,,
TXN002038,2023-03-16,CU0490,SP012,ST003,PR006,1,79,5,75.05,Cash,Completed,,,
TXN001550,2022-08-10,CU0083,SP007,ST004,PR020,3,159,5,453.15,Gift Card,Completed,,,
TXN003072,2023-05-24,CU0599,SP015,ST010,PR026,1,189,0,189,Debit Card,Completed,,,
TXN001890,2024-05-29,CU0056,SP014,ST007,PR031,2,399,10,718.2,Credit Card,Completed,,,
TXN000067,2023-11-22,CU0108,SP007,ST008,PR022,2,89,0,178,Debit Card,Completed,,,
TXN007233,2023-01-20,CU0296,SP009,ST002,PR005,2,129,0,258,Debit Card,Completed,,,
TXN005146,2023-04-05,CU0291,SP005,ST005,PR017,4,99,20,316.8,Debit Card,Completed,,,
TXN004794,2022-10-12,CU0518,SP005,ST001,PR001,2,999,0,1998,Credit Card,Cancelled,,,
TXN007785,2022-08-20,CU0566,SP005,ST002,PR032,4,69,0,276,Cash,Completed,,,
TXN003399,2022-06-11,CU0139,SP009,ST001,PR035,3,49,0,147,Online Transfer,Completed,,,
TXN000822,2022-01-25,,SP005,ST002,PR011,2,499,0,998,Debit Card,Completed,,,
TXN005535,2022-03-25,CU0298,SP015,ST002,PR023,1,179,5,170.05,Credit Card,Completed,,,
TXN005284,2023-07-12,CU0136,SP010,ST007,PR023,4,179,0,716,Online Transfer,Cancelled,,,
TXN000011,2023-12-10,CU0147,SP011,ST005,PR023,2,179,0,358,Credit Card,Completed,,,
TXN000218,2024-05-25,CU0557,SP015,ST005,PR001,1,999,5,949.05,Debit Card,Returned,,,
TXN004609,2023-03-23,CU0193,SP007,ST008,PR019,1,119,10,107.1,Credit Card,Completed,,,
TXN000117,2022-07-04,CU0521,SP014,ST005,PR024,2,45,0,90,Gift Card,Completed,,,
TXN006839,2022-10-06,CU0156,SP001,ST011,PR023,3,179,10,483.3,Debit Card,Returned,,,
TXN002012,2024-04-04,CU0100,SP011,ST005,PR009,1,379,5,360.05,Debit Card,Completed,,,
TXN008964,2022-01-02,CU0359,SP005,ST002,PR011,2,499,10,898.2,Credit Card,Completed,,,
TXN003669,2024-04-05,CU0471,SP011,ST007,PR033,4,119,5,452.2,Credit Card,Completed,,,
TXN002804,2023-03-23,CU0088,SP009,ST012,PR039,1,28,0,28,Cash,Returned,,,
TXN004984,2024-05-17,CU0242,SP004,ST001,PR032,2,69,20,110.4,Online Transfer,Completed,,,
TXN004354,2022-10-09,CU0191,SP005,ST008,PR007,1,699,10,629.1,Credit Card,Completed,,,
TXN007398,2022-07-22,,SP002,ST006,PR016,1,49,0,49,Gift Card,Completed,,,
TXN000566,2024-01-17,CU0177,SP008,ST001,PR014,1,139,15,118.15,Cash,Completed,,,
TXN004884,2022-01-14,CU0576,SP013,ST010,PR017,2,99,0,198,Credit Card,Completed,,,
TXN006773,2023-08-08,CU0601,SP011,ST006,PR033,1,119,0,119,Online Transfer,Completed,,,
TXN006468,2022-01-31,CU0320,SP005,ST008,PR006,3,79,20,189.6,Debit Card,Completed,,,
TXN003472,2023-11-15,CU0184,SP010,ST011,PR031,2,399,5,758.1,Gift Card,Completed,,,
TXN002628,2023-01-16,CU0140,SP007,ST003,PR005,1,129,10,116.1,Cash,Completed,,,
TXN005843,2022-08-02,CU0246,SP015,ST009,PR039,2,28,5,53.2,Online Transfer,Completed,,,
TXN007431,2023-11-22,CU0236,SP014,ST005,PR030,1,149,0,149,Credit Card,Returned,,,
TXN004403,2024-03-16,CU0465,SP001,ST001,PR022,3,89,0,238.94,Credit Card,Completed,,,
TXN002341,2022-07-14,CU0305,SP002,ST009,PR033,1,119,5,113.05,Cash,Cancelled,,,
TXN004482,2022-11-27,CU0577,SP015,ST007,PR028,1,89,10,80.1,Credit Card,Cancelled,,,
TXN003858,2024-04-17,CU0064,SP004,ST009,PR014,3,139,10,375.3,Debit Card,Completed,,,
TXN004722,2023-11-21,CU0394,SP010,ST002,PR017,1,99,15,84.15,Debit Card,Completed,,,
TXN002264,2024-01-04,CU0324,SP003,ST001,PR036,1,249,10,224.1,Debit Card,Completed,,,
TXN005298,2023-08-06,CU0412,SP007,ST011,PR003,1,549,0,549,Online Transfer,Returned,,,
TXN004066,2022-09-24,CU0050,SP005,ST004,PR032,1,69,10,62.1,Debit Card,Completed,,,
TXN006985,2024-02-07,CU0042,SP010,ST001,PR033,1,119,0,119,Cash,Returned,,,
TXN005374,2023-10-21,CU0418,SP001,ST006,PR024,1,45,5,42.75,Cash,Completed,,,
TXN005700,2022-03-24,CU0246,SP013,ST004,PR023,1,179,0,179,Credit Card,Completed,,,
TXN006245,2023-07-09,CU0539,SP015,ST009,PR037,2,289,20,462.4,Credit Card,Cancelled,,,
TXN000196,2022-08-27,CU0011,SP008,ST007,PR021,2,24,20,38.4,Debit Card,Completed,,,
TXN005009,2022-05-10,CU0309,SP007,ST007,PR006,1,79,10,71.1,Debit Card,Completed,,,
TXN006758,2024-03-03,CU0256,SP010,ST011,PR035,1,49,10,44.1,Cash,Completed,,,
TXN006959,2024-05-07,CU0019,SP001,ST012,PR028,4,89,0,356,Credit Card,Completed,,,
TXN007080,2023-05-13,CU0348,SP001,ST011,PR023,1,179,0,179,Credit Card,Completed,,,
TXN001384,2023-05-12,,SP001,ST009,PR032,1,69,10,62.1,Debit Card,Completed,,,
TXN003727,2023-12-17,CU0606,SP008,ST010,PR039,1,28,10,25.2,Online Transfer,Completed,,,
TXN004084,2022-07-24,CU0574,SP009,ST002,PR015,1,59,5,56.05,Debit Card,Cancelled,,,
TXN003390,2023-10-25,CU0177,SP012,ST001,PR020,2,159,0,318,Credit Card,Completed,,,
TXN001081,2022-08-31,CU0333,SP011,ST006,PR029,1,169,20,135.2,Debit Card,Completed,,,
TXN007323,2023-11-12,CU0556,SP001,ST008,PR014,1,139,5,132.05,Cash,Completed,,,
TXN002071,2024-02-05,CU0260,SP005,ST011,PR014,1,139,5,132.05,Online Transfer,Returned,,,
TXN000215,2023-03-13,CU0443,SP007,ST006,PR033,1,119,10,107.1,Debit Card,Completed,,,
TXN007938,2022-02-27,CU0215,SP012,ST009,PR026,3,189,10,510.3,Credit Card,Cancelled,,,
TXN007191,2023-04-11,CU0499,SP006,ST005,PR017,3,99,10,267.3,Gift Card,Returned,,,
TXN003579,2023-07-09,CU0497,SP005,ST001,PR018,2,59,15,100.3,Credit Card,Completed,,,
TXN004325,2024-03-06,CU0603,SP014,ST006,PR023,1,179,10,161.1,Cash,Completed,,,
TXN002427,2023-06-13,CU0282,SP005,ST010,PR025,2,65,0,130,Online Transfer,Returned,,,
TXN006630,2023-02-06,CU0218,SP003,ST010,PR016,2,49,15,83.3,Debit Card,Completed,,,
TXN005017,2022-08-16,CU0511,SP013,ST010,PR039,1,28,15,23.8,Gift Card,Completed,,,
TXN006492,2023-05-27,CU0242,SP001,ST009,PR033,4,119,20,380.8,Debit Card,Completed,,,
TXN007847,2023-07-07,CU0408,SP012,ST012,PR032,4,69,5,262.2,Credit Card,Returned,,,
TXN004877,2023-06-05,CU0486,SP011,ST009,PR035,2,49,15,83.3,Credit Card,Completed,,,
TXN001892,2022-11-05,CU0381,SP015,ST001,PR010,2,199,5,378.1,Debit Card,Completed,,,
TXN003628,2022-03-02,CU0414,SP013,ST002,PR035,3,49,0,147,Online Transfer,Completed,,,
TXN000754,2022-04-10,CU0139,SP015,ST007,PR021,2,24,0,48,Gift Card,Completed,,,
TXN002086,2023-06-08,CU0001,SP005,ST012,PR021,2,24,10,43.2,Online Transfer,Returned,,,
TXN003685,2022-11-12,CU0122,SP011,ST004,PR020,2,159,5,302.1,Credit Card,Completed,,,
TXN001673,2023-10-18,CU0082,SP008,ST002,PR015,2,59,20,94.4,Cash,Completed,,,
TXN000898,2023-12-13,CU0464,SP006,ST009,PR015,1,59,10,53.1,Gift Card,Completed,,,
TXN006942,2023-01-19,CU0202,SP013,ST001,PR032,3,69,5,196.65,Credit Card,Completed,,,
TXN006954,2022-07-23,CU0550,SP015,ST011,PR040,1,22,0,22,Debit Card,Completed,,,
TXN003032,2022-11-27,CU0153,SP001,ST010,PR037,2,289,0,578,Debit Card,Cancelled,,,
TXN004897,2022-11-09,CU0286,SP004,ST002,PR011,1,499,5,474.05,Online Transfer,Completed,,,
TXN000723,2023-05-19,CU0575,SP008,ST010,PR018,2,59,5,112.1,Cash,Completed,,,
TXN003074,2023-08-01,CU0482,SP015,ST006,PR011,1,499,5,474.05,Gift Card,Cancelled,,,
TXN006690,2022-09-01,CU0438,SP006,ST009,PR007,1,699,0,699,Cash,Completed,,,
TXN003515,2022-03-03,CU0569,SP010,ST005,PR034,3,79,10,213.3,Credit Card,Returned,,,
TXN008835,2023-07-20,CU0089,SP011,ST005,PR029,3,169,20,405.6,Credit Card,Completed,,,
TXN001909,2023-03-11,CU0530,SP007,ST002,PR005,1,129,10,116.1,Cash,Completed,,,
TXN000076,2023-06-03,CU0270,SP008,ST010,PR039,2,28,5,53.2,Credit Card,Completed,,,
TXN000266,2022-03-29,CU0284,SP002,ST006,PR002,1,749,10,674.1,Credit Card,Completed,,,
TXN003095,2022-09-19,CU0010,SP013,ST002,PR022,2,89,10,160.2,Debit Card,Completed,,,
TXN001761,2024-02-01,CU0449,SP015,ST008,PR026,2,189,0,378,Gift Card,Completed,,,
TXN006340,2022-11-10,CU0021,SP003,ST010,PR006,2,79,0,158,Debit Card,Completed,,,
TXN006499,2023-09-19,CU0115,,ST012,PR033,1,119,0,119,Cash,Cancelled,,,
TXN003286,2022-06-30,CU0017,SP013,ST012,PR033,1,119,5,113.05,Cash,Completed,,,
TXN008325,2023-01-23,CU0404,SP010,ST001,PR036,1,249,20,199.2,Credit Card,Completed,,,
TXN008158,2023-07-21,CU0119,SP008,ST007,PR011,1,499,0,499,Credit Card,Completed,,,
TXN008499,2022-12-10,CU0607,SP012,ST010,PR025,4,65,5,247,Cash,Completed,,,
TXN004039,2024-03-02,CU0276,SP013,ST001,PR002,1,749,15,636.65,Online Transfer,Cancelled,,,
TXN002072,2024-02-05,CU0251,SP004,ST002,PR023,2,179,0,358,Debit Card,Returned,,,
TXN008348,2022-07-16,CU0485,SP004,ST012,PR031,2,399,10,718.2,Cash,Completed,,,
TXN001145,2024-03-01,CU0265,SP010,ST009,PR024,2,45,0,90,Gift Card,Completed,,,
TXN007995,2023-09-27,CU0464,SP004,ST006,PR003,1,549,0,549,Credit Card,Completed,,,
TXN005094,2022-10-31,CU0385,SP005,ST010,PR006,2,79,0,158,Online Transfer,Completed,,,
TXN004905,2023-11-03,CU0285,SP001,ST009,PR006,1,79,0,79,Credit Card,Returned,,,
TXN003302,2023-06-29,CU0331,SP001,ST004,PR027,1,129,20,103.2,Credit Card,Completed,,,
TXN007452,2023-07-31,CU0283,SP010,ST011,PR016,1,49,0,49,Credit Card,Completed,,,
TXN001485,2024-04-09,CU0553,SP015,ST002,PR028,1,89,0,89,Debit Card,Completed,,,
TXN008046,2023-03-28,CU0062,SP013,ST010,PR026,1,189,0,189,Credit Card,Completed,,,
TXN003462,2022-09-03,CU0052,SP002,ST001,PR021,1,24,0,24,Credit Card,Completed,,,
TXN002408,2023-05-22,CU0550,SP005,ST001,PR020,3,159,20,381.6,Debit Card,Cancelled,,,
TXN006927,2022-07-23,CU0455,SP011,ST009,PR027,1,129,10,116.1,Gift Card,Completed,,,
TXN003936,2023-10-07,CU0159,SP001,ST004,PR001,1,999,15,849.15,Online Transfer,Completed,,,
TXN003051,2023-03-12,CU0605,SP007,ST002,PR030,1,149,20,119.2,Credit Card,Cancelled,,,
TXN006313,2023-08-06,CU0070,SP005,ST009,PR023,1,179,20,143.2,Debit Card,Returned,,,
TXN001370,2023-12-25,,SP001,ST006,PR038,2,39,15,66.3,Debit Card,Completed,,,
TXN005467,2023-09-18,,SP015,ST011,PR022,1,89,20,71.2,Credit Card,Completed,,,
TXN002528,2023-12-30,CU0085,SP006,ST009,PR024,4,45,0,180,Online Transfer,Cancelled,,,
TXN004502,2024-06-10,CU0052,SP001,ST009,PR031,2,399,0,798,Gift Card,Completed,,,
TXN006019,2023-07-29,CU0590,SP003,ST010,PR024,1,45,0,45,Credit Card,Completed,,,
TXN008459,2024-03-24,CU0152,SP009,ST010,PR034,1,79,20,63.2,Debit Card,Returned,,,
TXN006142,2022-04-24,CU0142,SP008,ST002,PR028,3,89,0,267,Credit Card,Cancelled,,,
TXN007910,2023-05-01,CU0265,SP004,ST010,PR004,1,299,0,299,Online Transfer,Cancelled,,,
TXN001303,2023-03-22,CU0016,SP002,ST010,PR035,1,49,0,49,Credit Card,Completed,,,
TXN004761,2023-03-14,CU0110,SP015,ST011,PR010,1,199,0,199,Credit Card,Completed,,,
TXN005328,2022-12-09,CU0401,SP008,ST012,PR023,1,179,10,161.1,Credit Card,Completed,,,
TXN000027,2024-03-17,CU0344,SP012,ST001,PR022,4,89,5,338.2,Credit Card,Completed,,,
TXN004769,2022-07-30,CU0442,SP001,ST008,PR012,2,29,10,52.2,Credit Card,Completed,,,
TXN005341,2023-11-26,CU0399,SP014,ST009,PR005,1,129,0,129,Debit Card,Cancelled,,,
TXN008283,2022-08-13,CU0340,SP007,ST006,PR020,3,159,20,381.6,Credit Card,Completed,,,
TXN001580,2023-01-07,CU0222,SP014,ST011,PR036,2,249,0,498,Debit Card,Completed,,,
TXN004739,2023-11-13,CU0005,SP011,ST004,PR008,2,449,15,763.3,Credit Card,Completed,,,
TXN007313,2022-05-13,CU0455,SP010,ST007,PR005,1,129,0,129,Online Transfer,Completed,,,
TXN006635,2024-01-23,CU0534,SP005,ST004,PR036,3,249,10,672.3,Credit Card,Completed,,,
TXN006863,2022-11-23,CU0565,SP003,ST005,PR022,2,89,5,169.1,Online Transfer,Completed,,,
TXN008938,2022-12-30,CU0198,SP010,ST007,PR009,1,379,5,360.05,Cash,Completed,,,
TXN006858,2022-04-17,CU0092,SP014,ST005,PR009,1,379,15,322.15,Gift Card,Completed,,,
TXN000553,2024-03-27,CU0393,SP006,ST010,PR032,2,69,5,131.1,Cash,Cancelled,,,
TXN008878,2022-09-05,CU0605,SP007,ST002,PR025,2,65,15,110.5,Credit Card,Completed,,,
TXN001301,2022-03-15,CU0351,SP006,ST007,PR014,1,139,0,139,Debit Card,Completed,,,
TXN006282,2023-03-26,CU0199,SP005,ST010,PR032,1,69,0,69,Gift Card,Completed,,,
TXN001254,2023-11-30,CU0059,SP006,ST012,PR032,1,69,10,62.1,Debit Card,Completed,,,
TXN002810,2022-04-21,CU0044,SP003,ST001,PR026,2,189,5,359.1,Debit Card,Returned,,,
TXN003916,2024-01-17,CU0495,SP001,ST010,PR030,2,149,20,238.4,Credit Card,Completed,,,
TXN002639,2023-02-16,,SP011,ST008,PR018,3,59,0,177,Debit Card,Completed,,,
TXN006213,2022-07-07,CU0379,SP010,ST003,PR035,1,49,20,39.2,Cash,Cancelled,,,
TXN006131,2022-11-24,CU0298,SP005,ST004,PR006,1,79,15,67.15,Cash,Returned,,,
TXN000083,2024-01-05,CU0098,SP010,ST006,PR014,1,139,15,118.15,Credit Card,Completed,,,
TXN004247,2022-02-03,CU0553,SP003,ST010,PR038,2,39,5,74.1,Cash,Completed,,,
TXN003715,2022-06-08,CU0157,SP001,ST009,PR039,2,28,5,53.2,Online Transfer,Completed,,,
TXN006560,2022-12-27,CU0571,SP010,ST006,PR026,1,189,5,179.55,Cash,Completed,,,
TXN000187,2022-03-08,CU0067,SP003,ST005,PR038,3,39,15,99.45,Credit Card,Completed,,,
TXN006008,2022-10-10,CU0352,SP005,ST012,PR025,1,65,5,61.75,Gift Card,Cancelled,,,
TXN000382,2023-09-08,CU0064,SP015,ST006,PR032,4,69,0,276,Online Transfer,Returned,,,
TXN006838,2022-04-27,CU0512,SP008,ST008,PR034,1,79,10,71.1,Credit Card,Completed,,,
TXN000625,2022-06-03,CU0123,SP011,ST004,PR017,2,99,0,198,Online Transfer,Completed,,,
TXN007832,2022-06-28,CU0203,SP015,ST002,PR027,1,129,15,109.65,Debit Card,Completed,,,
TXN000245,2024-05-21,CU0070,SP006,ST001,PR025,2,65,10,117,Cash,Completed,,,
TXN004219,2023-04-29,CU0402,SP014,ST011,PR006,2,79,20,126.4,Debit Card,Returned,,,
TXN007421,2022-10-09,CU0319,SP001,ST012,PR016,1,49,0,49,Debit Card,Completed,,,
TXN004971,2022-07-04,,SP014,ST006,PR018,5,59,0,295,Online Transfer,Completed,,,
TXN004706,2022-09-06,CU0138,SP002,ST012,PR023,1,179,15,152.15,Online Transfer,Completed,,,
TXN001240,2022-11-16,CU0048,SP004,ST004,PR019,3,119,0,357,Online Transfer,Completed,,,
TXN002689,2022-09-25,CU0043,SP009,ST009,PR027,3,129,20,309.6,Credit Card,Completed,,,
TXN003578,2024-05-24,CU0559,SP015,ST006,PR037,1,289,10,260.1,Debit Card,Completed,,,
TXN004989,2023-03-17,CU0309,SP008,ST009,PR008,1,449,0,449,Cash,Completed,,,
TXN008249,2022-01-04,CU0295,SP002,ST006,PR031,2,399,5,758.1,Cash,Cancelled,,,
TXN007537,2023-10-22,CU0210,SP011,ST003,PR008,1,449,0,449,Cash,Cancelled,,,
TXN008842,2023-04-08,CU0576,SP008,ST011,PR012,1,29,5,27.55,Cash,Completed,,,
TXN000431,2022-12-29,CU0155,SP007,ST009,PR020,1,159,10,143.1,Credit Card,Returned,,,
TXN001835,2022-06-29,CU0509,SP012,ST005,PR036,1,249,5,236.55,Cash,Completed,,,
TXN006291,2023-07-07,CU0523,SP006,ST011,PR035,1,49,10,44.1,Online Transfer,Completed,,,
TXN002999,2023-12-14,CU0104,SP009,ST004,PR023,1,179,20,143.2,Credit Card,Returned,,,
TXN003328,2023-01-21,CU0394,SP013,ST011,PR015,2,59,0,118,Credit Card,Cancelled,,,
TXN007824,2022-01-31,CU0558,SP004,ST012,PR026,3,189,0,567,Credit Card,Completed,,,
TXN001360,2023-12-23,CU0066,SP014,ST011,PR005,2,129,0,258,Credit Card,Completed,,,
TXN002481,2022-11-29,CU0009,SP002,ST009,PR037,1,289,0,289,Debit Card,Completed,,,
TXN003553,2022-09-26,CU0297,SP002,ST005,PR037,1,289,0,289,Online Transfer,Completed,,,
TXN003320,2022-12-11,CU0161,SP003,ST004,PR029,1,169,0,169,Debit Card,Cancelled,,,
TXN006549,2023-03-09,CU0016,SP015,ST005,PR034,2,79,10,142.2,Credit Card,Cancelled,,,
TXN008177,2022-07-05,CU0188,SP009,ST011,PR021,1,24,0,24,Credit Card,Completed,,,
TXN008360,2022-03-07,CU0131,SP003,ST011,PR007,1,699,5,664.05,Online Transfer,Completed,,,
TXN002351,2022-01-19,CU0083,SP001,ST009,PR006,1,79,15,67.15,Cash,Completed,,,
TXN004754,2023-01-14,CU0169,SP003,ST007,PR016,3,49,5,139.65,Gift Card,Completed,,,
TXN008240,2023-11-30,CU0609,SP011,ST010,PR017,2,99,5,188.1,Online Transfer,Completed,,,
TXN004522,2024-04-04,CU0515,SP001,ST008,PR039,1,28,0,28,Debit Card,Returned,,,
TXN001887,2023-05-16,CU0375,SP011,ST007,PR016,3,49,20,117.6,Debit Card,Cancelled,,,
TXN002868,2022-09-11,CU0271,SP015,ST006,PR028,3,89,0,267,Credit Card,Cancelled,,,
TXN006293,2023-12-26,CU0564,SP014,ST010,PR021,1,24,5,22.8,Cash,Completed,,,
TXN002567,2022-06-24,CU0210,SP005,ST009,PR020,2,159,20,254.4,Debit Card,Returned,,,
TXN003378,2024-03-16,CU0599,SP006,ST008,PR032,2,69,5,131.1,Debit Card,Completed,,,
TXN006924,2022-02-07,CU0526,SP015,ST011,PR017,2,99,0,203.34,Credit Card,Completed,,,
TXN000296,2023-08-12,CU0166,SP002,ST009,PR013,2,89,0,178,Debit Card,Completed,,,
TXN002479,2024-04-22,CU0040,SP006,ST012,PR034,1,79,10,71.1,Cash,Completed,,,
TXN000392,2022-10-19,CU0448,SP011,ST005,PR029,3,169,0,507,Online Transfer,Completed,,,
TXN005751,2022-09-25,CU0494,SP005,ST005,PR038,1,39,0,39,Online Transfer,Completed,,,
TXN006089,2022-03-22,CU0179,SP001,ST007,PR027,1,129,0,129,Online Transfer,Completed,,,
TXN006891,2022-03-13,CU0080,SP004,ST009,PR039,3,28,5,79.8,Debit Card,Completed,,,
TXN003964,2023-08-28,CU0124,SP004,ST009,PR027,3,129,5,367.65,Debit Card,Completed,,,
TXN000827,2023-09-11,CU0036,SP006,ST005,PR023,3,179,10,483.3,Debit Card,Completed,,,
TXN004302,2023-08-21,CU0581,SP005,ST005,PR004,1,299,5,284.05,Online Transfer,Returned,,,
TXN006929,2023-09-20,CU0223,SP002,ST002,PR028,2,89,0,178,Debit Card,Completed,,,
TXN003496,2024-03-06,CU0254,SP002,ST010,PR020,2,159,0,318,Gift Card,Completed,,,
TXN008500,2022-02-21,CU0546,,ST004,PR017,3,99,10,267.3,Cash,Completed,,,
TXN001219,2023-05-21,CU0317,SP012,ST001,PR027,2,129,0,258,Credit Card,Completed,,,
TXN000511,2023-12-15,CU0301,SP002,ST006,PR036,3,249,20,597.6,Credit Card,Completed,,,
TXN008650,2024-03-17,CU0023,SP005,ST006,PR005,1,129,0,129,Credit Card,Cancelled,,,
TXN008886,2022-04-12,CU0451,SP002,ST004,PR030,2,149,0,298,Debit Card,Returned,,,
TXN002705,2023-01-13,CU0521,SP009,ST002,PR035,2,49,0,98,Debit Card,Completed,,,
TXN000598,2023-12-12,CU0384,SP010,ST008,PR011,2,499,5,948.1,Online Transfer,Completed,,,
TXN007091,2022-12-24,CU0403,SP001,ST004,PR002,2,749,5,1423.1,Debit Card,Returned,,,
TXN006430,2023-10-31,CU0208,SP005,ST007,PR024,1,45,0,45,Debit Card,Completed,,,
TXN006181,2022-06-09,CU0344,SP012,ST002,PR039,2,28,5,53.2,Cash,Returned,,,
TXN003256,2022-02-14,CU0569,SP010,ST011,PR013,1,89,5,84.55,Online Transfer,Completed,,,
TXN006756,2022-12-13,CU0333,SP008,ST005,PR022,4,89,0,356,Debit Card,Completed,,,
TXN007837,2023-10-19,CU0560,SP003,ST010,PR023,1,179,10,161.1,Cash,Completed,,,
TXN002469,2022-10-14,CU0203,SP006,ST007,PR020,1,159,10,143.1,Debit Card,Cancelled,,,
TXN008199,2022-11-15,CU0039,SP001,ST008,PR007,1,699,0,699,Credit Card,Completed,,,
TXN008555,2024-02-28,CU0444,SP012,ST010,PR015,1,59,0,59,Online Transfer,Completed,,,
TXN008899,2023-07-13,CU0332,SP001,ST011,PR027,3,129,0,387,Online Transfer,Completed,,,
TXN008785,2024-03-07,CU0262,SP014,ST008,PR024,1,45,20,36,Debit Card,Completed,,,
TXN002536,2024-02-16,CU0543,SP003,ST002,PR031,1,399,0,399,Gift Card,Cancelled,,,
TXN008643,2022-01-04,CU0507,SP011,ST009,PR034,1,79,0,79,Cash,Completed,,,
TXN004287,2022-06-16,CU0018,SP011,ST003,PR012,2,29,20,46.4,Credit Card,Cancelled,,,
TXN007506,2023-12-03,CU0094,SP015,ST009,PR039,1,28,5,26.6,Online Transfer,Completed,,,
TXN005859,2022-12-10,CU0393,SP007,ST007,PR020,1,159,0,159,Credit Card,Completed,,,
TXN005517,2022-04-10,CU0516,SP005,ST009,PR014,1,139,0,139,Debit Card,Completed,,,
TXN006195,2024-01-20,,SP005,ST002,PR003,1,549,20,439.2,Credit Card,Cancelled,,,
TXN008971,2022-02-17,CU0320,SP013,ST002,PR029,1,169,0,169,Credit Card,Cancelled,,,
TXN005457,2022-11-03,CU0273,SP015,ST005,PR001,1,999,20,799.2,Credit Card,Completed,,,
TXN006836,2023-07-25,CU0020,SP003,ST003,PR025,1,65,10,58.5,Credit Card,Completed,,,
TXN005987,2022-11-26,CU0278,SP008,ST002,PR009,1,379,0,379,Credit Card,Completed,,,
TXN007494,2023-11-25,CU0290,SP002,ST012,PR011,1,499,20,399.2,Cash,Completed,,,
TXN008957,2024-06-19,CU0307,,ST001,PR021,2,24,0,48,Debit Card,Completed,,,
TXN003634,2024-06-21,CU0543,SP012,ST003,PR031,1,399,0,399,Gift Card,Completed,,,
TXN001529,2024-05-26,CU0328,SP008,ST004,PR023,1,179,0,179,Online Transfer,Cancelled,,,
TXN007999,2023-07-26,CU0364,SP010,ST009,PR020,1,159,20,127.2,Online Transfer,Completed,,,
TXN005252,2023-02-08,CU0469,SP011,ST002,PR024,1,45,15,38.25,Online Transfer,Cancelled,,,
TXN005119,2023-05-22,CU0024,SP002,ST010,PR011,2,499,0,998,Online Transfer,Completed,,,
TXN004641,2022-10-20,CU0408,SP001,ST005,PR007,1,699,0,699,Cash,Completed,,,
TXN006419,2024-03-11,CU0440,SP003,ST005,PR008,2,449,10,808.2,Gift Card,Completed,,,
TXN002425,2024-01-30,CU0459,SP007,ST009,PR006,1,79,10,71.1,Credit Card,Completed,,,
TXN001808,2022-03-25,CU0469,,ST011,PR029,1,169,0,169,Debit Card,Completed,,,
TXN008827,2022-12-15,CU0386,SP009,ST001,PR010,1,199,0,199,Debit Card,Returned,,,
TXN008936,2023-02-16,CU0383,SP012,ST009,PR017,3,99,10,267.3,Debit Card,Completed,,,
TXN005195,2024-06-24,CU0060,SP015,ST005,PR039,1,28,0,28,Cash,Completed,,,
TXN007026,2022-05-30,CU0003,SP014,ST008,PR033,1,119,0,119,Online Transfer,Returned,,,
TXN003615,2024-05-12,CU0129,SP006,ST006,PR027,1,129,5,122.55,Online Transfer,Returned,,,
TXN003942,2023-04-12,CU0153,SP015,ST009,PR027,1,129,0,129,Online Transfer,Completed,,,
TXN005778,2024-04-27,CU0188,SP015,ST001,PR029,4,169,0,676,Credit Card,Completed,,,
TXN004027,2023-11-05,CU0064,SP008,ST003,PR029,2,169,5,321.1,Credit Card,Completed,,,
TXN006705,2022-06-09,CU0444,SP002,ST006,PR023,3,179,5,510.15,Credit Card,Cancelled,,,
TXN005796,2022-07-27,CU0042,SP002,ST006,PR018,1,59,10,53.1,Cash,Completed,,,
TXN008934,2023-10-13,CU0100,SP007,ST008,PR029,1,169,20,122.14,Debit Card,Completed,,,
TXN000916,2022-12-12,CU0548,SP008,ST009,PR006,1,79,5,75.05,Debit Card,Completed,,,
TXN008659,2022-11-19,,SP009,ST011,PR017,1,99,10,89.1,Debit Card,Completed,,,
TXN002353,2022-06-07,CU0542,SP004,ST001,PR029,1,169,5,160.55,Online Transfer,Completed,,,
TXN000956,2022-07-22,CU0472,SP001,ST011,PR020,2,159,0,318,Online Transfer,Completed,,,
TXN007437,2023-03-29,CU0569,SP003,ST007,PR012,1,29,0,29,Online Transfer,Completed,,,
TXN004704,2023-02-22,,SP011,ST005,PR024,4,45,0,180,Cash,Completed,,,
TXN003449,2022-10-03,CU0368,SP003,ST010,PR002,2,749,5,1423.1,Debit Card,Completed,,,
TXN007699,2023-01-30,CU0141,SP013,ST009,PR039,2,28,5,53.2,Credit Card,Completed,,,
TXN001955,2023-06-20,CU0575,SP014,ST008,PR017,2,99,0,198,Cash,Completed,,,
TXN005541,2023-07-18,CU0207,SP009,ST006,PR008,1,449,10,404.1,Online Transfer,Completed,,,
TXN002048,2022-08-28,CU0393,SP002,ST010,PR013,2,89,15,151.3,Credit Card,Completed,,,
TXN002777,2024-01-19,CU0179,SP006,ST001,PR003,1,549,10,494.1,Credit Card,Returned,,,
TXN004021,2022-07-14,CU0045,SP010,ST002,PR016,3,49,10,132.3,Cash,Completed,,,
TXN001040,2024-02-13,CU0041,SP009,ST010,PR023,2,179,0,358,Cash,Completed,,,
TXN003830,2023-03-29,CU0380,SP002,ST001,PR014,1,139,10,125.1,Gift Card,Cancelled,,,
TXN002718,2024-06-10,CU0431,SP001,ST009,PR024,5,45,15,191.25,Debit Card,Completed,,,
TXN001076,2022-07-01,CU0359,SP008,ST008,PR016,3,49,5,139.65,Credit Card,Completed,,,
TXN005403,2023-10-25,CU0119,SP005,ST005,PR007,1,699,15,594.15,Credit Card,Completed,,,
TXN008027,2022-12-04,CU0174,SP007,ST006,PR008,1,449,10,404.1,Gift Card,Completed,,,
TXN008290,2022-02-18,CU0348,SP007,ST011,PR027,2,129,0,258,Cash,Returned,,,
TXN004740,2022-08-21,CU0494,SP015,ST006,PR019,2,119,5,226.1,Debit Card,Completed,,,
TXN004952,2023-03-28,CU0289,SP011,ST007,PR006,2,79,0,158,Debit Card,Completed,,,
TXN005299,2022-11-12,CU0223,SP009,ST003,PR007,1,699,0,699,Cash,Completed,,,
TXN002288,2023-01-17,CU0480,SP008,ST002,PR009,1,379,5,360.05,Cash,Completed,,,
TXN001763,2024-04-19,CU0438,SP005,ST001,PR004,1,299,0,299,Debit Card,Cancelled,,,
TXN000660,2023-03-21,CU0308,SP004,ST012,PR005,1,129,10,116.1,Credit Card,Completed,,,
TXN007047,2024-04-28,CU0109,SP001,ST002,PR015,1,59,20,47.2,Cash,Completed,,,
TXN001216,2022-11-22,CU0392,SP015,ST011,PR039,1,28,0,28,Debit Card,Completed,,,
TXN002972,2023-09-05,CU0004,SP012,ST005,PR034,1,79,5,75.05,Debit Card,Completed,,,
TXN000837,2022-11-24,CU0492,SP013,ST004,PR010,1,199,10,179.1,Credit Card,Completed,,,
TXN007463,2024-06-19,CU0011,SP006,ST001,PR002,1,749,20,599.2,Credit Card,Completed,,,
TXN004421,2024-04-05,CU0387,SP007,ST006,PR013,2,89,5,169.1,Online Transfer,Completed,,,
TXN003774,2023-03-11,CU0473,SP010,ST003,PR024,1,45,10,40.5,Cash,Completed,,,
TXN002535,2023-01-05,CU0209,SP009,ST004,PR034,2,79,5,150.1,Debit Card,Returned,,,
TXN001882,2023-12-21,CU0213,SP003,ST005,PR020,2,159,15,270.3,Debit Card,Completed,,,
TXN008985,2023-06-15,CU0539,SP008,ST005,PR027,2,129,5,245.1,Debit Card,Returned,,,
TXN004966,2023-07-20,CU0419,SP008,ST005,PR003,2,549,0,1098,Gift Card,Cancelled,,,
TXN006848,2022-05-23,CU0520,SP007,ST007,PR029,3,169,15,430.95,Debit Card,Completed,,,
TXN001793,2022-02-25,CU0515,SP007,ST006,PR040,2,22,5,41.8,Credit Card,Completed,,,
TXN005941,2024-06-02,CU0575,SP007,ST002,PR037,1,289,0,289,Debit Card,Completed,,,
TXN007860,2023-08-17,CU0011,SP002,ST003,PR013,2,89,5,169.1,Credit Card,Completed,,,
TXN008184,2022-02-16,CU0111,SP012,ST012,PR038,2,39,10,70.2,Debit Card,Returned,,,
TXN003910,2023-12-05,CU0236,SP004,ST009,PR032,1,69,0,69,Gift Card,Completed,,,
TXN004142,2023-12-12,CU0410,SP008,ST008,PR028,2,89,5,169.1,Gift Card,Completed,,,
TXN003904,2022-04-14,CU0241,SP006,ST010,PR034,1,79,20,63.2,Cash,Completed,,,
TXN005049,2023-04-29,CU0545,SP014,ST003,PR010,1,199,15,169.15,Gift Card,Completed,,,
TXN003771,2024-01-23,,SP001,ST008,PR036,2,249,0,498,Gift Card,Completed,,,
TXN000190,2024-06-24,CU0049,SP005,ST007,PR023,1,179,10,161.1,Credit Card,Completed,,,
TXN000734,2022-07-08,CU0070,SP004,ST007,PR025,2,65,0,130,Online Transfer,Completed,,,
TXN002281,2024-04-17,CU0329,SP001,ST011,PR003,1,549,20,439.2,Debit Card,Completed,,,
TXN003736,2024-06-05,CU0284,SP007,ST010,PR018,4,59,0,236,Credit Card,Cancelled,,,
TXN003971,2023-10-12,CU0069,SP015,ST012,PR020,2,159,0,318,Credit Card,Completed,,,
TXN001478,2024-01-28,CU0046,SP007,ST001,PR023,3,179,5,510.15,Online Transfer,Completed,,,
TXN002391,2023-08-01,CU0482,SP013,ST007,PR006,1,79,15,67.15,Online Transfer,Completed,,,
TXN003488,2023-02-01,CU0020,SP010,ST002,PR034,2,79,5,150.1,Debit Card,Completed,,,
TXN001346,2022-08-30,CU0567,SP007,ST012,PR025,2,65,0,130,Credit Card,Cancelled,,,
TXN001867,2023-08-28,CU0416,SP007,ST010,PR011,2,499,0,998,Gift Card,Completed,,,
TXN002315,2023-01-29,CU0357,SP004,ST012,PR018,1,59,20,47.2,Online Transfer,Completed,,,
TXN007334,2022-06-07,CU0283,SP013,ST004,PR010,1,199,0,199,Credit Card,Completed,,,
TXN002383,2024-04-23,CU0314,SP011,ST001,PR021,5,24,0,120,Debit Card,Completed,,,
TXN003643,2023-10-29,CU0229,SP005,ST004,PR037,1,289,10,260.1,Debit Card,Completed,,,
TXN008338,2023-06-05,CU0179,SP001,ST005,PR032,1,69,0,69,Debit Card,Completed,,,
TXN004149,2022-03-18,CU0035,SP001,ST001,PR039,2,28,5,53.2,Cash,Completed,,,
TXN005827,2022-04-24,CU0086,SP007,ST004,PR034,2,79,10,142.2,Credit Card,Cancelled,,,
TXN000326,2023-03-13,,SP004,ST002,PR035,1,49,15,41.65,Cash,Completed,,,
TXN000557,2022-06-20,CU0285,SP012,ST003,PR034,2,79,10,142.2,Credit Card,Completed,,,
TXN007968,2023-08-13,CU0256,SP013,ST009,PR003,2,549,0,1098,Credit Card,Cancelled,,,
TXN001082,2023-07-24,CU0274,SP007,ST002,PR021,2,24,10,43.2,Online Transfer,Completed,,,
TXN002495,2022-03-03,CU0473,SP001,ST001,PR017,2,99,10,178.2,Online Transfer,Returned,,,
TXN006192,2023-08-24,CU0063,SP006,ST007,PR001,1,999,0,999,Online Transfer,Returned,,,
TXN006160,2023-05-09,CU0399,SP012,ST003,PR014,1,139,15,118.15,Debit Card,Completed,,,
TXN002935,2022-01-15,CU0126,SP004,ST003,PR027,1,129,5,122.55,Credit Card,Completed,,,
TXN008914,2023-11-07,CU0607,SP006,ST009,PR021,1,24,0,24,Online Transfer,Completed,,,
TXN000418,2022-05-15,CU0413,SP001,ST009,PR037,1,289,0,289,Credit Card,Returned,,,
TXN006753,2023-04-18,CU0402,SP014,ST010,PR033,2,119,10,214.2,Gift Card,Completed,,,
TXN001934,2022-03-30,CU0387,SP013,ST001,PR016,2,49,15,83.3,Credit Card,Completed,,,
TXN004606,2022-06-21,CU0266,SP004,ST006,PR035,2,49,20,78.4,Cash,Completed,,,
TXN001236,2022-08-13,CU0316,SP006,ST002,PR004,2,299,0,598,Cash,Returned,,,
TXN003604,2024-06-25,CU0264,SP015,ST009,PR040,2,22,0,44,Online Transfer,Completed,,,
TXN008847,2024-01-11,CU0227,SP001,ST010,PR001,1,999,0,999,Debit Card,Completed,,,
TXN007893,2023-02-07,CU0546,SP012,ST002,PR036,4,249,20,796.8,Debit Card,Completed,,,
TXN007908,2022-01-16,CU0349,SP008,ST003,PR027,1,129,5,122.55,Credit Card,Completed,,,
TXN008860,2024-04-11,CU0563,SP005,ST008,PR002,2,749,5,1423.1,Cash,Returned,,,
TXN006219,2023-10-20,CU0166,SP003,ST003,PR029,1,169,20,135.2,Credit Card,Cancelled,,,
TXN006096,2023-04-11,CU0076,SP009,ST009,PR026,1,189,10,170.1,Debit Card,Completed,,,
TXN002188,2023-04-19,CU0121,SP006,ST004,PR004,1,299,10,269.1,Online Transfer,Completed,,,
TXN003758,2023-11-12,CU0043,SP003,ST004,PR019,2,119,0,238,Online Transfer,Completed,,,
TXN008658,2024-04-22,CU0318,SP009,ST005,PR005,1,129,15,109.65,Cash,Completed,,,
TXN005970,2022-06-15,CU0479,SP012,ST004,PR023,2,179,5,340.1,Credit Card,Completed,,,
TXN004912,2022-06-19,CU0475,SP007,ST002,PR036,3,249,15,634.95,Gift Card,Completed,,,
TXN002257,2022-12-01,CU0030,,ST012,PR005,2,129,5,245.1,Debit Card,Completed,,,
TXN000284,2024-04-27,CU0231,SP012,ST012,PR003,2,549,0,1098,Cash,Completed,,,
TXN001979,2022-09-14,CU0144,SP014,ST002,PR028,3,89,5,253.65,Cash,Completed,,,
TXN006114,2024-06-18,CU0232,SP004,ST007,PR023,2,179,5,340.1,Cash,Returned,,,
TXN008152,2023-02-04,CU0444,SP006,ST012,PR027,3,129,5,367.65,Credit Card,Completed,,,
TXN003498,2023-12-01,CU0556,SP004,ST003,PR022,3,89,0,267,Online Transfer,Cancelled,,,
TXN001126,2022-04-08,CU0559,SP013,ST002,PR012,1,29,20,23.2,Cash,Cancelled,,,
TXN006073,2023-10-30,CU0499,SP012,ST010,PR013,1,89,20,71.2,Credit Card,Completed,,,
TXN003096,2022-05-08,CU0309,SP007,ST008,PR038,2,39,20,62.4,Credit Card,Cancelled,,,
TXN007404,2024-03-22,CU0387,SP010,ST001,PR026,1,189,0,189,Cash,Completed,,,
TXN006043,2023-05-13,CU0310,SP003,ST002,PR002,1,749,20,599.2,Debit Card,Completed,,,
TXN001803,2022-12-09,CU0393,SP007,ST006,PR033,2,119,0,238,Online Transfer,Returned,,,
TXN002369,2023-08-30,CU0229,SP001,ST012,PR015,1,59,10,53.1,Debit Card,Completed,,,
TXN008839,2022-06-26,CU0145,SP003,ST009,PR022,4,89,20,284.8,Credit Card,Completed,,,
TXN008850,2023-05-19,CU0225,SP007,ST005,PR034,1,79,10,71.1,Credit Card,Completed,,,
TXN001223,2024-06-11,CU0011,SP003,ST007,PR031,2,399,0,798,Credit Card,Completed,,,
TXN003407,2023-07-25,CU0168,SP002,ST005,PR003,3,549,10,1482.3,Credit Card,Cancelled,,,
TXN005795,2023-01-21,CU0378,SP007,ST004,PR036,1,249,0,281.48,Credit Card,Completed,,,
TXN006321,2024-04-24,CU0521,SP007,ST010,PR026,2,189,15,321.3,Online Transfer,Cancelled,,,
TXN006345,2023-01-02,CU0438,SP007,ST005,PR030,2,149,20,238.4,Cash,Completed,,,
TXN002778,2023-10-17,CU0372,SP009,ST002,PR023,3,179,10,483.3,Credit Card,Cancelled,,,
TXN002757,2024-01-27,CU0026,SP003,ST012,PR002,1,749,0,749,Debit Card,Completed,,,
TXN008316,2023-12-13,CU0580,SP001,ST005,PR008,1,449,15,381.65,Online Transfer,Completed,,,
TXN003055,2024-03-19,CU0524,SP004,ST011,PR007,2,699,0,1398,Online Transfer,Completed,,,
TXN003394,2024-02-10,CU0155,SP010,ST005,PR014,1,139,0,139,Debit Card,Cancelled,,,
TXN000504,2023-07-06,CU0541,SP013,ST001,PR025,2,65,15,110.5,Credit Card,Completed,,,
TXN004451,2023-11-21,CU0128,SP007,ST002,PR031,1,399,20,319.2,Gift Card,Returned,,,
TXN000188,2023-12-11,CU0259,SP011,ST009,PR036,1,249,10,224.1,Gift Card,Completed,,,
TXN002167,2024-04-19,CU0199,SP010,ST001,PR004,1,299,20,239.2,Online Transfer,Completed,,,
TXN003726,2024-06-03,CU0230,SP013,ST002,PR029,1,169,15,143.65,Debit Card,Completed,,,
TXN005381,2023-07-15,CU0275,SP013,ST006,PR033,1,119,0,119,Debit Card,Completed,,,
TXN003060,2023-12-16,CU0502,SP012,ST010,PR022,2,89,0,178,Debit Card,Cancelled,,,
TXN005061,2023-07-16,CU0486,SP003,ST003,PR035,3,49,10,132.3,Cash,Completed,,,
TXN002581,2024-04-11,CU0244,SP012,ST010,PR033,1,119,5,113.05,Cash,Returned,,,
TXN002453,2022-08-01,CU0391,SP009,ST007,PR040,1,22,10,19.8,Cash,Returned,,,
TXN002794,2023-09-30,CU0286,SP014,ST010,PR008,2,449,0,898,Debit Card,Completed,,,
TXN002393,2023-07-09,CU0028,SP006,ST007,PR015,1,59,5,56.05,Credit Card,Completed,,,
TXN007189,2022-02-13,CU0513,SP012,ST001,PR036,1,249,0,249,Debit Card,Completed,,,
TXN000691,2024-04-14,CU0041,SP006,ST011,PR032,3,69,20,165.6,Credit Card,Returned,,,
TXN003259,2022-07-17,CU0026,SP006,ST001,PR023,3,179,0,537,Gift Card,Completed,,,
TXN002007,2023-04-10,CU0081,SP004,ST008,PR020,2,159,0,318,Cash,Returned,,,
TXN005958,2023-03-23,CU0057,SP002,ST003,PR002,2,749,0,1498,Online Transfer,Returned,,,
TXN007438,2023-08-07,CU0424,SP006,ST003,PR033,1,119,10,107.1,Credit Card,Completed,,,
TXN002917,2024-02-09,CU0405,SP011,ST007,PR020,1,159,10,143.1,Credit Card,Cancelled,,,
TXN003723,2024-06-24,CU0472,SP002,ST005,PR025,1,65,0,65,Credit Card,Returned,,,
TXN004602,2022-10-31,CU0061,SP011,ST007,PR034,2,79,20,126.4,Cash,Completed,,,
TXN005046,2024-06-13,CU0359,SP012,ST005,PR031,3,399,0,1197,Online Transfer,Completed,,,
TXN004061,2024-05-20,CU0406,SP008,ST006,PR035,2,49,5,93.1,Online Transfer,Completed,,,
TXN006671,2023-06-11,CU0458,SP015,ST006,PR035,3,49,0,147,Debit Card,Completed,,,
TXN001770,2022-01-14,CU0170,SP002,ST009,PR027,1,129,15,109.65,Online Transfer,Completed,,,
TXN005588,2022-12-28,CU0469,SP010,ST001,PR002,1,749,15,636.65,Credit Card,Completed,,,
TXN007727,2023-08-31,CU0108,SP012,ST006,PR029,2,169,0,338,Online Transfer,Completed,,,
TXN001265,2024-04-20,CU0585,SP011,ST007,PR013,1,89,5,84.55,Online Transfer,Completed,,,
TXN004384,2022-12-23,CU0352,SP004,ST010,PR025,1,65,0,65,Cash,Completed,,,
TXN008647,2023-06-26,CU0061,SP004,ST006,PR007,1,699,0,699,Credit Card,Completed,,,
TXN001732,2022-04-23,CU0399,SP010,ST005,PR023,1,179,0,179,Debit Card,Returned,,,
TXN006187,2023-08-02,CU0445,SP002,ST004,PR018,1,59,0,63.75,Credit Card,Completed,,,
TXN000374,2024-04-04,,SP013,ST005,PR023,5,179,0,895,Debit Card,Completed,,,
TXN006137,2022-07-11,CU0059,SP013,ST007,PR034,2,79,0,158,Credit Card,Completed,,,
TXN007823,2024-02-23,CU0101,SP008,ST008,PR018,3,59,10,159.3,Cash,Completed,,,
TXN005423,2023-12-07,CU0302,SP004,ST003,PR033,2,119,10,214.2,Debit Card,Completed,,,
TXN006110,2022-06-20,CU0260,SP012,ST006,PR034,2,79,15,134.3,Debit Card,Returned,,,
TXN005036,2023-05-12,CU0382,SP003,ST002,PR028,3,89,0,267,Gift Card,Completed,,,
TXN000351,2023-01-01,CU0342,,ST006,PR038,3,39,0,117,Credit Card,Completed,,,
TXN001672,2023-01-08,CU0304,SP008,ST012,PR029,2,169,15,287.3,Cash,Completed,,,
TXN003174,2023-03-18,CU0335,SP011,ST005,PR035,1,49,10,44.1,Online Transfer,Returned,,,
TXN003071,2023-08-27,CU0180,SP010,ST005,PR024,3,45,10,121.5,Credit Card,Returned,,,
TXN002016,2024-02-23,CU0186,SP012,ST003,PR032,2,69,20,110.4,Cash,Cancelled,,,
TXN003021,2022-11-26,CU0008,SP002,ST008,PR037,1,289,10,260.1,Gift Card,Completed,,,
TXN005212,2023-03-26,CU0096,SP001,ST005,PR027,2,129,10,232.2,Cash,Completed,,,
TXN006540,2022-09-09,CU0240,SP008,ST009,PR007,2,699,0,1398,Cash,Completed,,,
TXN006376,2022-01-12,CU0231,SP011,ST008,PR021,4,24,15,81.6,Debit Card,Returned,,,
TXN002020,2024-05-02,CU0292,SP010,ST010,PR020,2,159,5,302.1,Online Transfer,Completed,,,
TXN007434,2022-11-06,CU0156,SP012,ST009,PR003,2,549,0,1098,Cash,Completed,,,
TXN006915,2022-06-02,CU0433,SP013,ST002,PR030,1,149,0,149,Debit Card,Completed,,,
TXN006788,2024-06-25,CU0364,SP014,ST011,PR015,1,59,5,56.05,Cash,Returned,,,
TXN003822,2023-04-15,CU0371,SP005,ST007,PR032,1,69,0,69,Gift Card,Returned,,,
TXN005076,2023-03-13,CU0528,SP011,ST001,PR026,1,189,0,189,Gift Card,Cancelled,,,
TXN001534,2023-05-08,CU0063,SP004,ST002,PR021,1,24,0,24,Online Transfer,Cancelled,,,
TXN007322,2024-03-28,CU0167,SP014,ST012,PR005,1,129,0,129,Online Transfer,Completed,,,
TXN008101,2022-06-29,CU0218,SP011,ST008,PR022,3,89,5,253.65,Credit Card,Completed,,,
TXN006363,2023-12-20,CU0461,SP013,ST006,PR026,1,189,0,189,Credit Card,Completed,,,
TXN003509,2022-02-04,CU0462,SP014,ST008,PR038,1,39,5,37.05,Cash,Completed,,,
TXN002883,2023-02-04,CU0445,SP003,ST012,PR028,1,89,5,84.55,Debit Card,Completed,,,
TXN008045,2023-11-28,CU0477,SP011,ST010,PR036,4,249,0,996,Debit Card,Completed,,,
TXN003555,2023-03-25,CU0426,SP013,ST003,PR019,1,119,20,95.2,Debit Card,Completed,,,
TXN002241,2023-05-10,CU0426,SP003,ST005,PR036,1,249,0,249,Credit Card,Completed,,,
TXN002598,2024-06-21,CU0397,SP011,ST002,PR024,2,45,15,76.5,Credit Card,Completed,,,
TXN002431,2023-09-03,CU0170,SP002,ST004,PR017,2,99,0,198,Credit Card,Cancelled,,,
TXN007325,2023-03-14,CU0467,SP004,ST012,PR010,1,199,0,199,Credit Card,Cancelled,,,
TXN000894,2022-02-03,CU0376,SP011,ST011,PR037,2,289,20,462.4,Credit Card,Completed,,,
TXN005050,2022-01-31,CU0531,SP014,ST008,PR024,2,45,0,90,Credit Card,Completed,,,
TXN002928,2022-02-15,,SP005,ST007,PR005,1,129,0,129,Debit Card,Completed,,,
TXN005912,2023-05-13,CU0373,SP004,ST008,PR008,2,449,10,808.2,Cash,Completed,,,
TXN006861,2023-03-06,CU0325,SP009,ST012,PR030,1,149,15,126.65,Cash,Returned,,,
TXN002802,2023-03-29,CU0367,SP002,ST007,PR010,1,199,5,189.05,Cash,Completed,,,
TXN005590,2022-04-25,CU0441,SP005,ST001,PR007,1,699,5,664.05,Cash,Completed,,,
TXN006882,2022-08-16,,SP011,ST012,PR020,1,159,0,159,Debit Card,Completed,,,
TXN002555,2022-04-09,CU0553,,ST004,PR021,2,24,10,43.2,Debit Card,Completed,,,
TXN006132,2022-03-21,CU0513,SP003,ST004,PR036,4,249,0,996,Credit Card,Completed,,,
TXN002021,2023-05-18,CU0286,SP009,ST007,PR032,4,69,5,262.2,Credit Card,Completed,,,
TXN000410,2023-02-07,CU0602,SP005,ST003,PR032,4,69,10,248.4,Debit Card,Completed,,,
TXN003777,2023-02-11,CU0237,SP003,ST010,PR032,1,69,15,58.65,Cash,Returned,,,
TXN005300,2022-06-19,CU0345,SP011,ST012,PR019,2,119,0,238,Online Transfer,Completed,,,
TXN007242,2023-02-14,CU0238,SP002,ST011,PR019,1,119,15,101.15,Credit Card,Returned,,,
TXN000541,2022-04-08,CU0213,SP014,ST008,PR025,1,65,10,58.5,Debit Card,Completed,,,
TXN003866,2022-05-02,CU0280,SP007,ST005,PR012,2,29,5,55.1,Online Transfer,Completed,,,
TXN007365,2022-06-17,CU0502,SP003,ST009,PR032,1,69,0,69,Debit Card,Completed,,,
TXN008098,2022-09-02,CU0039,SP003,ST001,PR024,2,45,15,76.5,Cash,Returned,,,
TXN007732,2023-06-28,CU0525,SP010,ST010,PR022,1,89,5,84.55,Debit Card,Completed,,,
TXN001912,2022-09-10,CU0246,SP004,ST010,PR027,2,129,15,219.3,Credit Card,Returned,,,
TXN003808,2022-12-14,CU0424,SP002,ST009,PR039,3,28,15,71.4,Credit Card,Completed,,,
TXN005369,2023-04-21,CU0008,SP002,ST007,PR038,1,39,0,39,Online Transfer,Completed,,,
TXN000777,2022-04-08,,SP008,ST003,PR014,1,139,10,125.1,Debit Card,Completed,,,
TXN007677,2023-03-04,CU0531,SP004,ST006,PR005,1,129,0,129,Online Transfer,Completed,,,
TXN000722,2022-10-17,CU0459,,ST004,PR015,1,59,10,53.1,Credit Card,Completed,,,
TXN002648,2022-06-20,CU0253,SP008,ST010,PR031,3,399,0,1197,Debit Card,Returned,,,
TXN002854,2023-04-04,CU0578,SP006,ST005,PR002,1,749,15,636.65,Debit Card,Cancelled,,,
TXN008660,2022-12-26,CU0427,SP014,ST012,PR033,1,119,10,107.1,Gift Card,Returned,,,
TXN008221,2023-02-06,CU0388,SP003,ST008,PR006,1,79,5,75.05,Credit Card,Completed,,,
TXN006849,2024-03-31,CU0463,SP007,ST010,PR002,1,749,10,674.1,Debit Card,Cancelled,,,
TXN002420,2023-08-02,CU0236,SP012,ST011,PR026,1,189,0,189,Credit Card,Cancelled,,,
TXN001560,2023-09-27,CU0266,SP009,ST010,PR037,2,289,0,578,Debit Card,Completed,,,
TXN008297,2024-04-20,CU0354,SP011,ST011,PR007,2,699,0,1398,Debit Card,Completed,,,
TXN002203,2023-02-06,CU0461,SP006,ST005,PR028,1,89,5,84.55,Debit Card,Cancelled,,,
TXN001269,2024-01-10,CU0344,SP004,ST006,PR039,1,28,20,22.4,Online Transfer,Returned,,,
TXN005581,2022-08-12,CU0082,SP014,ST009,PR003,1,549,0,549,Credit Card,Cancelled,,,
TXN000591,2022-12-12,CU0605,SP005,ST004,PR022,2,89,10,160.2,Debit Card,Completed,,,
TXN008465,2024-05-04,CU0342,SP007,ST008,PR029,2,169,10,304.2,Cash,Returned,,,
TXN008256,2023-09-03,CU0467,SP012,ST011,PR031,1,399,15,339.15,Credit Card,Cancelled,,,
TXN003173,2022-09-25,CU0053,SP015,ST004,PR017,1,99,0,99,Credit Card,Completed,,,
TXN004507,2022-03-24,CU0089,SP015,ST008,PR031,4,399,10,1436.4,Debit Card,Completed,,,
TXN005487,2022-06-16,CU0327,SP014,ST004,PR033,1,119,20,95.2,Credit Card,Completed,,,
TXN004124,2024-04-20,CU0024,SP005,ST003,PR035,2,49,0,98,Online Transfer,Completed,,,
TXN002221,2022-11-14,CU0438,SP001,ST004,PR010,1,199,15,169.15,Debit Card,Completed,,,
TXN002032,2024-05-02,CU0432,SP015,ST003,PR037,1,289,0,289,Debit Card,Completed,,,
TXN001923,2022-12-25,CU0413,SP013,ST008,PR019,1,119,20,95.2,Debit Card,Completed,,,
TXN008578,2024-02-10,CU0244,SP008,ST011,PR029,3,169,20,405.6,Credit Card,Completed,,,
TXN007017,2024-03-10,CU0505,SP010,ST005,PR025,1,65,0,65,Credit Card,Completed,,,
TXN007174,2022-08-10,CU0318,SP007,ST010,PR013,1,89,10,80.1,Cash,Completed,,,
TXN004243,2023-06-03,CU0241,SP003,ST008,PR005,1,129,0,129,Debit Card,Completed,,,
TXN002837,2022-09-08,CU0510,SP015,ST004,PR004,1,299,0,299,Gift Card,Completed,,,
TXN004918,2024-04-16,CU0223,SP013,ST010,PR040,2,22,0,44,Debit Card,Returned,,,
TXN003419,2022-04-03,CU0205,SP015,ST004,PR016,1,49,10,44.1,Credit Card,Returned,,,
TXN006983,2022-01-01,CU0063,SP009,ST001,PR036,4,249,0,996,Credit Card,Completed,,,
TXN006989,2023-03-07,CU0522,SP013,ST004,PR028,1,89,0,89,Debit Card,Cancelled,,,
TXN000066,2022-08-20,CU0298,SP014,ST007,PR010,1,199,10,179.1,Debit Card,Completed,,,
TXN002302,2023-04-14,CU0484,SP010,ST005,PR032,1,69,5,65.55,Credit Card,Cancelled,,,
TXN005072,2022-12-25,CU0402,SP001,ST008,PR001,2,999,5,1898.1,Cash,Completed,,,
TXN003205,2023-03-30,CU0404,SP007,ST012,PR003,1,549,10,494.1,Credit Card,Completed,,,
TXN007354,2023-02-25,CU0380,SP001,ST011,PR039,2,28,10,50.4,Online Transfer,Cancelled,,,
TXN000024,2023-12-11,CU0224,SP003,ST006,PR015,1,59,0,61.99,Credit Card,Cancelled,,,
TXN008990,2022-06-05,CU0434,SP015,ST002,PR024,4,45,0,180,Gift Card,Completed,,,
TXN008502,2024-05-15,CU0476,SP010,ST007,PR039,1,28,20,22.4,Cash,Completed,,,
TXN001906,2022-11-24,CU0052,SP004,ST001,PR026,1,189,10,170.1,Debit Card,Completed,,,
TXN006890,2023-04-14,CU0016,SP013,ST011,PR036,4,249,0,996,Cash,Cancelled,,,
TXN005437,2023-06-27,CU0153,SP006,ST004,PR034,2,79,20,126.4,Credit Card,Completed,,,
TXN003457,2024-01-10,CU0259,SP003,ST001,PR020,1,159,10,143.1,Debit Card,Cancelled,,,
TXN004446,2023-06-28,CU0502,SP013,ST001,PR006,3,79,0,237,Debit Card,Cancelled,,,
TXN006086,2022-05-12,CU0604,SP011,ST004,PR023,1,179,0,179,Cash,Completed,,,
TXN000231,2023-02-05,CU0180,SP007,ST004,PR009,1,379,10,341.1,Online Transfer,Completed,,,
TXN004531,2023-09-16,CU0591,SP008,ST005,PR037,2,289,20,462.4,Credit Card,Completed,,,
TXN004674,2023-07-09,CU0469,SP010,ST003,PR020,5,159,10,715.5,Gift Card,Completed,,,
TXN006117,2022-10-07,CU0065,SP003,ST006,PR017,2,99,10,178.2,Online Transfer,Cancelled,,,
TXN005085,2023-10-29,CU0293,SP009,ST006,PR038,2,39,15,66.3,Gift Card,Completed,,,
TXN002337,2022-03-18,CU0228,SP004,ST001,PR019,1,119,15,101.15,Cash,Cancelled,,,
TXN004460,2022-01-31,,SP011,ST005,PR032,3,69,10,186.3,Debit Card,Completed,,,
TXN002745,2022-12-08,CU0485,SP001,ST012,PR009,1,379,10,341.1,Credit Card,Completed,,,
TXN000099,2023-03-26,CU0417,SP013,ST001,PR014,1,139,10,125.1,Debit Card,Completed,,,
TXN007145,2022-12-13,CU0274,SP004,ST002,PR025,1,65,10,58.5,Online Transfer,Cancelled,,,
TXN004830,2023-07-06,CU0381,SP014,ST010,PR020,2,159,5,302.1,Online Transfer,Cancelled,,,
TXN008057,2024-06-13,CU0143,SP006,ST003,PR028,3,89,10,272.32,Online Transfer,Completed,,,
TXN001162,2023-05-08,CU0573,SP003,ST004,PR036,1,249,20,199.2,Debit Card,Completed,,,
TXN001735,2023-10-29,CU0046,SP013,ST004,PR039,1,28,15,23.8,Online Transfer,Completed,,,
TXN003022,2024-01-13,CU0192,SP010,ST001,PR006,1,79,0,79,Debit Card,Completed,,,
TXN001229,2022-08-15,CU0345,SP015,ST010,PR026,1,189,15,160.65,Online Transfer,Completed,,,
TXN008033,2023-04-06,CU0269,SP002,ST010,PR021,1,24,10,21.6,Debit Card,Completed,,,
TXN008308,2022-05-24,CU0267,SP012,ST005,PR018,2,59,20,94.4,Credit Card,Returned,,,
TXN002267,2022-02-15,CU0292,SP013,ST007,PR030,3,149,0,447,Debit Card,Completed,,,
TXN006510,2022-03-03,CU0325,SP011,ST009,PR010,1,199,10,179.1,Online Transfer,Completed,,,
TXN003310,2022-04-20,CU0405,SP003,ST008,PR016,2,49,5,93.1,Online Transfer,Completed,,,
TXN006228,2022-07-31,CU0103,SP011,ST001,PR008,1,449,20,359.2,Online Transfer,Completed,,,
TXN005439,2024-04-08,CU0597,SP006,ST005,PR014,1,139,0,139,Credit Card,Completed,,,
TXN008040,2022-10-16,CU0468,SP005,ST008,PR012,1,29,10,26.1,Cash,Cancelled,,,
TXN004850,2022-08-02,CU0325,SP014,ST011,PR001,3,999,0,2997,Credit Card,Completed,,,
TXN006450,2023-03-21,CU0402,SP007,ST007,PR025,2,65,0,130,Credit Card,Completed,,,
TXN004684,2024-06-03,CU0439,SP004,ST003,PR012,1,29,10,29.23,Debit Card,Completed,,,
TXN008483,2023-11-19,CU0426,SP011,ST012,PR016,4,49,0,196,Cash,Completed,,,
TXN001999,2022-09-07,CU0385,SP001,ST002,PR023,1,179,0,179,Debit Card,Completed,,,
TXN000355,2022-07-06,CU0362,SP006,ST008,PR019,2,119,10,214.2,Cash,Completed,,,
TXN000181,2022-09-09,CU0330,SP006,ST004,PR020,2,159,0,318,Credit Card,Completed,,,
TXN007342,2024-04-24,CU0317,SP010,ST005,PR004,1,299,5,284.05,Debit Card,Completed,,,
TXN001156,2024-03-12,CU0327,SP004,ST004,PR032,3,69,0,207,Credit Card,Completed,,,
TXN007483,2022-03-14,CU0143,SP006,ST001,PR039,3,28,20,67.2,Online Transfer,Completed,,,
TXN000380,2022-04-22,CU0111,SP015,ST007,PR031,1,399,5,379.05,Debit Card,Cancelled,,,
TXN008932,2023-02-08,CU0061,SP011,ST007,PR001,2,999,0,1998,Credit Card,Completed,,,
TXN004455,2022-10-26,CU0293,SP014,ST010,PR012,1,29,0,29,Debit Card,Completed,,,
TXN004820,2023-05-30,CU0542,SP001,ST001,PR032,1,69,0,69,Credit Card,Completed,,,
TXN004844,2024-01-03,CU0163,SP012,ST001,PR021,1,24,15,20.4,Cash,Completed,,,
TXN003043,2023-08-05,CU0296,SP003,ST002,PR026,2,189,5,359.1,Cash,Completed,,,
TXN002932,2023-06-21,CU0553,SP012,ST008,PR015,1,59,10,53.1,Online Transfer,Completed,,,
TXN003266,2024-05-21,CU0525,SP011,ST002,PR011,1,499,20,399.2,Online Transfer,Completed,,,
TXN006472,2022-07-15,CU0061,SP006,ST008,PR009,1,379,5,360.05,Gift Card,Completed,,,
TXN004625,2024-06-18,CU0440,SP005,ST001,PR040,2,22,0,44,Online Transfer,Returned,,,
TXN000914,2023-03-02,CU0437,SP004,ST012,PR008,1,449,5,426.55,Debit Card,Completed,,,
TXN000727,2023-05-23,CU0016,SP001,ST007,PR011,1,499,5,437.13,Online Transfer,Completed,,,
TXN008375,2022-06-04,CU0302,SP003,ST010,PR011,1,499,5,474.05,Online Transfer,Completed,,,
TXN003409,2022-07-01,CU0041,SP008,ST001,PR026,4,189,5,718.2,Debit Card,Completed,,,
TXN008337,2023-09-30,CU0245,SP008,ST008,PR015,2,59,0,118,Credit Card,Completed,,,
TXN005278,2022-08-15,CU0477,SP010,ST009,PR038,1,39,0,39,Online Transfer,Completed,,,
TXN004395,2024-04-14,CU0577,SP012,ST004,PR018,1,59,0,59,Debit Card,Returned,,,
TXN003319,2023-06-23,CU0384,SP002,ST012,PR025,3,65,0,195,Cash,Completed,,,
TXN005398,2023-07-24,CU0460,SP003,ST007,PR020,5,159,10,715.5,Cash,Cancelled,,,
TXN006326,2022-10-04,CU0367,SP002,ST004,PR025,1,65,10,58.5,Credit Card,Cancelled,,,
TXN004562,2023-08-21,CU0316,SP008,ST005,PR012,1,29,20,23.2,Credit Card,Completed,,,
TXN007705,2023-10-07,CU0128,SP006,ST007,PR028,1,89,0,89,Debit Card,Completed,,,
TXN005521,2022-01-04,CU0245,SP014,ST004,PR010,1,199,15,169.15,Credit Card,Completed,,,
TXN001903,2023-02-05,CU0354,SP013,ST009,PR029,3,169,0,507,Credit Card,Completed,,,
TXN006616,2023-02-06,,SP006,ST005,PR008,1,449,5,426.55,Credit Card,Completed,,,
TXN008153,2022-12-11,CU0530,SP015,ST002,PR028,2,89,5,169.1,Gift Card,Completed,,,
TXN004467,2023-06-17,CU0216,SP006,ST010,PR032,1,69,0,60.04,Cash,Completed,,,
TXN008125,2022-09-12,CU0253,SP002,ST011,PR036,2,249,5,473.1,Online Transfer,Completed,,,
TXN002669,2024-03-02,CU0538,SP001,ST006,PR012,1,29,15,24.65,Debit Card,Completed,,,
TXN001590,2022-04-03,CU0436,SP011,ST003,PR035,2,49,0,98,Online Transfer,Returned,,,
TXN008341,2023-09-26,CU0530,SP004,ST006,PR030,1,149,20,119.2,Debit Card,Completed,,,
TXN005832,2023-01-25,CU0544,SP010,ST008,PR031,2,399,15,678.3,Credit Card,Completed,,,
TXN004431,2022-05-04,CU0380,SP002,ST001,PR027,2,129,0,258,Cash,Completed,,,
TXN005384,2024-05-23,CU0292,SP012,ST011,PR021,1,24,5,22.8,Cash,Completed,,,
TXN006871,2023-04-29,CU0211,SP014,ST009,PR024,1,45,10,40.5,Cash,Completed,,,
TXN000021,2023-02-26,CU0501,SP014,ST004,PR025,3,65,5,181.25,Online Transfer,Completed,,,
TXN008354,2022-04-15,CU0430,SP006,ST002,PR038,1,39,20,31.2,Cash,Completed,,,
TXN000631,2022-11-04,CU0596,SP007,ST002,PR030,1,149,0,149,Cash,Cancelled,,,
TXN001574,2023-10-16,CU0478,SP010,ST003,PR018,3,59,0,177,Credit Card,Completed,,,
TXN004016,2023-10-03,CU0114,SP012,ST011,PR004,2,299,5,568.1,Debit Card,Completed,,,
TXN005052,2022-06-25,CU0333,SP013,ST012,PR005,1,129,5,122.55,Online Transfer,Completed,,,
TXN002944,2022-05-24,CU0443,SP004,ST010,PR002,1,749,0,749,Credit Card,Completed,,,
TXN001128,2024-04-14,CU0073,SP009,ST007,PR036,1,249,0,249,Credit Card,Completed,,,
TXN001670,2023-07-21,CU0049,SP006,ST003,PR033,1,119,0,119,Cash,Completed,,,
TXN008752,2023-01-01,CU0336,SP008,ST010,PR036,1,249,0,249,Credit Card,Completed,,,
TXN003958,2023-04-13,CU0444,SP009,ST011,PR031,3,399,10,1077.3,Gift Card,Completed,,,
TXN002890,2023-12-04,CU0438,SP002,ST008,PR025,1,65,10,58.5,Debit Card,Completed,,,
TXN008439,2024-03-15,CU0417,SP006,ST003,PR015,2,59,15,100.3,Debit Card,Completed,,,
TXN007740,2023-03-30,CU0074,SP003,ST005,PR040,4,22,0,88,Online Transfer,Completed,,,
TXN008669,2023-03-20,CU0526,SP006,ST004,PR004,1,299,0,299,Online Transfer,Completed,,,
TXN005597,2022-07-02,CU0122,SP008,ST004,PR021,1,24,5,22.8,Online Transfer,Completed,,,
TXN003070,2023-03-06,CU0607,SP014,ST011,PR003,1,549,5,521.55,Online Transfer,Cancelled,,,
TXN005258,2024-02-04,CU0096,SP005,ST004,PR027,2,129,0,258,Debit Card,Completed,,,
TXN001054,2022-06-21,CU0176,SP007,ST010,PR011,1,499,5,474.05,Online Transfer,Completed,,,
TXN005424,2024-03-09,CU0525,SP003,ST001,PR023,1,179,10,161.1,Gift Card,Completed,,,
TXN000135,2023-03-02,CU0593,SP010,ST012,PR024,1,45,10,40.5,Debit Card,Cancelled,,,
TXN006277,2022-07-28,CU0151,SP006,ST012,PR032,1,69,0,69,Cash,Completed,,,
TXN002286,2022-06-06,CU0509,SP012,ST004,PR017,2,99,10,178.2,Debit Card,Cancelled,,,
TXN006078,2022-12-16,CU0146,SP005,ST007,PR019,1,119,20,95.2,Credit Card,Completed,,,
TXN006225,2022-10-02,CU0259,SP005,ST012,PR026,1,189,15,160.65,Cash,Completed,,,
TXN001022,2024-01-18,CU0287,SP005,ST001,PR036,1,249,20,199.2,Credit Card,Cancelled,,,
TXN002647,2022-03-27,CU0347,SP010,ST006,PR038,2,39,15,66.3,Cash,Completed,,,
TXN003225,2022-09-19,CU0098,SP005,ST012,PR015,1,59,5,56.05,Debit Card,Returned,,,
TXN000401,2023-08-09,CU0134,SP008,ST011,PR026,1,189,0,189,Credit Card,Completed,,,
TXN001181,2023-08-05,CU0155,SP002,ST011,PR027,1,129,10,116.1,Credit Card,Completed,,,
TXN002502,2024-03-11,,SP004,ST005,PR022,1,89,0,89,Debit Card,Completed,,,
TXN008677,2023-06-02,CU0110,SP005,ST001,PR030,1,149,10,134.1,Credit Card,Completed,,,
TXN005532,2023-03-07,CU0362,SP006,ST011,PR028,1,89,10,80.1,Cash,Completed,,,
TXN008783,2022-12-19,CU0555,SP004,ST008,PR027,2,129,5,245.1,Online Transfer,Cancelled,,,
TXN000753,2022-06-12,CU0481,SP012,ST005,PR028,3,89,0,267,Credit Card,Cancelled,,,
TXN007290,2023-03-20,CU0446,SP007,ST005,PR021,1,24,0,24,Cash,Completed,,,
TXN000585,2023-01-13,CU0514,SP014,ST001,PR025,3,65,0,195,Credit Card,Completed,,,
TXN001716,2022-05-21,CU0606,SP009,ST012,PR037,3,289,5,823.65,Online Transfer,Completed,,,
TXN005857,2024-02-29,CU0122,SP001,ST006,PR019,1,119,0,119,Credit Card,Completed,,,
TXN000802,2024-05-02,CU0220,SP015,ST010,PR033,1,119,0,119,Credit Card,Completed,,,
TXN006516,2023-01-25,CU0243,SP009,ST001,PR008,2,449,10,808.2,Online Transfer,Completed,,,
TXN005746,2023-08-28,CU0531,SP006,ST008,PR019,1,119,20,95.2,Debit Card,Returned,,,
TXN005794,2022-04-18,CU0517,SP010,ST012,PR036,1,249,0,249,Gift Card,Returned,,,
TXN005007,2023-05-22,CU0313,SP005,ST003,PR014,2,139,10,250.2,Debit Card,Completed,,,
TXN001564,2022-07-17,CU0302,SP014,ST004,PR018,1,59,10,53.1,Online Transfer,Completed,,,
TXN001765,2023-11-10,CU0107,SP009,ST007,PR039,2,28,0,56,Credit Card,Completed,,,
TXN008522,2023-06-13,CU0382,SP005,ST009,PR003,1,549,0,549,Cash,Completed,,,
TXN003561,2023-06-04,CU0377,SP006,ST008,PR020,2,159,10,286.2,Debit Card,Completed,,,
TXN005531,2023-02-21,CU0269,SP014,ST009,PR020,1,159,15,135.15,Online Transfer,Completed,,,
TXN000033,2023-05-01,CU0455,SP012,ST011,PR002,1,749,0,749,Credit Card,Completed,,,
TXN005142,2023-12-10,CU0602,SP005,ST004,PR019,2,119,0,238,Online Transfer,Completed,,,
TXN004088,2022-10-03,CU0260,SP008,ST005,PR005,1,129,0,129,Cash,Completed,,,
TXN007284,2022-04-08,,SP002,ST002,PR004,1,299,10,269.1,Debit Card,Completed,,,
TXN007108,2023-10-14,CU0174,SP010,ST001,PR035,1,49,10,44.1,Cash,Completed,,,
TXN005311,2022-07-27,CU0527,SP001,ST001,PR013,1,89,0,89,Online Transfer,Returned,,,
TXN003097,2022-05-27,CU0352,SP015,ST001,PR030,3,149,0,447,Cash,Completed,,,
TXN007088,2023-01-13,CU0372,SP002,ST008,PR013,1,89,0,89,Credit Card,Returned,,,
TXN007211,2024-05-23,CU0440,SP014,ST004,PR026,1,189,5,179.55,Credit Card,Completed,,,
TXN006661,2022-07-23,CU0227,SP007,ST001,PR029,2,169,10,347.33,Online Transfer,Completed,,,
TXN007416,2022-04-04,CU0499,SP001,ST006,PR017,3,99,0,297,Online Transfer,Completed,,,
TXN003981,2022-02-08,CU0339,SP003,ST002,PR017,3,99,0,297,Cash,Completed,,,
TXN001053,2022-09-24,CU0336,SP003,ST009,PR031,2,399,10,718.2,Gift Card,Returned,,,
TXN000808,2024-06-20,CU0488,SP003,ST001,PR006,2,79,10,142.2,Cash,Completed,,,
TXN006583,2022-01-05,CU0065,SP011,ST003,PR018,1,59,15,50.15,Cash,Completed,,,
TXN001785,2022-03-09,CU0370,SP005,ST007,PR030,2,149,5,283.1,Credit Card,Completed,,,
TXN005207,2022-02-12,CU0040,SP011,ST009,PR025,2,65,0,130,Debit Card,Completed,,,
TXN005815,2023-07-30,CU0532,SP011,ST001,PR021,1,24,0,24,Debit Card,Returned,,,
TXN003345,2024-03-07,CU0488,SP004,ST008,PR035,1,49,0,49,Debit Card,Completed,,,
TXN005177,2022-02-07,,SP011,ST010,PR038,1,39,0,39,Credit Card,Completed,,,
TXN003411,2024-06-30,CU0179,SP003,ST010,PR032,1,69,0,69,Cash,Completed,,,
TXN003003,2023-11-27,CU0005,SP010,ST009,PR009,1,379,0,379,Credit Card,Returned,,,
TXN002377,2023-10-23,,SP004,ST008,PR025,2,65,20,104,Gift Card,Completed,,,
TXN000978,2023-01-23,CU0193,SP009,ST011,PR004,1,299,0,299,Credit Card,Returned,,,
TXN004496,2022-10-07,CU0041,SP012,ST008,PR040,1,22,0,22,Credit Card,Completed,,,
TXN005315,2022-11-19,CU0499,SP004,ST003,PR029,1,169,5,160.55,Online Transfer,Completed,,,
TXN006965,2023-03-26,CU0007,SP007,ST006,PR021,2,24,20,38.4,Online Transfer,Cancelled,,,
TXN002410,2023-07-13,CU0409,SP009,ST001,PR033,1,119,0,119,Cash,Completed,,,
TXN000730,2024-05-12,CU0500,SP005,ST010,PR001,1,999,0,999,Debit Card,Completed,,,
TXN005353,2023-10-27,CU0237,SP003,ST005,PR038,3,39,0,117,Cash,Completed,,,
TXN005661,2022-10-11,CU0260,SP005,ST006,PR035,1,49,0,49,Debit Card,Completed,,,
TXN006659,2022-01-22,CU0307,SP008,ST011,PR029,1,169,10,152.1,Debit Card,Completed,,,
TXN002299,2022-03-29,CU0238,SP003,ST006,PR026,1,189,20,151.2,Debit Card,Cancelled,,,
TXN002916,2023-07-24,CU0574,SP011,ST012,PR019,2,119,5,226.1,Debit Card,Completed,,,
TXN007591,2024-03-24,CU0369,SP006,ST007,PR025,3,65,0,195,Debit Card,Completed,,,
TXN005032,2023-08-16,CU0586,SP013,ST005,PR023,2,179,10,322.2,Cash,Returned,,,
TXN003354,2022-03-26,CU0047,SP007,ST010,PR019,1,119,0,119,Debit Card,Completed,,,
TXN004492,2022-03-29,CU0089,SP008,ST010,PR034,1,79,20,63.2,Debit Card,Completed,,,
TXN002013,2023-09-08,CU0545,SP012,ST007,PR011,2,499,5,948.1,Online Transfer,Returned,,,
TXN004930,2024-02-09,CU0394,SP004,ST011,PR025,3,65,0,195,Credit Card,Returned,,,
TXN006290,2024-02-25,CU0240,SP010,ST001,PR010,2,199,20,318.4,Credit Card,Completed,,,
TXN005340,2022-11-05,CU0318,SP011,ST009,PR031,1,399,5,379.05,Cash,Completed,,,
TXN007962,2023-01-02,CU0529,,ST001,PR011,1,499,10,449.1,Debit Card,Completed,,,
TXN008357,2022-04-05,CU0280,SP006,ST002,PR028,2,89,15,151.3,Online Transfer,Completed,,,
TXN003839,2023-04-17,CU0168,SP009,ST008,PR014,1,139,5,132.05,Online Transfer,Completed,,,
TXN006678,2024-03-29,CU0076,SP015,ST011,PR006,1,79,10,71.1,Online Transfer,Cancelled,,,
TXN000329,2023-03-18,CU0504,SP006,ST006,PR015,1,59,0,59,Online Transfer,Completed,,,
TXN002419,2022-02-22,CU0509,SP009,ST012,PR017,3,99,0,297,Credit Card,Completed,,,
TXN005925,2024-06-28,CU0251,SP015,ST001,PR021,2,24,15,40.8,Gift Card,Completed,,,
TXN007791,2022-10-06,CU0283,,ST010,PR026,2,189,15,321.3,Debit Card,Completed,,,
TXN005905,2023-03-03,CU0048,SP001,ST010,PR005,1,129,5,122.55,Debit Card,Completed,,,
TXN005649,2022-01-23,CU0100,SP011,ST005,PR030,1,149,20,119.2,Credit Card,Completed,,,
TXN006647,2022-09-30,CU0244,SP014,ST006,PR011,1,499,5,474.05,Online Transfer,Returned,,,
TXN002814,2022-08-11,CU0413,SP014,ST009,PR031,3,399,0,1197,Debit Card,Completed,,,
TXN000853,2022-02-10,CU0581,SP001,ST001,PR006,3,79,5,225.15,Credit Card,Completed,,,
TXN005475,2022-07-19,CU0467,SP012,ST006,PR004,1,299,0,299,Debit Card,Completed,,,
TXN006338,2022-07-25,CU0142,SP005,ST006,PR001,1,999,0,999,Online Transfer,Completed,,,
TXN006867,2022-04-17,CU0194,SP014,ST007,PR040,1,22,0,22,Credit Card,Completed,,,
TXN006770,2022-03-29,CU0363,SP012,ST002,PR012,1,29,5,27.55,Cash,Cancelled,,,
TXN000445,2022-10-23,CU0009,SP008,ST011,PR008,1,449,15,381.65,Cash,Completed,,,
TXN008100,2022-12-25,CU0462,SP015,ST001,PR020,5,159,15,675.75,Debit Card,Returned,,,
TXN001816,2022-07-30,CU0196,SP010,ST002,PR020,3,159,20,381.6,Cash,Completed,,,
TXN007286,2022-08-25,CU0026,SP002,ST004,PR040,1,22,0,22,Online Transfer,Completed,,,
TXN000643,2022-03-02,CU0351,SP005,ST009,PR018,4,59,0,236,Online Transfer,Completed,,,
TXN007741,2022-08-18,CU0221,SP004,ST002,PR004,1,299,10,269.1,Debit Card,Completed,,,
TXN002739,2022-02-21,CU0085,SP011,ST010,PR005,3,129,5,367.65,Cash,Completed,,,
TXN005625,2024-02-08,CU0235,SP007,ST006,PR007,1,699,10,629.1,Debit Card,Completed,,,
TXN003494,2022-11-12,CU0347,SP001,ST008,PR035,3,49,0,147,Credit Card,Returned,,,
TXN006058,2022-11-27,CU0357,SP002,ST003,PR040,1,22,5,20.9,Online Transfer,Cancelled,,,
TXN007902,2022-06-25,CU0158,SP001,ST001,PR025,5,65,20,260,Debit Card,Completed,,,
TXN005760,2022-10-12,CU0152,SP010,ST004,PR024,4,45,5,171,Debit Card,Completed,,,
TXN003093,2022-11-18,CU0404,SP011,ST005,PR040,1,22,5,20.9,Online Transfer,Completed,,,
TXN000476,2023-02-13,CU0560,SP012,ST002,PR024,4,45,5,171,Credit Card,Returned,,,
TXN008546,2023-03-29,CU0289,SP005,ST003,PR005,1,129,0,129,Cash,Completed,,,
TXN004659,2022-07-14,CU0585,SP002,ST005,PR005,1,129,5,122.55,Gift Card,Returned,,,
TXN007879,2022-05-28,CU0297,SP007,ST008,PR021,4,24,0,96,Cash,Completed,,,
TXN005747,2023-12-05,CU0210,SP014,ST010,PR024,1,45,15,38.25,Credit Card,Completed,,,
TXN001116,2023-06-22,CU0142,SP012,ST008,PR001,1,999,5,949.05,Debit Card,Completed,,,
TXN007060,2023-11-28,CU0578,SP002,ST006,PR032,1,69,5,65.55,Cash,Completed,,,
TXN001968,2022-11-23,CU0370,SP012,ST001,PR025,2,65,10,117,Cash,Completed,,,
TXN007424,2024-01-16,CU0154,SP001,ST008,PR016,1,49,10,44.1,Cash,Cancelled,,,
TXN001097,2023-04-12,CU0309,SP013,ST009,PR006,2,79,5,150.1,Credit Card,Completed,,,
TXN003391,2023-12-10,CU0217,SP008,ST009,PR038,2,39,0,78,Debit Card,Cancelled,,,
TXN001585,2023-03-17,CU0069,SP008,ST005,PR027,1,129,0,129,Credit Card,Completed,,,
TXN004143,2023-11-24,CU0388,SP009,ST012,PR003,1,549,0,549,Credit Card,Completed,,,
TXN003620,2022-03-03,CU0412,SP006,ST008,PR014,1,139,15,118.15,Credit Card,Completed,,,
TXN001336,2023-11-18,CU0468,SP006,ST001,PR020,2,159,10,286.2,Debit Card,Completed,,,
TXN008792,2023-08-10,CU0515,SP014,ST008,PR005,2,129,20,206.4,Credit Card,Completed,,,
TXN006880,2022-01-15,,SP001,ST005,PR014,1,139,15,118.15,Debit Card,Completed,,,
TXN000202,2024-05-22,CU0344,SP010,ST005,PR019,1,119,10,107.1,Online Transfer,Cancelled,,,
TXN003949,2023-07-25,CU0024,SP006,ST008,PR033,1,119,10,107.1,Credit Card,Completed,,,
TXN004687,2023-02-26,CU0285,SP012,ST007,PR019,2,119,10,214.2,Credit Card,Completed,,,
TXN004597,2024-01-01,CU0049,SP009,ST002,PR034,1,79,0,79,Credit Card,Returned,,,
TXN001035,2023-02-23,,SP004,ST010,PR031,4,399,0,1596,Cash,Returned,,,
TXN001812,2022-01-30,CU0510,SP013,ST004,PR021,1,24,10,21.6,Online Transfer,Completed,,,
TXN005043,2022-01-24,CU0483,SP009,ST004,PR039,1,28,15,23.8,Credit Card,Returned,,,
TXN004886,2023-12-08,CU0288,SP015,ST002,PR006,1,79,5,75.05,Online Transfer,Completed,,,
TXN007630,2022-09-06,CU0408,SP011,ST012,PR004,1,299,15,254.15,Debit Card,Returned,,,
TXN004291,2024-02-19,CU0054,SP014,ST003,PR028,2,89,10,160.2,Cash,Completed,,,
TXN001262,2024-05-16,CU0138,SP007,ST002,PR005,3,129,5,367.65,Debit Card,Completed,,,
TXN000137,2022-04-30,CU0356,SP008,ST012,PR020,1,159,0,159,Debit Card,Completed,,,
TXN003915,2024-02-03,CU0022,SP010,ST007,PR014,1,139,20,111.2,Credit Card,Completed,,,
TXN002668,2022-11-19,CU0265,SP006,ST001,PR012,2,29,5,55.1,Online Transfer,Completed,,,
TXN006148,2022-08-09,CU0577,SP011,ST010,PR004,1,299,20,239.2,Debit Card,Completed,,,
TXN000735,2024-02-26,CU0326,SP001,ST010,PR001,1,999,5,949.05,Debit Card,Completed,,,
TXN000097,2022-09-17,CU0317,SP011,ST012,PR017,3,99,0,297,Credit Card,Cancelled,,,
TXN003344,2023-09-01,CU0001,SP009,ST008,PR024,3,45,5,128.25,Debit Card,Completed,,,
TXN005330,2023-07-19,CU0333,SP011,ST003,PR013,1,89,5,84.55,Debit Card,Completed,,,
TXN005332,2023-02-01,CU0314,SP004,ST010,PR032,1,69,15,58.65,Cash,Completed,,,
TXN003804,2022-01-26,CU0193,SP010,ST011,PR028,2,89,0,178,Cash,Completed,,,
TXN001378,2024-04-25,CU0007,SP011,ST009,PR022,4,89,5,338.2,Credit Card,Completed,,,
TXN001653,2023-05-09,CU0324,SP014,ST007,PR005,1,129,10,116.1,Cash,Completed,,,
TXN005414,2024-02-22,CU0105,SP007,ST006,PR035,2,49,0,98,Debit Card,Returned,,,
TXN007694,2022-04-22,CU0608,SP010,ST009,PR021,1,24,0,24,Cash,Cancelled,,,
TXN002662,2024-02-12,CU0537,SP006,ST011,PR025,1,65,5,61.75,Gift Card,Cancelled,,,
TXN002610,2024-06-16,CU0423,SP008,ST011,PR003,1,549,10,494.1,Debit Card,Cancelled,,,
TXN001487,2023-04-24,CU0368,SP011,ST004,PR019,1,119,0,119,Debit Card,Completed,,,
TXN006754,2023-01-27,CU0107,SP004,ST010,PR013,1,89,20,71.2,Credit Card,Returned,,,
TXN001490,2023-09-09,CU0057,SP005,ST007,PR019,1,119,0,119,Debit Card,Cancelled,,,
TXN007228,2022-11-11,CU0383,SP009,ST009,PR028,3,89,0,267,Debit Card,Completed,,,
TXN000787,2024-04-23,CU0193,SP015,ST010,PR025,1,65,0,65,Credit Card,Completed,,,
TXN007449,2023-12-28,CU0607,SP008,ST012,PR016,1,49,0,49,Debit Card,Completed,,,
TXN001465,2022-08-19,CU0482,SP007,ST002,PR027,2,129,5,245.1,Credit Card,Completed,,,
TXN002078,2022-12-30,CU0456,SP006,ST004,PR015,1,59,10,53.1,Cash,Completed,,,
TXN005501,2024-01-15,CU0562,SP001,ST001,PR038,2,39,15,66.3,Online Transfer,Completed,,,
TXN000977,2022-09-25,CU0265,SP014,ST011,PR009,2,379,10,682.2,Credit Card,Completed,,,
TXN008144,2023-08-05,,SP004,ST002,PR022,2,89,10,160.2,Credit Card,Returned,,,
TXN008794,2022-09-13,CU0170,SP012,ST008,PR029,1,169,0,169,Credit Card,Completed,,,
TXN001904,2022-10-20,CU0070,SP001,ST005,PR003,1,549,5,521.55,Online Transfer,Completed,,,
TXN003763,2023-03-21,CU0140,SP013,ST001,PR032,3,69,5,196.65,Cash,Cancelled,,,
TXN003042,2022-07-28,CU0298,SP015,ST003,PR005,1,129,5,122.55,Cash,Completed,,,
TXN008293,2024-02-11,CU0563,SP005,ST001,PR011,2,499,15,848.3,Debit Card,Completed,,,
TXN005203,2024-02-07,CU0204,SP012,ST007,PR004,2,299,0,598,Cash,Completed,,,
TXN006577,2022-06-18,CU0372,SP010,ST005,PR001,2,999,0,1998,Debit Card,Completed,,,
TXN000612,2023-04-14,CU0246,SP003,ST008,PR038,3,39,5,111.15,Credit Card,Completed,,,
TXN002839,2023-11-21,CU0028,SP004,ST009,PR005,2,129,0,258,Credit Card,Completed,,,
TXN000302,2023-03-06,CU0324,SP013,ST007,PR018,5,59,0,295,Credit Card,Completed,,,
TXN005020,2023-07-08,CU0589,SP013,ST010,PR017,1,99,0,99,Debit Card,Completed,,,
TXN006241,2023-12-28,CU0591,SP010,ST005,PR028,2,89,0,178,Credit Card,Completed,,,
TXN007787,2023-11-27,CU0158,SP006,ST006,PR018,5,59,0,295,Credit Card,Returned,,,
TXN006004,2022-08-13,,SP014,ST009,PR033,2,119,15,202.3,Cash,Completed,,,
TXN003819,2022-04-29,CU0415,SP001,ST001,PR031,3,399,0,1197,Gift Card,Completed,,,
TXN002388,2022-06-09,CU0055,SP004,ST003,PR039,1,28,10,25.2,Credit Card,Completed,,,
TXN007079,2022-03-10,CU0559,SP013,ST004,PR030,3,149,0,447,Debit Card,Returned,,,
TXN003587,2023-01-11,CU0422,,ST001,PR020,1,159,0,159,Credit Card,Completed,,,
TXN006417,2022-03-10,CU0098,SP010,ST010,PR035,4,49,20,156.8,Debit Card,Completed,,,
TXN005454,2024-04-11,CU0494,SP013,ST003,PR031,1,399,20,319.2,Online Transfer,Completed,,,
TXN002141,2024-02-05,CU0413,SP011,ST012,PR007,1,699,5,664.05,Debit Card,Completed,,,
TXN007973,2022-11-30,CU0508,SP009,ST008,PR026,2,189,20,302.4,Credit Card,Completed,,,
TXN005694,2022-01-08,CU0083,SP015,ST009,PR022,1,89,5,95.27,Debit Card,Completed,,,
TXN006582,2022-08-20,CU0430,SP012,ST009,PR014,1,139,0,139,Cash,Completed,,,
TXN002614,2024-03-02,CU0369,SP015,ST012,PR036,1,249,0,249,Credit Card,Completed,,,
TXN002499,2022-10-28,CU0555,SP012,ST009,PR023,2,179,0,358,Debit Card,Completed,,,
TXN008582,2024-04-30,CU0609,SP005,ST004,PR011,1,499,0,499,Debit Card,Completed,,,
TXN008633,2022-09-17,CU0440,SP004,ST006,PR024,2,45,20,72,Credit Card,Completed,,,
TXN007177,2022-06-23,CU0312,SP005,ST003,PR002,1,749,0,749,Credit Card,Completed,,,
TXN002725,2022-11-11,CU0031,SP005,ST008,PR027,1,129,0,129,Cash,Returned,,,
TXN002402,2022-06-13,CU0428,SP001,ST001,PR037,1,289,0,289,Cash,Cancelled,,,
TXN006339,2024-01-30,CU0454,SP006,ST003,PR004,1,299,0,299,Credit Card,Returned,,,
TXN006258,2023-02-24,CU0495,SP001,ST005,PR026,1,189,0,189,Online Transfer,Completed,,,
TXN001619,2022-03-07,CU0552,SP008,ST004,PR001,1,999,20,799.2,Gift Card,Completed,,,
TXN005781,2023-09-30,CU0418,SP001,ST005,PR016,2,49,20,78.4,Cash,Completed,,,
TXN003967,2022-10-29,CU0199,SP007,ST001,PR034,2,79,0,158,Debit Card,Completed,,,
TXN004598,2022-09-02,CU0143,SP013,ST008,PR009,1,379,10,341.1,Debit Card,Completed,,,
TXN006713,2022-02-04,CU0297,SP012,ST008,PR023,2,179,10,322.2,Credit Card,Completed,,,
TXN000913,2022-03-23,CU0252,SP008,ST001,PR005,2,129,5,245.1,Credit Card,Completed,,,
TXN007107,2022-02-14,,SP005,ST010,PR028,2,89,0,178,Cash,Completed,,,
TXN004237,2024-04-24,CU0454,SP007,ST001,PR030,1,149,10,134.1,Debit Card,Completed,,,
TXN007400,2024-03-16,CU0521,SP002,ST001,PR030,2,149,15,253.3,Debit Card,Completed,,,
TXN004315,2022-08-17,CU0348,SP003,ST003,PR023,2,179,5,340.1,Gift Card,Completed,,,
TXN003519,2023-02-03,CU0439,SP010,ST006,PR002,2,749,10,1348.2,Debit Card,Completed,,,
TXN004369,2023-03-13,CU0058,SP015,ST002,PR036,1,249,5,236.55,Gift Card,Completed,,,
TXN005059,2022-12-25,CU0526,SP006,ST002,PR037,1,289,5,274.55,Debit Card,Completed,,,
TXN008494,2022-04-19,CU0327,SP008,ST006,PR033,1,119,5,113.05,Debit Card,Cancelled,,,
TXN007971,2024-03-24,CU0208,SP005,ST001,PR020,1,159,0,159,Online Transfer,Returned,,,
TXN007658,2023-03-20,CU0340,SP010,ST010,PR024,2,45,20,72,Online Transfer,Completed,,,
TXN000396,2022-10-02,CU0271,SP005,ST007,PR028,1,89,10,80.1,Credit Card,Completed,,,
TXN008586,2022-01-09,CU0235,SP001,ST001,PR037,3,289,0,867,Online Transfer,Returned,,,
TXN005757,2023-10-05,CU0112,SP003,ST003,PR001,1,999,5,949.05,Cash,Completed,,,
TXN008063,2023-11-05,CU0275,SP006,ST010,PR016,1,49,0,49,Credit Card,Completed,,,
TXN008602,2023-07-15,CU0330,SP012,ST011,PR038,3,39,5,111.15,Debit Card,Completed,,,
TXN008791,2024-06-25,CU0026,SP015,ST006,PR028,4,89,10,320.4,Debit Card,Completed,,,
TXN001377,2023-06-26,CU0021,SP007,ST008,PR022,1,89,0,89,Cash,Completed,,,
TXN001324,2022-06-01,CU0229,SP010,ST001,PR034,1,79,5,75.05,Online Transfer,Completed,,,
TXN004939,2022-03-09,CU0325,SP003,ST010,PR008,2,449,0,898,Gift Card,Completed,,,
TXN008816,2023-04-15,CU0495,SP007,ST004,PR010,2,199,0,398,Credit Card,Completed,,,
TXN007410,2023-03-14,CU0216,SP015,ST008,PR017,2,99,20,158.4,Cash,Completed,,,
TXN006946,2022-02-20,CU0382,SP010,ST012,PR034,1,79,0,79,Online Transfer,Completed,,,
TXN008194,2023-07-26,CU0506,SP013,ST011,PR006,2,79,0,158,Cash,Completed,,,
TXN005435,2022-11-06,CU0238,SP009,ST008,PR028,2,89,0,178,Credit Card,Cancelled,,,
TXN004920,2023-05-08,CU0506,SP001,ST007,PR037,1,289,15,245.65,Gift Card,Completed,,,
TXN004017,2022-03-15,CU0418,SP008,ST007,PR036,2,249,20,398.4,Gift Card,Completed,,,
TXN007160,2023-05-27,CU0599,SP005,ST003,PR037,1,289,0,289,Credit Card,Completed,,,
TXN000865,2022-09-14,CU0262,SP008,ST003,PR015,2,59,5,112.1,Credit Card,Returned,,,
TXN004389,2023-01-29,CU0489,SP006,ST007,PR022,2,89,10,160.2,Debit Card,Completed,,,
TXN002844,2023-01-05,CU0047,SP013,ST001,PR015,1,59,0,55.32,Credit Card,Completed,,,
TXN007733,2023-12-12,CU0217,SP007,ST012,PR021,1,24,0,24,Debit Card,Returned,,,
TXN001758,2023-06-13,CU0287,SP005,ST001,PR016,5,49,15,208.25,Gift Card,Completed,,,
TXN000748,2023-01-31,CU0177,SP005,ST012,PR028,2,89,10,160.2,Online Transfer,Completed,,,
TXN002736,2023-02-10,CU0491,SP011,ST007,PR013,1,89,20,71.2,Gift Card,Completed,,,
TXN007859,2024-06-22,CU0567,SP003,ST002,PR017,2,99,5,188.1,Gift Card,Completed,,,
TXN001306,2022-05-16,CU0399,SP011,ST001,PR020,1,159,20,127.2,Debit Card,Cancelled,,,
TXN001251,2023-08-15,CU0201,SP012,ST001,PR028,2,89,0,178,Cash,Completed,,,
TXN003840,2023-09-18,CU0259,SP007,ST001,PR012,1,29,15,24.65,Credit Card,Completed,,,
TXN001073,2024-04-04,CU0557,SP013,ST002,PR030,1,149,0,149,Cash,Completed,,,
TXN002959,2022-10-11,,SP001,ST011,PR022,1,89,20,71.2,Online Transfer,Completed,,,
TXN001449,2024-06-02,CU0088,SP010,ST001,PR030,1,149,10,134.1,Credit Card,Completed,,,
TXN007523,2022-12-30,CU0435,SP006,ST011,PR030,3,149,5,424.65,Credit Card,Completed,,,
TXN003893,2024-01-31,CU0495,SP009,ST005,PR023,4,179,5,680.2,Online Transfer,Completed,,,
TXN003222,2022-09-22,CU0597,SP002,ST010,PR036,1,249,15,211.65,Cash,Completed,,,
TXN004281,2022-07-28,CU0240,,ST012,PR026,4,189,10,680.4,Cash,Completed,,,
TXN000870,2022-09-05,CU0377,SP010,ST005,PR021,2,24,0,48,Credit Card,Completed,,,
TXN004564,2023-03-09,CU0279,SP008,ST002,PR037,2,289,5,549.1,Cash,Completed,,,
TXN001400,2023-01-17,CU0448,SP006,ST003,PR005,2,129,0,258,Debit Card,Cancelled,,,
TXN000477,2022-09-25,CU0061,SP003,ST004,PR023,3,179,0,537,Credit Card,Completed,,,
TXN007018,2023-02-22,CU0286,SP012,ST009,PR002,3,749,10,2022.3,Debit Card,Completed,,,
TXN003084,2022-07-26,CU0114,SP002,ST001,PR007,1,699,20,559.2,Credit Card,Completed,,,
TXN003520,2022-12-19,CU0398,SP010,ST002,PR017,2,99,15,168.3,Cash,Completed,,,
TXN004764,2022-07-01,CU0275,SP013,ST005,PR018,5,59,0,295,Cash,Completed,,,
TXN000957,2023-01-11,CU0307,SP014,ST011,PR020,2,159,0,318,Credit Card,Completed,,,
TXN007441,2023-11-29,CU0421,SP012,ST002,PR034,2,79,5,150.1,Credit Card,Completed,,,
TXN007403,2022-06-22,CU0002,SP008,ST003,PR032,2,69,10,124.2,Cash,Completed,,,
TXN004549,2022-02-23,CU0082,SP006,ST007,PR024,2,45,0,90,Debit Card,Returned,,,
TXN005802,2022-07-25,CU0177,SP009,ST006,PR005,1,129,15,109.65,Debit Card,Completed,,,
TXN005890,2023-10-27,CU0243,SP002,ST012,PR035,1,49,0,49,Gift Card,Returned,,,
TXN002703,2023-08-23,CU0334,SP012,ST001,PR022,1,89,5,84.55,Cash,Completed,,,
TXN000832,2023-03-25,CU0441,SP001,ST012,PR023,2,179,15,304.3,Debit Card,Completed,,,
TXN001121,2023-04-20,CU0124,SP014,ST007,PR018,2,59,5,112.1,Online Transfer,Completed,,,
TXN007562,2023-05-13,CU0063,SP005,ST001,PR009,2,379,10,682.2,Cash,Completed,,,
TXN005604,2023-04-05,CU0396,SP006,ST009,PR007,3,699,5,1992.15,Credit Card,Returned,,,
TXN002411,2023-12-26,CU0387,SP005,ST002,PR020,1,159,0,159,Credit Card,Returned,,,
TXN000306,2022-07-05,CU0545,SP009,ST010,PR036,1,249,20,199.2,Credit Card,Completed,,,
TXN003563,2022-09-23,CU0607,SP013,ST003,PR006,1,79,0,79,Cash,Completed,,,
TXN006546,2022-07-11,CU0270,SP003,ST004,PR007,1,699,5,664.05,Credit Card,Completed,,,
TXN007809,2022-07-23,CU0252,SP012,ST006,PR024,1,45,15,38.25,Gift Card,Completed,,,
TXN001058,2023-09-06,CU0049,SP004,ST009,PR034,1,79,0,79,Credit Card,Completed,,,
TXN006369,2023-12-13,CU0100,SP008,ST005,PR021,2,24,0,48,Online Transfer,Completed,,,
TXN003223,2023-11-25,CU0343,SP015,ST006,PR010,2,199,0,398,Credit Card,Cancelled,,,
TXN008705,2022-06-01,CU0407,SP007,ST006,PR037,2,289,15,491.3,Credit Card,Completed,,,
TXN005804,2022-02-24,CU0551,SP007,ST008,PR018,2,59,5,112.1,Cash,Completed,,,
TXN002965,2022-11-25,CU0110,SP005,ST008,PR038,1,39,10,35.1,Credit Card,Completed,,,
TXN007958,2023-11-21,CU0590,SP006,ST003,PR019,1,119,0,119,Debit Card,Cancelled,,,
TXN005761,2022-06-29,CU0008,SP001,ST012,PR029,2,169,0,338,Credit Card,Completed,,,
TXN005823,2022-11-04,CU0250,SP009,ST008,PR004,1,299,20,239.2,Credit Card,Completed,,,
TXN002611,2024-04-21,CU0046,SP003,ST002,PR036,3,249,10,672.3,Credit Card,Completed,,,
TXN008507,2022-10-19,CU0451,SP007,ST003,PR015,1,59,5,56.05,Cash,Completed,,,
TXN002002,2022-09-09,CU0013,SP008,ST012,PR022,3,89,10,240.3,Credit Card,Completed,,,
TXN000404,2023-02-05,CU0023,SP007,ST002,PR021,2,24,0,48,Debit Card,Completed,,,
TXN000938,2022-05-31,CU0127,SP014,ST006,PR016,2,49,15,83.3,Debit Card,Completed,,,
TXN002346,2023-01-06,CU0256,SP001,ST012,PR038,2,39,20,62.4,Cash,Completed,,,
TXN008457,2024-06-25,CU0441,SP008,ST011,PR008,1,449,5,426.55,Online Transfer,Completed,,,
TXN005885,2022-08-30,CU0478,SP009,ST005,PR003,1,549,0,549,Debit Card,Completed,,,
TXN006501,2023-07-20,CU0371,SP007,ST004,PR009,1,379,5,360.05,Credit Card,Completed,,,
TXN007429,2022-12-05,CU0377,SP005,ST002,PR018,2,59,0,118,Online Transfer,Completed,,,
TXN002272,2023-04-04,CU0198,SP008,ST004,PR017,1,99,10,89.1,Cash,Completed,,,
TXN008476,2023-05-20,CU0460,SP015,ST005,PR037,1,289,15,245.65,Cash,Cancelled,,,
TXN002962,2022-01-26,CU0277,SP001,ST005,PR038,1,39,0,39,Credit Card,Cancelled,,,
TXN001124,2022-03-10,CU0271,,ST007,PR035,4,49,0,196,Debit Card,Cancelled,,,
TXN003945,2023-10-05,CU0044,SP003,ST008,PR025,4,65,20,208,Cash,Completed,,,
TXN003598,2022-02-21,CU0478,SP006,ST002,PR023,4,179,0,716,Cash,Returned,,,
TXN005605,2023-07-26,CU0385,SP002,ST003,PR010,3,199,5,567.15,Debit Card,Completed,,,
TXN002832,2022-12-17,CU0236,SP014,ST007,PR012,2,29,20,51.32,Cash,Completed,,,
TXN004619,2023-02-27,CU0131,SP002,ST005,PR013,1,89,10,80.1,Cash,Completed,,,
TXN007111,2022-08-07,CU0194,SP012,ST008,PR015,1,59,5,56.05,Cash,Returned,,,
TXN008760,2022-05-20,CU0452,SP009,ST004,PR035,2,49,0,98,Online Transfer,Cancelled,,,
TXN003625,2022-05-14,CU0503,SP012,ST005,PR035,2,49,0,98,Credit Card,Completed,,,
TXN002132,2023-03-15,CU0124,SP014,ST012,PR027,2,129,20,206.4,Credit Card,Completed,,,
TXN002195,2023-02-25,CU0059,SP015,ST010,PR015,1,59,10,46.62,Debit Card,Completed,,,
TXN005923,2022-06-28,CU0189,SP006,ST008,PR023,2,179,10,322.2,Credit Card,Completed,,,
TXN008161,2023-09-03,CU0524,SP011,ST003,PR010,1,199,20,159.2,Cash,Completed,,,
TXN001131,2022-11-03,CU0094,SP013,ST011,PR028,3,89,15,226.95,Cash,Completed,,,
TXN003334,2023-03-26,CU0497,SP012,ST004,PR018,1,59,20,47.2,Debit Card,Completed,,,
TXN006624,2023-09-21,CU0226,SP011,ST007,PR037,1,289,10,260.1,Cash,Returned,,,
TXN003431,2023-03-27,CU0209,SP008,ST002,PR038,1,39,5,37.05,Online Transfer,Completed,,,
TXN006124,2022-05-24,CU0379,SP014,ST002,PR006,1,79,10,71.1,Online Transfer,Cancelled,,,
TXN001687,2023-01-10,CU0028,SP002,ST006,PR039,2,28,0,56,Cash,Completed,,,
TXN003315,2023-03-28,CU0063,,ST006,PR015,1,59,0,59,Gift Card,Returned,,,
TXN007884,2022-03-03,CU0240,SP012,ST005,PR018,1,59,0,59,Cash,Completed,,,
TXN008532,2023-06-25,CU0597,SP013,ST011,PR039,2,28,5,53.2,Debit Card,Completed,,,
TXN003351,2022-06-18,CU0324,SP009,ST002,PR029,2,169,15,287.3,Credit Card,Completed,,,
TXN005316,2023-04-13,CU0089,SP003,ST005,PR012,1,29,20,23.2,Gift Card,Completed,,,
TXN005282,2023-06-20,CU0003,SP001,ST010,PR015,1,59,5,56.05,Cash,Completed,,,
TXN001700,2022-10-28,CU0305,SP008,ST011,PR004,1,299,0,299,Credit Card,Cancelled,,,
TXN004726,2022-04-14,CU0588,SP002,ST010,PR010,1,199,10,179.1,Online Transfer,Completed,,,
TXN002754,2024-04-09,CU0247,SP006,ST004,PR024,1,45,0,49.93,Credit Card,Completed,,,
TXN001359,2022-04-10,CU0110,SP004,ST011,PR023,4,179,0,716,Debit Card,Completed,,,
TXN000861,2022-10-08,CU0298,SP015,ST004,PR018,4,59,0,236,Cash,Completed,,,
TXN007928,2022-01-10,CU0102,SP002,ST010,PR016,1,49,10,44.1,Debit Card,Cancelled,,,
TXN008509,2024-04-03,CU0174,SP001,ST007,PR037,3,289,15,736.95,Credit Card,Completed,,,
TXN000128,2022-12-30,CU0084,SP013,ST009,PR001,2,999,10,1798.2,Credit Card,Returned,,,
TXN006382,2022-05-03,CU0006,SP014,ST005,PR039,4,28,10,100.8,Debit Card,Completed,,,
TXN006455,2024-04-25,CU0369,SP007,ST002,PR001,1,999,10,899.1,Credit Card,Returned,,,
TXN001996,2023-05-31,CU0407,SP001,ST004,PR027,1,129,0,129,Cash,Completed,,,
TXN006589,2023-03-31,CU0147,SP004,ST011,PR024,2,45,10,81,Debit Card,Completed,,,
TXN000926,2022-12-02,CU0096,SP014,ST003,PR038,2,39,0,78,Credit Card,Completed,,,
TXN004329,2023-12-22,CU0268,SP015,ST004,PR024,4,45,10,162,Debit Card,Completed,,,
TXN002177,2023-12-08,CU0456,SP014,ST012,PR019,1,119,0,119,Online Transfer,Cancelled,,,
TXN008279,2023-12-06,CU0348,SP015,ST007,PR012,1,29,10,26.1,Cash,Completed,,,
TXN002252,2023-08-08,CU0202,SP005,ST004,PR028,1,89,0,89,Online Transfer,Completed,,,
TXN006454,2022-03-17,CU0235,SP003,ST002,PR034,2,79,10,142.2,Online Transfer,Completed,,,
TXN003171,2023-06-07,CU0001,SP014,ST007,PR010,1,199,20,159.2,Cash,Completed,,,
TXN006025,2022-07-16,CU0384,SP015,ST010,PR021,1,24,20,19.36,Credit Card,Cancelled,,,
TXN007373,2022-03-30,CU0187,SP015,ST007,PR011,1,499,5,474.05,Debit Card,Completed,,,
TXN001696,2023-08-03,CU0415,SP005,ST005,PR002,2,749,0,1498,Online Transfer,Returned,,,
TXN000327,2022-08-16,CU0491,SP001,ST009,PR019,1,119,0,119,Credit Card,Completed,,,
TXN008892,2024-03-20,CU0029,SP011,ST008,PR003,1,549,20,439.2,Gift Card,Completed,,,
TXN006331,2024-03-07,CU0306,SP011,ST006,PR001,1,999,15,849.15,Debit Card,Completed,,,
TXN005023,2024-06-06,CU0521,SP010,ST001,PR032,1,69,0,69,Debit Card,Cancelled,,,
TXN004818,2023-07-25,CU0486,SP002,ST008,PR020,1,159,0,159,Credit Card,Completed,,,
TXN006347,2023-11-19,CU0416,SP006,ST010,PR016,4,49,5,186.2,Cash,Completed,,,
TXN002796,2023-01-14,CU0329,SP004,ST009,PR015,1,59,0,59,Debit Card,Cancelled,,,
TXN007130,2022-08-18,CU0101,SP001,ST002,PR020,1,159,10,143.1,Cash,Cancelled,,,
TXN007800,2023-03-26,CU0336,SP002,ST001,PR006,1,79,20,63.2,Debit Card,Completed,,,
TXN005639,2023-02-04,CU0457,SP003,ST008,PR014,1,139,0,139,Credit Card,Completed,,,
TXN004256,2023-12-08,CU0265,SP001,ST002,PR025,1,65,5,61.75,Online Transfer,Cancelled,,,
TXN007597,2023-05-08,CU0115,SP011,ST007,PR014,1,139,10,125.1,Credit Card,Cancelled,,,
TXN006248,2022-01-29,CU0198,SP001,ST009,PR024,3,45,0,135,Debit Card,Returned,,,
TXN007155,2022-07-04,CU0322,SP011,ST001,PR025,1,65,0,65,Online Transfer,Returned,,,
TXN008363,2022-10-13,CU0353,SP012,ST002,PR016,1,49,15,41.65,Online Transfer,Completed,,,
TXN007037,2023-02-09,CU0088,SP001,ST011,PR036,1,249,10,224.1,Gift Card,Completed,,,
TXN005069,2023-01-27,CU0333,SP012,ST009,PR014,1,139,5,132.05,Online Transfer,Completed,,,
TXN004355,2022-03-12,CU0354,SP004,ST008,PR003,1,549,10,494.1,Credit Card,Cancelled,,,
TXN000505,2022-09-07,CU0371,SP004,ST008,PR016,5,49,0,245,Gift Card,Returned,,,
TXN004449,2022-11-28,CU0221,SP006,ST012,PR028,2,89,0,178,Online Transfer,Completed,,,
TXN005139,2022-12-25,,SP006,ST005,PR037,1,289,0,289,Credit Card,Completed,,,
TXN004045,2023-11-11,CU0470,SP009,ST002,PR001,1,999,0,999,Credit Card,Completed,,,
TXN007653,2024-04-18,CU0069,SP007,ST010,PR036,1,249,0,249,Credit Card,Completed,,,
TXN003358,2024-05-31,CU0529,SP015,ST002,PR019,1,119,15,101.15,Debit Card,Returned,,,
TXN003969,2024-03-05,CU0530,SP009,ST010,PR011,1,499,0,499,Cash,Cancelled,,,
TXN000915,2022-03-20,CU0125,SP014,ST001,PR039,1,28,5,26.6,Credit Card,Cancelled,,,
TXN001186,2023-10-19,CU0604,SP009,ST001,PR032,1,69,15,58.65,Credit Card,Completed,,,
TXN006934,2024-01-19,CU0554,SP012,ST012,PR005,1,129,10,116.1,Gift Card,Completed,,,
TXN004872,2022-05-02,CU0602,SP006,ST006,PR037,2,289,20,462.4,Debit Card,Completed,,,
TXN006585,2024-03-06,CU0366,SP011,ST009,PR018,2,59,15,100.3,Credit Card,Completed,,,
TXN008528,2022-01-14,CU0539,SP003,ST005,PR031,2,399,0,798,Credit Card,Completed,,,
TXN005403,2023-10-25,CU0119,SP005,ST005,PR007,1,699,15,594.15,Credit Card,Completed,,,
TXN008944,2022-11-02,CU0518,SP010,ST011,PR017,1,99,5,94.05,Gift Card,Returned,,,
TXN007288,2023-05-13,CU0479,SP009,ST002,PR007,1,699,10,629.1,Cash,Completed,,,
TXN002520,2024-05-15,CU0487,SP006,ST003,PR022,5,89,0,445,Gift Card,Completed,,,
TXN008377,2022-03-19,CU0448,SP001,ST002,PR029,1,169,0,169,Debit Card,Completed,,,
TXN004599,2022-03-02,CU0213,SP003,ST011,PR018,1,59,20,47.2,Debit Card,Completed,,,
TXN008993,2023-12-13,,SP011,ST004,PR016,1,49,0,49,Gift Card,Completed,,,
TXN005599,2022-06-05,CU0077,SP012,ST003,PR016,1,49,10,44.1,Debit Card,Completed,,,
TXN005951,2023-06-14,CU0187,SP014,ST006,PR030,2,149,15,253.3,Online Transfer,Cancelled,,,
TXN000019,2022-12-10,CU0583,SP001,ST005,PR007,2,699,10,1258.2,Online Transfer,Completed,,,
TXN003143,2023-07-22,CU0108,SP004,ST002,PR024,1,45,20,36,Credit Card,Completed,,,
TXN000851,2023-10-06,CU0111,SP008,ST007,PR018,1,59,0,59,Online Transfer,Completed,,,
TXN005193,2023-12-08,CU0258,SP014,ST007,PR016,1,49,5,46.55,Credit Card,Returned,,,
TXN007520,2024-01-09,CU0384,SP003,ST001,PR032,1,69,5,65.55,Gift Card,Completed,,,
TXN008186,2023-08-05,CU0604,SP003,ST012,PR039,1,28,0,28,Credit Card,Returned,,,
TXN007445,2024-03-23,CU0411,SP008,ST004,PR022,1,89,20,71.2,Credit Card,Completed,,,
TXN000940,2022-02-20,CU0444,SP008,ST003,PR003,2,549,0,1098,Debit Card,Completed,,,
TXN003037,2023-07-21,CU0427,SP011,ST008,PR019,3,119,0,357,Debit Card,Completed,,,
TXN000253,2023-02-12,CU0483,SP008,ST007,PR022,3,89,0,267,Online Transfer,Completed,,,
TXN002634,2024-05-07,CU0525,SP007,ST001,PR038,4,39,0,156,Cash,Completed,,,
TXN004056,2022-04-05,CU0517,SP002,ST012,PR037,1,289,15,245.65,Debit Card,Completed,,,
TXN007916,2022-07-03,CU0449,SP007,ST011,PR012,2,29,20,46.4,Credit Card,Completed,,,
TXN006087,2022-03-09,CU0190,SP014,ST004,PR004,1,299,5,284.05,Online Transfer,Cancelled,,,
TXN003018,2022-03-04,CU0029,SP008,ST006,PR033,1,119,5,113.05,Credit Card,Completed,,,
TXN000675,2022-04-07,CU0469,SP014,ST002,PR006,2,79,0,158,Debit Card,Returned,,,
TXN002921,2022-12-19,CU0522,SP014,ST008,PR018,3,59,0,177,Online Transfer,Completed,,,
TXN000454,2022-02-24,CU0403,SP003,ST007,PR028,1,89,15,75.65,Credit Card,Completed,,,
TXN003919,2022-08-17,CU0263,SP013,ST002,PR026,4,189,5,718.2,Gift Card,Returned,,,
TXN006264,2023-10-04,CU0420,SP013,ST005,PR008,1,449,10,404.1,Cash,Completed,,,
TXN007675,2022-03-29,CU0399,SP004,ST012,PR001,1,999,0,999,Online Transfer,Returned,,,
TXN001602,2023-02-10,CU0085,SP009,ST008,PR034,4,79,5,300.2,Credit Card,Returned,,,
TXN008579,2022-03-17,CU0178,SP003,ST008,PR027,1,129,20,103.2,Cash,Completed,,,
TXN000390,2022-11-11,CU0128,SP012,ST008,PR027,1,129,10,116.1,Online Transfer,Returned,,,
TXN001579,2023-12-29,CU0139,SP007,ST003,PR001,1,999,10,899.1,Cash,Completed,,,
TXN006428,2023-01-05,CU0014,SP002,ST003,PR040,1,22,5,20.9,Debit Card,Completed,,,
TXN002920,2022-09-10,CU0450,SP009,ST001,PR014,1,139,0,139,Cash,Returned,,,
TXN002937,2023-02-04,,SP006,ST007,PR023,3,179,20,429.6,Credit Card,Completed,,,
TXN003861,2024-04-05,CU0003,SP008,ST012,PR040,1,22,0,22,Gift Card,Completed,,,
TXN000551,2023-10-06,,SP004,ST005,PR014,2,139,10,250.2,Debit Card,Returned,,,
TXN000271,2023-06-12,CU0193,SP001,ST011,PR039,3,28,0,84,Online Transfer,Completed,,,
TXN007915,2023-08-10,CU0459,SP012,ST010,PR005,2,129,10,232.2,Online Transfer,Completed,,,
TXN002681,2023-09-07,CU0409,SP015,ST002,PR035,2,49,0,98,Debit Card,Completed,,,
TXN006726,2022-01-11,CU0280,SP012,ST009,PR021,1,24,0,24,Online Transfer,Cancelled,,,
TXN003131,2023-01-28,CU0120,SP010,ST005,PR005,1,129,0,129,Credit Card,Completed,,,
TXN002026,2022-04-27,CU0014,SP008,ST002,PR019,2,119,0,238,Cash,Completed,,,
TXN006830,2022-09-27,CU0419,SP002,ST011,PR016,2,49,20,78.4,Online Transfer,Completed,,,
TXN008394,2024-03-12,CU0448,SP010,ST005,PR007,2,699,5,1328.1,Cash,Cancelled,,,
TXN000998,2023-06-16,CU0120,SP012,ST003,PR019,3,119,0,357,Online Transfer,Completed,,,
TXN007998,2022-12-23,CU0334,SP012,ST002,PR016,1,49,0,49,Online Transfer,Completed,,,
TXN008440,2022-10-14,CU0314,SP001,ST007,PR036,1,249,0,249,Debit Card,Completed,,,
TXN001440,2023-03-09,CU0522,SP014,ST002,PR013,1,89,5,84.55,Debit Card,Completed,,,
TXN000642,2024-01-11,CU0608,SP008,ST001,PR032,1,69,10,62.1,Gift Card,Returned,,,
TXN001044,2024-04-09,CU0037,SP012,ST011,PR020,1,159,0,159,Debit Card,Cancelled,,,
TXN008167,2023-06-05,CU0453,SP015,ST003,PR032,2,69,5,131.1,Cash,Completed,,,
TXN007720,2023-05-03,CU0531,SP001,ST009,PR020,1,159,10,143.1,Cash,Returned,,,
TXN001848,2023-09-06,CU0537,SP004,ST001,PR007,1,699,0,699,Debit Card,Completed,,,
TXN006668,2024-03-28,CU0507,SP010,ST006,PR022,2,89,10,160.2,Credit Card,Completed,,,
TXN001630,2022-10-15,CU0334,SP013,ST010,PR018,2,59,5,112.1,Debit Card,Cancelled,,,
TXN001198,2023-04-17,CU0298,SP012,ST002,PR028,1,89,5,84.55,Credit Card,Completed,,,
TXN006318,2022-10-04,CU0601,SP015,ST002,PR030,2,149,10,268.2,Debit Card,Cancelled,,,
TXN001589,2023-02-05,CU0539,SP012,ST006,PR001,1,999,0,999,Credit Card,Returned,,,
TXN006253,2024-01-02,CU0067,SP009,ST009,PR022,2,89,10,160.2,Cash,Completed,,,
TXN005882,2022-12-17,CU0464,SP009,ST005,PR028,1,89,0,89,Online Transfer,Completed,,,
TXN008517,2022-08-12,CU0391,SP004,ST002,PR009,2,379,5,720.1,Gift Card,Cancelled,,,
TXN006600,2024-02-09,CU0141,SP012,ST009,PR010,1,199,0,199,Debit Card,Completed,,,
TXN003421,2022-04-30,CU0300,SP001,ST009,PR039,1,28,0,28,Credit Card,Cancelled,,,
TXN000531,2023-07-03,CU0113,SP010,ST010,PR016,2,49,0,98,Credit Card,Returned,,,
TXN001977,2023-08-22,CU0097,SP002,ST008,PR027,3,129,5,367.65,Debit Card,Completed,,,
TXN000711,2024-05-05,CU0507,SP012,ST002,PR016,1,49,10,44.1,Gift Card,Returned,,,
TXN007361,2022-08-22,CU0325,SP012,ST001,PR014,3,139,0,417,Cash,Completed,,,
TXN003644,2023-03-01,CU0222,SP002,ST012,PR012,1,29,5,27.55,Gift Card,Completed,,,
TXN005482,2023-10-07,CU0027,SP008,ST007,PR009,2,379,5,720.1,Credit Card,Completed,,,
TXN007154,2023-02-08,CU0348,SP006,ST011,PR040,2,22,0,44,Online Transfer,Completed,,,
TXN006423,2022-07-26,CU0562,SP010,ST005,PR017,2,99,20,158.4,Debit Card,Completed,,,
TXN004506,2024-01-16,CU0182,SP002,ST001,PR033,1,119,10,107.1,Debit Card,Completed,,,
TXN006112,2023-01-29,CU0197,SP015,ST012,PR028,1,89,10,80.1,Credit Card,Completed,,,
TXN003240,2023-02-05,CU0111,SP006,ST012,PR033,1,119,0,119,Credit Card,Completed,,,
TXN004870,2022-03-21,,SP008,ST010,PR015,2,59,10,106.2,Credit Card,Completed,,,
TXN003366,2022-02-16,CU0320,SP006,ST009,PR015,2,59,15,100.3,Credit Card,Cancelled,,,
TXN007758,2022-04-17,CU0364,SP003,ST009,PR017,1,99,0,99,Credit Card,Completed,,,
TXN006477,2024-05-27,CU0593,SP008,ST007,PR008,1,449,0,449,Online Transfer,Completed,,,
TXN002819,2023-04-05,CU0183,SP013,ST005,PR034,1,79,0,79,Cash,Completed,,,
TXN005206,2024-01-31,CU0517,SP010,ST012,PR037,1,289,15,245.65,Credit Card,Completed,,,
TXN002675,2022-09-28,CU0609,SP003,ST001,PR029,2,169,5,321.1,Credit Card,Completed,,,
TXN007604,2024-04-06,CU0352,SP006,ST010,PR017,1,99,20,79.2,Debit Card,Completed,,,
TXN003868,2022-04-21,CU0049,SP008,ST009,PR022,1,89,5,84.55,Cash,Completed,,,
TXN001023,2024-06-25,CU0413,SP013,ST007,PR028,2,89,5,184.25,Cash,Cancelled,,,
TXN006967,2022-09-27,CU0552,SP008,ST009,PR028,1,89,20,71.2,Online Transfer,Completed,,,
TXN006728,2022-02-03,,SP002,ST002,PR035,2,49,0,98,Cash,Completed,,,
TXN007489,2022-07-04,CU0124,,ST001,PR007,2,699,5,1328.1,Credit Card,Completed,,,
TXN004907,2023-08-17,CU0366,SP012,ST009,PR010,1,199,15,169.15,Online Transfer,Returned,,,
TXN002230,2023-05-24,CU0495,SP011,ST003,PR002,1,749,0,749,Credit Card,Completed,,,
TXN007206,2024-02-13,CU0391,SP008,ST005,PR003,1,549,5,521.55,Cash,Completed,,,
TXN008029,2023-06-29,CU0110,SP004,ST001,PR018,1,59,5,56.05,Credit Card,Completed,,,
TXN000548,2023-06-16,CU0484,SP008,ST004,PR038,3,39,0,117,Cash,Cancelled,,,
TXN001825,2023-07-12,CU0075,SP015,ST010,PR025,1,65,0,65,Online Transfer,Completed,,,
TXN000885,2023-09-24,CU0382,SP014,ST008,PR039,1,28,15,23.8,Online Transfer,Completed,,,
TXN004643,2023-04-09,CU0443,SP009,ST003,PR001,1,999,15,849.15,Credit Card,Returned,,,
TXN000888,2023-08-29,CU0264,SP002,ST003,PR024,3,45,0,135,Credit Card,Completed,,,
TXN008340,2023-04-20,CU0206,SP012,ST011,PR014,1,139,0,139,Debit Card,Completed,,,
TXN006168,2023-03-07,CU0310,SP004,ST005,PR037,2,289,0,578,Online Transfer,Completed,,,
TXN005294,2023-04-04,CU0304,SP003,ST008,PR011,1,499,15,424.15,Gift Card,Cancelled,,,
TXN002123,2023-01-06,CU0452,SP003,ST009,PR012,1,29,0,29,Debit Card,Completed,,,
TXN008897,2022-12-22,CU0305,SP012,ST012,PR024,1,45,0,45,Credit Card,Completed,,,
TXN008006,2022-11-17,CU0365,SP004,ST001,PR022,2,89,10,160.2,Credit Card,Completed,,,
TXN000206,2024-06-25,CU0179,SP006,ST009,PR012,1,29,0,29,Online Transfer,Completed,,,
TXN008212,2022-09-18,CU0008,SP013,ST001,PR014,1,139,0,139,Cash,Returned,,,
TXN002722,2023-11-02,CU0065,SP009,ST009,PR025,2,65,5,123.5,Debit Card,Completed,,,
TXN008009,2022-07-06,CU0427,SP004,ST005,PR016,2,49,0,98,Debit Card,Completed,,,
TXN007005,2023-01-21,CU0046,SP008,ST010,PR024,1,45,5,42.75,Credit Card,Completed,,,
TXN008420,2022-10-19,CU0373,SP001,ST010,PR039,1,28,15,23.8,Online Transfer,Completed,,,
TXN007927,2023-12-22,CU0108,SP005,ST006,PR017,2,99,0,198,Cash,Returned,,,
TXN002817,2023-01-30,,SP013,ST003,PR026,2,189,20,302.4,Debit Card,Returned,,,
TXN006429,2023-10-14,CU0342,SP010,ST001,PR013,2,89,0,178,Debit Card,Completed,,,
TXN008880,2023-08-11,CU0504,SP001,ST010,PR036,1,249,5,236.55,Online Transfer,Completed,,,
TXN004147,2022-07-30,CU0468,SP005,ST009,PR020,2,159,0,318,Credit Card,Completed,,,
TXN007744,2024-04-17,CU0432,SP008,ST002,PR007,1,699,10,629.1,Cash,Completed,,,
TXN006224,2022-12-30,CU0513,SP006,ST010,PR025,3,65,15,165.75,Online Transfer,Completed,,,
TXN000085,2023-11-19,CU0185,SP015,ST001,PR026,2,189,0,378,Credit Card,Cancelled,,,
TXN004312,2023-06-08,CU0605,SP014,ST008,PR026,1,189,0,189,Cash,Completed,,,
TXN005484,2024-06-04,CU0561,SP011,ST006,PR021,3,24,10,64.8,Credit Card,Completed,,,
TXN007487,2024-05-17,CU0139,SP005,ST007,PR013,1,89,15,75.65,Gift Card,Completed,,,
TXN005805,2022-02-07,CU0561,SP014,ST012,PR032,1,69,5,65.55,Cash,Completed,,,
TXN003988,2022-11-01,CU0399,SP010,ST009,PR003,2,549,5,1043.1,Gift Card,Completed,,,
TXN008797,2023-03-30,CU0170,SP005,ST001,PR018,4,59,0,236,Credit Card,Completed,,,
TXN003281,2022-09-10,CU0572,SP003,ST007,PR001,1,999,15,849.15,Cash,Completed,,,
TXN005417,2023-09-08,CU0011,SP005,ST003,PR032,1,69,15,58.65,Credit Card,Completed,,,
TXN001000,2022-11-25,CU0218,SP002,ST003,PR031,1,399,5,379.05,Online Transfer,Completed,,,
TXN006434,2022-04-22,CU0518,SP003,ST004,PR030,2,149,20,238.4,Credit Card,Completed,,,
TXN008681,2022-03-15,CU0016,SP015,ST003,PR034,2,79,5,150.1,Online Transfer,Completed,,,
TXN000798,2022-08-02,CU0504,SP001,ST006,PR029,2,169,5,321.1,Online Transfer,Returned,,,
TXN004951,2022-09-20,CU0057,SP008,ST002,PR011,2,499,0,998,Online Transfer,Completed,,,
TXN001725,2023-06-18,CU0425,SP013,ST009,PR035,1,49,0,49,Debit Card,Completed,,,
TXN002416,2023-05-13,CU0106,SP006,ST003,PR002,1,749,0,749,Credit Card,Completed,,,
TXN004093,2023-09-07,CU0437,SP014,ST003,PR020,1,159,15,135.15,Debit Card,Completed,,,
TXN005231,2022-09-01,CU0181,SP014,ST010,PR035,2,49,10,88.2,Online Transfer,Completed,,,
TXN004786,2022-02-26,CU0135,SP012,ST003,PR003,1,549,20,439.2,Debit Card,Completed,,,
TXN002197,2024-02-22,CU0469,SP008,ST011,PR020,1,159,10,143.1,Debit Card,Cancelled,,,
TXN001774,2023-12-26,CU0120,SP009,ST004,PR019,2,119,0,238,Debit Card,Returned,,,
TXN000126,2022-10-25,CU0082,SP015,ST008,PR015,3,59,5,168.15,Debit Card,Completed,,,
TXN004878,2023-08-18,CU0365,SP003,ST011,PR006,1,79,20,63.2,Credit Card,Completed,,,
TXN006443,2024-03-16,CU0209,SP003,ST011,PR024,2,45,20,72,Cash,Cancelled,,,
TXN007610,2024-01-05,CU0091,SP013,ST009,PR019,3,119,5,339.15,Debit Card,Completed,,,
TXN000179,2022-02-16,CU0547,SP010,ST002,PR015,1,59,0,59,Cash,Completed,,,
TXN004374,2022-06-28,CU0080,SP009,ST003,PR010,1,199,10,179.1,Debit Card,Completed,,,
TXN000278,2023-10-22,CU0391,SP011,ST011,PR032,4,69,10,248.4,Credit Card,Completed,,,
TXN004501,2023-12-02,CU0572,SP014,ST011,PR024,2,45,5,85.5,Online Transfer,Completed,,,
TXN007992,2024-02-25,CU0029,SP006,ST002,PR032,1,69,0,69,Credit Card,Completed,,,
TXN005474,2023-01-31,CU0428,SP011,ST004,PR020,2,159,5,302.1,Credit Card,Cancelled,,,
TXN001435,2022-12-22,CU0119,SP002,ST007,PR015,1,59,20,47.2,Credit Card,Completed,,,
TXN006982,2023-05-01,CU0430,SP005,ST011,PR018,1,59,5,56.05,Online Transfer,Completed,,,
TXN002088,2023-06-24,CU0070,SP005,ST012,PR008,1,449,0,405.96,Cash,Cancelled,,,
TXN008032,2023-06-20,CU0315,SP001,ST007,PR015,1,59,15,50.15,Debit Card,Completed,,,
TXN007746,2023-12-20,CU0155,SP008,ST004,PR026,1,189,15,160.65,Cash,Returned,,,
TXN004013,2023-07-25,CU0311,SP009,ST005,PR018,2,59,10,106.2,Online Transfer,Completed,,,
TXN001936,2024-05-15,CU0223,SP007,ST010,PR029,3,169,0,507,Credit Card,Completed,,,
TXN001046,2024-01-07,CU0473,SP008,ST010,PR023,1,179,0,179,Cash,Returned,,,
TXN002939,2023-01-30,CU0258,SP008,ST007,PR003,1,549,0,549,Cash,Completed,,,
TXN004635,2023-09-17,CU0194,SP006,ST009,PR015,1,59,0,59,Credit Card,Completed,,,
TXN003343,2022-11-18,CU0600,SP011,ST009,PR001,1,999,0,999,Cash,Completed,,,
TXN002977,2023-04-02,CU0291,SP007,ST006,PR023,1,179,0,179,Debit Card,Cancelled,,,
TXN000123,2024-01-24,CU0318,SP015,ST011,PR025,1,65,0,65,Debit Card,Cancelled,,,
TXN005058,2023-07-31,CU0103,SP009,ST005,PR033,1,119,0,126.92,Credit Card,Returned,,,
TXN000449,2022-09-12,CU0396,SP007,ST007,PR039,1,28,5,26.6,Cash,Completed,,,
TXN006188,2023-10-05,CU0586,SP011,ST003,PR007,1,699,0,699,Online Transfer,Returned,,,
TXN008712,2023-08-29,CU0266,SP015,ST003,PR024,1,45,20,36,Debit Card,Completed,,,
TXN002881,2023-12-22,CU0505,SP008,ST008,PR013,2,89,5,169.1,Credit Card,Completed,,,
TXN008485,2023-03-16,CU0529,SP009,ST007,PR037,3,289,10,780.3,Online Transfer,Completed,,,
TXN005547,2024-04-12,CU0362,SP008,ST001,PR003,1,549,5,521.55,Cash,Completed,,,
TXN008183,2022-01-07,CU0131,SP015,ST009,PR004,1,299,0,299,Debit Card,Completed,,,
TXN004425,2023-03-04,CU0166,SP003,ST009,PR025,3,65,10,175.5,Online Transfer,Completed,,,
TXN001928,2023-03-06,,SP009,ST001,PR007,1,699,20,559.2,Cash,Cancelled,,,
TXN006939,2024-03-29,CU0180,SP015,ST011,PR038,3,39,0,117,Credit Card,Completed,,,
TXN002730,2022-10-02,CU0604,SP007,ST007,PR019,5,119,15,505.75,Online Transfer,Completed,,,
TXN002776,2022-02-07,CU0124,SP004,ST006,PR019,4,119,20,380.8,Cash,Completed,,,
TXN002864,2024-03-15,CU0475,SP004,ST003,PR016,1,49,10,44.1,Cash,Cancelled,,,
TXN002572,2022-10-20,CU0503,SP014,ST004,PR029,1,169,20,135.2,Credit Card,Cancelled,,,
TXN001972,2023-07-30,CU0215,SP006,ST004,PR036,1,249,10,224.1,Online Transfer,Completed,,,
TXN007428,2024-03-28,CU0084,SP014,ST007,PR027,1,129,5,122.55,Credit Card,Completed,,,
TXN006392,2023-03-10,CU0494,SP009,ST007,PR029,1,169,15,143.65,Gift Card,Completed,,,
TXN002709,2023-04-18,CU0109,SP007,ST007,PR007,1,699,5,664.05,Cash,Cancelled,,,
TXN002612,2022-11-27,CU0184,SP004,ST006,PR008,2,449,10,808.2,Credit Card,Completed,,,
TXN005603,2023-01-14,CU0251,SP007,ST010,PR014,2,139,5,264.1,Credit Card,Completed,,,
TXN008315,2023-06-20,CU0351,SP010,ST006,PR008,1,449,20,359.2,Online Transfer,Completed,,,
TXN002375,2022-08-05,CU0498,SP012,ST009,PR036,2,249,0,498,Cash,Returned,,,
TXN008084,2023-04-01,CU0397,SP001,ST002,PR037,1,289,10,260.1,Cash,Completed,,,
TXN006936,2022-10-23,CU0371,SP007,ST008,PR036,2,249,0,498,Online Transfer,Completed,,,
TXN000292,2022-01-24,CU0587,SP008,ST005,PR029,1,169,20,135.2,Debit Card,Returned,,,
TXN007475,2022-05-27,CU0254,SP002,ST008,PR008,1,449,0,449,Online Transfer,Completed,,,
TXN000793,2022-06-05,CU0168,SP012,ST004,PR005,1,129,5,122.55,Debit Card,Completed,,,
TXN005351,2023-06-05,CU0180,SP004,ST003,PR032,2,69,20,110.4,Cash,Completed,,,
TXN006996,2024-04-22,CU0174,SP006,ST012,PR013,2,89,5,169.1,Credit Card,Completed,,,
TXN008488,2023-11-06,,SP015,ST002,PR019,2,119,5,226.1,Credit Card,Completed,,,
TXN003432,2023-11-30,CU0329,SP005,ST006,PR027,2,129,10,232.2,Credit Card,Completed,,,
TXN001032,2022-03-18,,SP003,ST011,PR005,1,129,20,103.2,Credit Card,Completed,,,
TXN007352,2023-02-19,CU0143,SP014,ST007,PR035,2,49,10,88.2,Cash,Cancelled,,,
TXN000520,2022-10-30,CU0123,SP008,ST007,PR022,1,89,0,89,Cash,Completed,,,
TXN002670,2022-07-11,CU0124,SP004,ST007,PR025,1,65,15,55.25,Online Transfer,Completed,,,
TXN002811,2023-02-17,CU0305,SP009,ST002,PR028,1,89,0,89,Cash,Completed,,,
TXN006694,2023-09-16,CU0578,SP002,ST008,PR021,1,24,20,19.2,Debit Card,Cancelled,,,
TXN000155,2024-05-11,CU0520,SP006,ST002,PR003,1,549,0,549,Cash,Completed,,,
TXN008435,2023-04-23,CU0478,SP003,ST012,PR012,1,29,15,24.65,Cash,Returned,,,
TXN007874,2022-01-30,CU0001,SP012,ST012,PR007,1,699,5,664.05,Credit Card,Cancelled,,,
TXN004851,2023-04-18,,SP007,ST011,PR020,2,159,10,286.2,Cash,Completed,,,
TXN008282,2023-04-16,CU0360,SP014,ST008,PR021,3,24,0,72,Debit Card,Completed,,,
TXN005259,2023-08-16,CU0587,SP005,ST011,PR014,3,139,15,354.45,Online Transfer,Completed,,,
TXN001530,2023-05-20,CU0101,SP003,ST004,PR025,3,65,10,175.5,Debit Card,Completed,,,
TXN004033,2022-03-23,CU0445,SP003,ST012,PR021,1,24,0,24,Cash,Completed,,,
TXN003575,2022-01-02,CU0509,SP015,ST001,PR018,2,59,0,118,Cash,Completed,,,
TXN000161,2022-05-13,CU0526,SP014,ST009,PR006,1,79,10,71.1,Credit Card,Completed,,,
TXN008075,2023-04-05,CU0226,SP013,ST005,PR004,1,299,10,269.1,Debit Card,Completed,,,
TXN000633,2022-09-28,CU0255,SP006,ST005,PR028,2,89,10,160.2,Online Transfer,Completed,,,
TXN005115,2023-12-10,CU0283,SP013,ST005,PR011,1,499,0,499,Credit Card,Completed,,,
TXN001056,2023-01-31,CU0573,SP006,ST001,PR025,3,65,5,185.25,Credit Card,Completed,,,
TXN005718,2024-04-24,CU0111,SP006,ST010,PR018,3,59,10,159.3,Debit Card,Completed,,,
TXN000149,2022-03-28,CU0412,SP013,ST003,PR020,1,159,0,159,Cash,Completed,,,
TXN004134,2023-08-11,CU0209,SP013,ST007,PR002,1,749,0,749,Gift Card,Returned,,,
TXN004409,2022-01-21,CU0160,SP014,ST006,PR013,1,89,20,71.2,Debit Card,Completed,,,
TXN005262,2022-07-15,CU0563,SP002,ST005,PR006,2,79,5,150.1,Debit Card,Completed,,,
TXN000311,2023-05-07,CU0546,SP012,ST002,PR019,2,119,0,238,Cash,Completed,,,
TXN004073,2023-03-30,CU0222,SP002,ST009,PR029,2,169,0,338,Credit Card,Completed,,,
TXN005564,2023-06-15,CU0568,SP002,ST010,PR039,1,28,15,23.8,Online Transfer,Returned,,,
TXN006446,2023-11-10,CU0040,SP011,ST003,PR017,1,99,0,99,Cash,Completed,,,
TXN000287,2024-05-20,CU0312,SP008,ST011,PR008,1,449,10,404.1,Credit Card,Completed,,,
TXN000507,2023-08-07,CU0129,SP015,ST009,PR012,2,29,20,46.4,Cash,Completed,,,
TXN008140,2022-09-22,CU0112,SP012,ST005,PR008,1,449,10,404.1,Credit Card,Returned,,,
TXN005064,2023-11-29,,SP010,ST006,PR023,1,179,10,161.1,Debit Card,Completed,,,
TXN008287,2023-09-14,CU0366,SP001,ST008,PR024,2,45,15,76.5,Cash,Completed,,,
TXN002960,2023-11-20,CU0164,SP001,ST003,PR036,2,249,0,498,Debit Card,Cancelled,,,
TXN004172,2023-04-08,CU0458,,ST007,PR010,1,199,15,169.15,Credit Card,Completed,,,
TXN005047,2022-10-25,CU0449,SP014,ST011,PR030,1,149,0,149,Credit Card,Returned,,,
TXN002418,2023-02-27,CU0055,SP006,ST002,PR005,2,129,20,206.4,Credit Card,Cancelled,,,
TXN006144,2023-08-05,CU0568,SP014,ST005,PR008,1,449,10,404.1,Online Transfer,Completed,,,
TXN000192,2023-03-19,CU0607,SP013,ST011,PR038,3,39,0,117,Credit Card,Completed,,,
TXN004497,2022-07-02,CU0290,SP010,ST006,PR021,1,24,20,19.2,Cash,Completed,,,
TXN001380,2023-07-09,CU0359,SP011,ST008,PR009,1,379,0,379,Debit Card,Returned,,,
TXN003660,2024-06-27,CU0393,SP010,ST004,PR009,1,379,20,303.2,Cash,Cancelled,,,
TXN000561,2022-10-08,CU0586,SP014,ST001,PR035,3,49,20,117.6,Debit Card,Cancelled,,,
TXN007836,2024-02-12,CU0057,SP009,ST001,PR017,2,99,0,198,Credit Card,Completed,,,
TXN007811,2023-05-10,CU0477,SP003,ST005,PR023,2,179,5,340.1,Cash,Completed,,,
TXN007181,2024-01-27,CU0550,SP003,ST008,PR005,2,129,15,219.3,Debit Card,Returned,,,
TXN002147,2023-04-13,CU0380,SP002,ST003,PR024,2,45,5,85.5,Debit Card,Completed,,,
TXN001070,2023-07-23,CU0103,SP005,ST005,PR014,1,139,20,111.2,Cash,Cancelled,,,
TXN005997,2022-09-03,CU0534,SP008,ST010,PR038,2,39,0,78,Credit Card,Completed,,,
TXN000216,2023-10-23,CU0085,SP005,ST009,PR022,2,89,5,169.1,Credit Card,Completed,,,
TXN003970,2024-04-04,CU0315,SP012,ST006,PR023,1,179,5,170.05,Online Transfer,Returned,,,
TXN005318,2023-01-28,CU0278,SP002,ST008,PR008,1,449,0,449,Online Transfer,Cancelled,,,
TXN006859,2022-01-22,CU0128,SP004,ST011,PR027,1,129,5,122.55,Credit Card,Completed,,,
TXN001662,2022-02-18,CU0485,SP001,ST001,PR014,1,139,0,139,Debit Card,Completed,,,
TXN006051,2022-08-29,CU0271,SP003,ST001,PR038,1,39,5,37.05,Online Transfer,Completed,,,
TXN007360,2023-07-28,CU0316,SP009,ST006,PR002,1,749,0,749,Debit Card,Completed,,,
TXN002540,2023-09-23,CU0061,SP014,ST008,PR033,2,119,5,226.1,Debit Card,Cancelled,,,
TXN007379,2023-10-27,CU0199,SP005,ST011,PR036,1,249,15,211.65,Gift Card,Completed,,,
TXN002834,2024-06-08,CU0041,SP012,ST004,PR036,3,249,0,747,Online Transfer,Completed,,,
TXN000365,2022-08-13,CU0573,SP010,ST002,PR033,1,119,5,113.05,Debit Card,Returned,,,
TXN005421,2024-01-05,CU0443,SP015,ST002,PR035,2,49,0,98,Credit Card,Cancelled,,,
TXN001096,2022-09-12,CU0220,SP001,ST005,PR024,2,45,5,85.5,Credit Card,Completed,,,
TXN005095,2022-04-08,CU0210,SP004,ST002,PR035,3,49,0,147,Debit Card,Completed,,,
TXN005406,2022-05-26,CU0445,SP008,ST002,PR008,1,449,10,404.1,Debit Card,Returned,,,
TXN006194,2022-09-02,CU0167,SP005,ST007,PR021,2,24,20,38.4,Cash,Cancelled,,,
TXN004747,2022-01-19,CU0537,SP009,ST008,PR035,4,49,0,196,Online Transfer,Returned,,,
TXN001908,2023-02-19,CU0540,SP012,ST009,PR027,1,129,0,129,Credit Card,Returned,,,
TXN006845,2022-11-25,CU0137,SP009,ST008,PR014,2,139,0,278,Credit Card,Completed,,,
TXN003673,2024-06-12,CU0191,SP002,ST005,PR029,2,169,10,304.2,Online Transfer,Completed,,,
TXN006873,2024-06-19,CU0417,SP012,ST003,PR027,2,129,0,258,Debit Card,Completed,,,
TXN000174,2023-05-20,CU0517,SP007,ST002,PR014,1,139,15,118.15,Debit Card,Returned,,,
TXN000015,2022-09-15,CU0465,SP001,ST002,PR030,3,149,0,447,Credit Card,Completed,,,
TXN003497,2023-02-28,CU0300,,ST007,PR025,1,65,15,55.25,Online Transfer,Completed,,,
TXN001108,2022-09-10,CU0109,SP003,ST005,PR021,1,24,0,24,Online Transfer,Completed,,,
TXN000428,2023-11-03,CU0517,SP002,ST003,PR011,1,499,10,449.1,Debit Card,Returned,,,
TXN000359,2022-10-29,CU0565,SP015,ST007,PR012,2,29,0,58,Credit Card,Completed,,,
TXN005462,2023-08-30,CU0554,SP001,ST006,PR031,1,399,5,379.05,Cash,Cancelled,,,
TXN002815,2024-01-15,CU0258,SP007,ST003,PR038,1,39,0,39,Gift Card,Completed,,,
TXN006751,2023-11-13,CU0347,SP010,ST007,PR007,1,699,10,629.1,Online Transfer,Completed,,,
TXN007647,2022-04-11,CU0124,SP014,ST003,PR001,3,999,5,2847.15,Debit Card,Completed,,,
TXN005725,2023-09-02,CU0296,SP004,ST007,PR001,2,999,15,1698.3,Gift Card,Returned,,,
TXN008699,2023-11-26,CU0067,SP001,ST012,PR018,1,59,10,53.1,Debit Card,Completed,,,
TXN007894,2022-06-30,CU0489,SP007,ST002,PR025,3,65,15,165.75,Debit Card,Completed,,,
TXN007151,2022-03-04,CU0473,SP002,ST004,PR031,1,399,20,319.2,Credit Card,Cancelled,,,
TXN002108,2022-01-18,CU0540,SP011,ST003,PR008,1,449,0,449,Credit Card,Completed,,,
TXN006592,2023-06-27,CU0019,SP015,ST007,PR010,1,199,15,169.15,Credit Card,Cancelled,,,
TXN001398,2024-06-12,CU0323,SP015,ST007,PR031,1,399,0,399,Credit Card,Completed,,,
TXN006520,2024-03-14,CU0075,SP004,ST005,PR021,3,24,0,72,Debit Card,Completed,,,
TXN007935,2023-05-22,CU0584,SP001,ST005,PR024,1,45,15,38.25,Credit Card,Completed,,,
TXN002627,2023-10-03,CU0213,SP002,ST011,PR034,1,79,10,71.1,Cash,Completed,,,
TXN002237,2024-06-22,CU0305,SP004,ST011,PR015,1,59,5,56.05,Cash,Cancelled,,,
TXN006743,2022-07-21,CU0127,,ST011,PR012,1,29,20,23.2,Online Transfer,Returned,,,
TXN004328,2022-01-28,CU0266,SP006,ST010,PR029,1,169,0,169,Online Transfer,Completed,,,
TXN005557,2022-05-30,,SP012,ST012,PR023,2,179,0,358,Cash,Cancelled,,,
TXN004718,2022-02-08,CU0048,SP010,ST006,PR025,1,65,10,58.5,Cash,Completed,,,
TXN000702,2023-03-01,CU0582,SP004,ST007,PR010,1,199,10,179.1,Online Transfer,Returned,,,
TXN008404,2022-06-05,CU0025,SP014,ST004,PR002,3,749,0,2247,Debit Card,Completed,,,
TXN005378,2024-04-26,CU0566,SP002,ST006,PR040,2,22,15,37.4,Gift Card,Completed,,,
TXN007297,2023-01-24,CU0524,SP009,ST004,PR033,2,119,20,190.4,Debit Card,Completed,,,
TXN008284,2024-01-20,CU0548,SP012,ST005,PR017,5,99,20,396,Cash,Completed,,,
TXN001786,2022-06-02,CU0118,SP005,ST012,PR032,1,69,15,58.65,Online Transfer,Completed,,,
TXN002067,2023-08-10,CU0417,SP014,ST009,PR035,2,49,0,98,Debit Card,Completed,,,
TXN000991,2022-12-09,CU0115,SP009,ST003,PR034,2,79,0,158,Debit Card,Cancelled,,,
TXN001197,2024-02-19,CU0586,SP006,ST003,PR038,2,39,5,74.1,Debit Card,Completed,,,
TXN006723,2023-01-12,CU0386,SP009,ST012,PR036,1,249,0,249,Online Transfer,Completed,,,
TXN008601,2022-09-05,CU0476,SP010,ST006,PR012,1,29,5,27.55,Debit Card,Completed,,,
TXN000267,2022-09-30,CU0008,SP011,ST010,PR032,1,69,0,69,Credit Card,Completed,,,
TXN002233,2022-11-27,CU0080,SP007,ST004,PR033,2,119,0,238,Credit Card,Completed,,,
TXN007082,2022-10-12,CU0561,SP004,ST011,PR034,1,79,10,71.1,Debit Card,Completed,,,
TXN005001,2023-11-06,CU0283,SP010,ST005,PR006,2,79,5,150.1,Debit Card,Completed,,,
TXN001911,2023-01-19,CU0366,SP011,ST009,PR004,1,299,5,284.05,Credit Card,Completed,,,
TXN002485,2022-06-16,CU0052,SP009,ST009,PR027,2,129,20,206.4,Debit Card,Completed,,,
TXN005591,2023-11-13,CU0341,SP010,ST006,PR001,1,999,0,999,Online Transfer,Completed,,,
TXN003195,2023-07-15,,SP014,ST003,PR019,2,119,5,226.1,Online Transfer,Completed,,,
TXN008128,2023-02-13,,,ST005,PR014,2,139,0,278,Online Transfer,Completed,,,
TXN007052,2022-05-23,CU0032,SP009,ST010,PR031,1,399,0,399,Debit Card,Returned,,,
TXN004574,2023-01-08,CU0145,SP015,ST007,PR018,2,59,5,112.1,Online Transfer,Completed,,,
TXN006193,2024-02-22,CU0349,SP012,ST002,PR003,1,549,0,549,Debit Card,Completed,,,
TXN001525,2022-08-14,,SP005,ST002,PR030,2,149,0,298,Debit Card,Completed,,,
TXN005163,2023-05-10,CU0281,SP010,ST001,PR020,3,159,5,453.15,Debit Card,Completed,,,
TXN005436,2024-04-12,CU0470,SP010,ST007,PR014,2,139,10,250.2,Cash,Cancelled,,,
TXN004232,2022-07-24,CU0437,SP014,ST012,PR001,2,999,5,1898.1,Debit Card,Completed,,,
TXN004614,2022-06-27,CU0361,SP002,ST008,PR010,3,199,10,537.3,Online Transfer,Returned,,,
TXN000162,2022-05-02,CU0419,SP002,ST002,PR018,1,59,15,50.15,Debit Card,Completed,,,
TXN007917,2023-05-15,CU0011,SP005,ST006,PR008,2,449,20,718.4,Credit Card,Completed,,,
TXN004282,2024-05-01,CU0545,SP003,ST002,PR033,2,119,10,214.2,Cash,Completed,,,
TXN007089,2023-02-07,CU0290,SP008,ST010,PR023,3,179,5,510.15,Online Transfer,Completed,,,
TXN002591,2022-02-13,CU0272,SP001,ST011,PR003,3,549,0,1647,Cash,Cancelled,,,
TXN004327,2024-05-21,CU0183,SP008,ST007,PR007,1,699,0,699,Credit Card,Completed,,,
TXN002158,2023-10-06,CU0199,SP007,ST003,PR012,2,29,5,55.1,Debit Card,Cancelled,,,
TXN002468,2022-11-25,CU0562,SP013,ST002,PR002,1,749,0,749,Credit Card,Cancelled,,,
TXN002747,2022-05-07,CU0439,SP002,ST001,PR025,1,65,0,65,Debit Card,Cancelled,,,
TXN007768,2024-05-18,CU0099,SP011,ST003,PR025,1,65,10,61.39,Online Transfer,Completed,,,
TXN007195,2024-04-12,CU0486,SP010,ST008,PR028,1,89,15,75.65,Debit Card,Completed,,,
TXN006151,2023-05-18,CU0479,SP004,ST003,PR019,3,119,5,339.15,Credit Card,Returned,,,
TXN004644,2023-02-04,CU0266,SP015,ST003,PR032,2,69,20,110.4,Credit Card,Completed,,,
TXN008233,2023-04-01,CU0565,SP004,ST001,PR002,1,749,0,749,Credit Card,Returned,,,
TXN002025,2023-06-23,CU0605,SP011,ST010,PR036,1,249,15,211.65,Credit Card,Completed,,,
TXN001069,2024-03-29,CU0325,SP002,ST004,PR001,1,999,0,999,Cash,Returned,,,
TXN001897,2022-07-25,,SP002,ST003,PR036,3,249,0,747,Online Transfer,Completed,,,
TXN008164,2023-08-06,CU0136,SP009,ST010,PR037,2,289,5,549.1,Online Transfer,Completed,,,
TXN000322,2022-05-10,CU0513,SP001,ST011,PR012,1,29,5,27.55,Cash,Completed,,,
TXN003066,2023-06-24,,SP013,ST003,PR035,1,49,5,46.55,Debit Card,Completed,,,
TXN003947,2022-12-12,CU0309,SP009,ST012,PR021,2,24,0,48,Cash,Completed,,,
TXN004464,2022-01-24,CU0391,SP007,ST007,PR003,1,549,5,589.85,Cash,Returned,,,
TXN006603,2022-03-13,CU0469,SP010,ST012,PR040,1,22,0,22,Credit Card,Completed,,,
TXN002903,2022-02-22,CU0215,SP014,ST004,PR021,3,24,0,72,Credit Card,Cancelled,,,
TXN000954,2023-08-13,CU0438,SP012,ST006,PR038,2,39,15,66.3,Credit Card,Completed,,,
TXN000100,2024-01-05,CU0103,SP014,ST003,PR029,2,169,5,321.1,Cash,Completed,,,
TXN000939,2024-05-28,CU0212,SP007,ST006,PR010,1,199,0,199,Gift Card,Returned,,,
TXN003453,2023-04-17,CU0341,SP010,ST003,PR036,1,249,0,249,Gift Card,Completed,,,
TXN008416,2024-06-02,CU0098,SP009,ST005,PR022,2,89,5,169.1,Online Transfer,Completed,,,
TXN008114,2023-09-03,CU0362,SP005,ST002,PR025,2,65,0,130,Online Transfer,Completed,,,
TXN001895,2024-03-03,CU0456,SP011,ST012,PR036,2,249,20,398.4,Credit Card,Completed,,,
TXN007784,2023-10-30,CU0363,SP015,ST001,PR021,1,24,10,21.6,Debit Card,Completed,,,
TXN001061,2024-05-21,CU0017,SP010,ST005,PR039,1,28,0,28,Online Transfer,Completed,,,
TXN005246,2022-08-13,CU0279,SP009,ST002,PR017,2,99,15,168.3,Cash,Cancelled,,,
TXN004229,2022-07-03,CU0152,SP002,ST006,PR040,1,22,5,20.9,Credit Card,Completed,,,
TXN008533,2024-04-24,CU0004,SP010,ST001,PR021,2,24,0,48,Credit Card,Completed,,,
TXN007828,2023-03-19,CU0210,SP006,ST006,PR013,3,89,20,213.6,Credit Card,Completed,,,
TXN000274,2022-05-11,CU0090,SP005,ST011,PR040,4,22,10,79.2,Debit Card,Completed,,,
TXN002606,2023-04-11,CU0400,SP010,ST002,PR036,3,249,0,747,Debit Card,Completed,,,
TXN004852,2022-09-29,CU0351,SP003,ST005,PR038,1,39,10,35.1,Cash,Completed,,,
TXN000434,2022-10-10,CU0415,SP007,ST007,PR005,2,129,5,245.1,Credit Card,Completed,,,
TXN008223,2023-01-06,CU0250,SP006,ST006,PR033,3,119,5,339.15,Cash,Completed,,,
TXN008657,2022-06-24,CU0137,SP015,ST008,PR028,2,89,0,178,Debit Card,Completed,,,
TXN006146,2024-06-16,CU0013,SP002,ST005,PR013,1,89,15,75.65,Credit Card,Completed,,,
TXN006050,2022-02-11,CU0197,SP008,ST011,PR018,1,59,0,59,Cash,Completed,,,
TXN006874,2024-01-08,CU0407,SP013,ST005,PR020,1,159,5,151.05,Credit Card,Cancelled,,,
TXN007243,2023-06-19,CU0079,SP013,ST007,PR002,1,749,0,749,Cash,Completed,,,
TXN001945,2023-10-26,,SP012,ST002,PR019,2,119,10,214.2,Credit Card,Cancelled,,,
TXN001113,2022-06-29,CU0202,SP001,ST001,PR024,1,45,15,38.25,Cash,Cancelled,,,
TXN005093,2024-02-22,CU0046,SP002,ST008,PR020,4,159,5,604.2,Credit Card,Completed,,,
TXN008969,2023-12-09,CU0398,SP015,ST004,PR014,1,139,20,111.2,Credit Card,Completed,,,
TXN006319,2022-08-10,CU0517,SP001,ST012,PR009,2,379,0,758,Credit Card,Completed,,,
TXN007574,2023-09-11,CU0155,SP009,ST006,PR024,2,45,10,81,Credit Card,Completed,,,
TXN004330,2023-08-30,CU0249,SP012,ST009,PR030,3,149,15,379.95,Credit Card,Completed,,,
TXN005325,2023-04-30,CU0201,SP012,ST012,PR015,2,59,10,106.2,Debit Card,Returned,,,
TXN001781,2024-01-23,CU0391,SP015,ST010,PR026,1,189,0,189,Debit Card,Cancelled,,,
TXN006244,2024-03-24,CU0301,SP006,ST010,PR030,1,149,15,126.65,Debit Card,Completed,,,
TXN003811,2023-09-25,CU0602,SP009,ST009,PR037,3,289,0,867,Gift Card,Cancelled,,,
TXN008204,2022-02-03,CU0029,SP007,ST002,PR026,1,189,20,151.2,Debit Card,Completed,,,
TXN004322,2022-12-09,CU0124,SP010,ST001,PR024,2,45,10,81,Gift Card,Cancelled,,,
TXN007717,2022-04-15,CU0125,SP002,ST001,PR029,1,169,5,160.55,Credit Card,Cancelled,,,
TXN004932,2022-12-11,CU0090,SP015,ST003,PR038,2,39,0,78,Debit Card,Completed,,,
TXN000052,2023-03-06,CU0365,SP001,ST005,PR015,1,59,0,59,Online Transfer,Completed,,,
TXN004193,2023-03-05,CU0585,SP007,ST001,PR020,1,159,0,159,Gift Card,Completed,,,
TXN002232,2023-08-13,CU0203,SP013,ST008,PR025,2,65,20,104,Debit Card,Completed,,,
TXN000594,2023-06-29,CU0255,SP003,ST002,PR023,1,179,0,179,Debit Card,Completed,,,
TXN004993,2024-06-26,CU0513,SP001,ST003,PR030,1,149,5,141.55,Debit Card,Completed,,,
TXN000145,2024-01-16,CU0453,SP013,ST009,PR022,4,89,0,356,Debit Card,Completed,,,
TXN002275,2023-03-22,CU0528,SP012,ST007,PR020,1,159,15,135.15,Debit Card,Completed,,,
TXN005490,2023-08-05,CU0391,SP010,ST004,PR013,1,89,10,80.1,Credit Card,Completed,,,
TXN004360,2022-10-20,CU0003,SP007,ST005,PR010,1,199,20,159.2,Online Transfer,Completed,,,
TXN003082,2023-05-13,CU0424,SP008,ST008,PR032,1,69,10,62.1,Gift Card,Returned,,,
TXN008725,2022-01-22,CU0579,SP015,ST009,PR003,2,549,10,988.2,Debit Card,Completed,,,
TXN001754,2022-08-18,CU0524,SP011,ST007,PR027,2,129,10,232.2,Credit Card,Completed,,,
TXN004925,2022-03-26,CU0565,SP003,ST004,PR010,2,199,0,398,Online Transfer,Completed,,,
TXN005308,2023-06-12,CU0027,SP004,ST010,PR005,1,129,10,116.1,Debit Card,Completed,,,
TXN006049,2024-01-03,CU0341,SP012,ST005,PR033,1,119,0,119,Online Transfer,Completed,,,
TXN004656,2023-04-13,CU0246,SP011,ST004,PR017,1,99,20,79.2,Gift Card,Returned,,,
TXN007594,2022-06-26,CU0434,SP002,ST002,PR008,3,449,10,1212.3,Credit Card,Completed,,,
TXN002174,2024-05-13,CU0314,SP007,ST006,PR020,1,159,5,151.05,Debit Card,Completed,,,
TXN007655,2024-05-18,CU0318,SP008,ST007,PR014,1,139,15,118.15,Credit Card,Completed,,,
TXN002392,2023-10-13,CU0015,SP014,ST007,PR016,2,49,10,88.2,Credit Card,Completed,,,
TXN008759,2022-07-29,CU0064,SP002,ST002,PR011,1,499,0,499,Cash,Completed,,,
TXN002249,2023-03-19,CU0465,SP007,ST002,PR035,2,49,5,93.1,Debit Card,Completed,,,
TXN008954,2023-10-20,CU0554,SP009,ST009,PR012,1,29,0,29,Debit Card,Returned,,,
TXN003631,2022-03-04,CU0198,SP005,ST008,PR036,2,249,5,473.1,Gift Card,Completed,,,
TXN002706,2022-11-04,CU0463,SP011,ST008,PR038,1,39,20,31.2,Debit Card,Completed,,,
TXN005953,2024-04-21,CU0107,SP008,ST008,PR040,1,22,10,19.8,Debit Card,Completed,,,
TXN000022,2022-12-02,CU0228,SP015,ST010,PR038,3,39,0,117,Credit Card,Cancelled,,,
TXN006787,2023-07-12,CU0139,SP011,ST005,PR036,1,249,5,236.55,Online Transfer,Completed,,,
TXN008438,2022-12-23,CU0159,SP008,ST002,PR025,1,65,20,52,Debit Card,Completed,,,
TXN005169,2023-09-20,CU0231,SP002,ST012,PR004,1,299,15,254.15,Cash,Completed,,,
TXN000120,2022-12-04,CU0464,SP006,ST012,PR040,3,22,20,52.8,Online Transfer,Completed,,,
TXN000194,2023-08-16,CU0063,SP015,ST001,PR018,4,59,0,236,Credit Card,Cancelled,,,
TXN004437,2022-07-23,CU0207,SP014,ST012,PR022,3,89,10,240.3,Cash,Completed,,,
TXN000690,2022-02-13,CU0605,SP014,ST011,PR039,2,28,0,56,Credit Card,Returned,,,
TXN003157,2022-03-07,CU0415,SP005,ST010,PR034,1,79,5,75.05,Credit Card,Completed,,,
TXN003965,2022-06-17,CU0538,SP002,ST011,PR010,2,199,0,398,Cash,Cancelled,,,
TXN004892,2024-01-30,CU0049,SP004,ST006,PR010,1,199,0,199,Cash,Completed,,,
TXN001938,2024-04-08,CU0545,SP001,ST003,PR023,5,179,0,895,Gift Card,Completed,,,
TXN008451,2022-07-25,CU0143,SP005,ST002,PR022,3,89,20,213.6,Credit Card,Returned,,,
TXN004707,2024-01-15,CU0053,SP013,ST005,PR021,3,24,5,68.4,Credit Card,Completed,,,
TXN005845,2024-03-10,CU0168,SP009,ST004,PR017,2,99,10,178.2,Credit Card,Completed,,,
TXN004727,2022-11-02,CU0023,SP002,ST004,PR014,1,139,15,118.15,Credit Card,Completed,,,
TXN003626,2022-07-05,CU0134,SP006,ST011,PR028,2,89,10,160.2,Online Transfer,Completed,,,
TXN005554,2023-06-03,CU0529,SP004,ST001,PR030,2,149,0,298,Debit Card,Cancelled,,,
TXN007752,2022-07-26,CU0158,SP011,ST006,PR040,1,22,15,18.05,Cash,Completed,,,
TXN005721,2022-03-15,CU0368,SP014,ST010,PR018,3,59,5,168.15,Debit Card,Completed,,,
TXN004447,2022-09-01,CU0374,SP009,ST004,PR019,4,119,20,380.8,Credit Card,Completed,,,
TXN005331,2022-02-14,CU0332,SP006,ST005,PR023,4,179,20,572.8,Online Transfer,Completed,,,
TXN000385,2022-12-24,CU0494,SP008,ST009,PR028,1,89,10,80.1,Cash,Returned,,,
TXN004313,2022-10-10,CU0574,SP010,ST004,PR030,2,149,0,298,Gift Card,Completed,,,
TXN004914,2024-04-03,CU0455,SP015,ST007,PR016,1,49,5,46.55,Online Transfer,Completed,,,
TXN005954,2022-02-02,CU0016,SP006,ST004,PR033,1,119,0,119,Cash,Completed,,,
TXN001698,2023-09-29,CU0164,SP004,ST012,PR023,1,179,0,179,Credit Card,Completed,,,
TXN007508,2022-03-20,CU0082,SP001,ST012,PR017,2,99,10,178.2,Cash,Completed,,,
TXN000499,2022-01-17,CU0362,SP009,ST012,PR003,1,549,0,549,Debit Card,Completed,,,
TXN003510,2023-01-04,CU0289,SP005,ST010,PR014,1,139,20,111.2,Online Transfer,Completed,,,
TXN008013,2023-04-09,CU0305,SP003,ST005,PR031,1,399,10,359.1,Credit Card,Cancelled,,,
TXN006246,2023-09-05,CU0300,SP012,ST009,PR031,1,399,5,379.05,Debit Card,Completed,,,
TXN000469,2024-05-17,CU0453,SP013,ST006,PR025,3,65,0,195,Cash,Returned,,,
TXN008730,2023-07-04,CU0057,SP013,ST001,PR021,1,24,10,21.6,Gift Card,Completed,,,
TXN004955,2022-09-04,CU0219,SP005,ST007,PR024,1,45,10,40.5,Gift Card,Completed,,,
TXN004969,2024-01-17,CU0440,SP010,ST004,PR021,2,24,5,45.6,Credit Card,Completed,,,
TXN003008,2023-09-26,CU0477,SP011,ST001,PR037,2,289,10,517.49,Debit Card,Completed,,,
TXN003297,2023-10-10,CU0015,SP011,ST009,PR001,2,999,5,1898.1,Debit Card,Completed,,,
TXN001300,2024-03-20,CU0371,SP006,ST005,PR024,3,45,0,135,Debit Card,Completed,,,
TXN006893,2024-02-29,CU0470,SP007,ST003,PR001,3,999,0,2997,Online Transfer,Returned,,,
TXN005343,2023-04-03,CU0506,SP003,ST001,PR015,1,59,0,59,Online Transfer,Completed,,,
TXN000421,2022-02-18,CU0143,SP002,ST006,PR035,2,49,0,98,Credit Card,Completed,,,
TXN000693,2024-01-17,CU0260,SP006,ST011,PR017,5,99,0,495,Online Transfer,Completed,,,
TXN005595,2023-02-11,CU0294,SP005,ST012,PR029,1,169,20,135.2,Credit Card,Returned,,,
TXN008922,2023-09-18,CU0300,SP008,ST003,PR039,3,28,20,67.2,Debit Card,Completed,,,
TXN004632,2022-03-02,CU0415,SP006,ST002,PR015,1,59,10,53.1,Cash,Returned,,,
TXN006461,2022-08-17,CU0566,SP003,ST004,PR023,1,179,10,161.1,Cash,Returned,,,
TXN002033,2022-05-05,CU0405,SP004,ST010,PR025,1,65,0,65,Cash,Completed,,,
TXN008959,2022-06-14,CU0412,SP005,ST005,PR007,1,699,0,699,Credit Card,Completed,,,
TXN006711,2023-12-04,CU0409,SP014,ST010,PR008,2,449,5,853.1,Cash,Completed,,,
TXN002440,2024-06-30,CU0337,SP010,ST007,PR009,1,379,0,379,Cash,Completed,,,
TXN005337,2023-08-16,CU0240,SP009,ST005,PR005,2,129,10,232.2,Credit Card,Completed,,,
TXN007659,2024-05-25,CU0343,SP001,ST007,PR021,2,24,0,48,Debit Card,Completed,,,
TXN003068,2022-02-08,CU0428,SP015,ST011,PR038,2,39,5,74.1,Credit Card,Completed,,,
TXN006928,2023-02-04,CU0392,SP011,ST009,PR007,1,699,10,629.1,Cash,Completed,,,
TXN003810,2022-11-29,,SP006,ST007,PR022,1,89,0,89,Online Transfer,Completed,,,
TXN004345,2022-10-05,CU0387,SP009,ST012,PR040,3,22,20,52.8,Cash,Completed,,,
TXN008094,2022-10-18,CU0151,SP002,ST005,PR016,2,49,0,98,Debit Card,Returned,,,
TXN008386,2024-05-19,CU0300,SP011,ST003,PR006,1,79,0,79,Debit Card,Completed,,,
TXN008104,2023-10-12,CU0263,SP009,ST008,PR011,1,499,10,449.1,Debit Card,Completed,,,
TXN004566,2023-04-06,CU0566,SP002,ST004,PR038,2,39,0,78,Gift Card,Completed,,,
TXN001005,2024-04-02,CU0588,SP003,ST001,PR029,1,169,5,160.55,Credit Card,Returned,,,
TXN001618,2022-11-06,CU0020,SP002,ST005,PR017,2,99,10,178.2,Gift Card,Completed,,,
TXN004158,2022-11-11,CU0174,SP003,ST009,PR002,1,749,20,599.2,Debit Card,Completed,,,
TXN004893,2023-10-03,CU0184,SP004,ST005,PR001,1,999,0,999,Debit Card,Returned,,,
TXN008952,2024-06-26,CU0600,SP013,ST006,PR037,1,289,10,260.1,Cash,Returned,,,
TXN007970,2024-06-22,CU0259,SP009,ST009,PR017,4,99,0,351.6,Online Transfer,Completed,,,
TXN005841,2024-04-12,CU0320,SP013,ST004,PR026,1,189,5,179.55,Credit Card,Completed,,,
TXN004717,2022-04-19,CU0044,SP015,ST006,PR020,3,159,0,477,Debit Card,Cancelled,,,
TXN001151,2023-03-09,CU0064,SP004,ST010,PR023,3,179,10,483.3,Debit Card,Returned,,,
TXN003007,2022-08-12,CU0523,SP015,ST008,PR006,2,79,5,150.1,Debit Card,Returned,,,
TXN000539,2023-05-10,CU0547,,ST004,PR018,5,59,10,265.5,Online Transfer,Completed,,,
TXN000065,2023-12-23,CU0042,SP002,ST006,PR022,1,89,10,80.1,Debit Card,Cancelled,,,
TXN005056,2023-05-17,CU0273,SP001,ST010,PR025,4,65,10,234,Credit Card,Returned,,,
TXN007525,2024-06-06,CU0026,SP007,ST009,PR040,1,22,0,22,Online Transfer,Completed,,,
TXN000524,2024-01-22,CU0135,SP004,ST011,PR036,4,249,0,866.7,Cash,Completed,,,
TXN008513,2022-10-13,CU0281,SP013,ST004,PR032,3,69,15,175.95,Online Transfer,Completed,,,
TXN002775,2023-05-18,CU0326,SP010,ST006,PR018,3,59,0,177,Online Transfer,Completed,,,
TXN003690,2024-06-05,CU0075,SP010,ST011,PR008,2,449,15,763.3,Credit Card,Returned,,,
TXN004414,2022-01-15,CU0537,SP007,ST008,PR019,3,119,10,321.3,Debit Card,Completed,,,
TXN007193,2024-04-09,CU0195,SP009,ST012,PR023,2,179,15,304.3,Credit Card,Completed,,,
TXN001202,2022-01-03,CU0145,SP003,ST006,PR022,1,89,20,76.21,Credit Card,Returned,,,
TXN005063,2023-05-02,CU0276,SP015,ST005,PR028,2,89,5,169.1,Cash,Completed,,,
TXN004427,2024-04-08,CU0407,SP002,ST010,PR004,1,299,10,269.1,Credit Card,Completed,,,
TXN002113,2022-05-06,CU0359,SP002,ST005,PR016,4,49,0,196,Gift Card,Completed,,,
TXN002588,2023-06-30,CU0514,SP007,ST011,PR022,2,89,15,142.73,Gift Card,Completed,,,
TXN005132,2022-06-22,CU0268,,ST001,PR018,1,59,0,59,Debit Card,Cancelled,,,
TXN003186,2023-03-05,CU0107,SP008,ST005,PR025,1,65,15,55.25,Cash,Returned,,,
TXN004494,2023-02-06,CU0436,SP009,ST011,PR040,2,22,5,41.8,Credit Card,Completed,,,
TXN008966,2023-02-05,CU0304,SP002,ST001,PR032,1,69,0,69,Cash,Completed,,,
TXN004382,2022-05-31,CU0461,,ST001,PR018,1,59,0,59,Gift Card,Returned,,,
TXN006257,2023-09-27,CU0435,SP006,ST006,PR039,3,28,15,71.4,Credit Card,Completed,,,
TXN000203,2022-08-13,CU0229,SP012,ST004,PR021,1,24,10,21.6,Gift Card,Completed,,,
TXN008666,2022-03-30,CU0063,SP007,ST005,PR016,3,49,0,147,Credit Card,Completed,,,
TXN002859,2022-10-11,,SP013,ST010,PR016,3,49,0,147,Online Transfer,Completed,,,
TXN000763,2024-04-04,CU0327,SP014,ST009,PR036,1,249,0,249,Credit Card,Completed,,,
TXN000050,2023-08-03,CU0265,,ST011,PR021,2,24,0,48,Cash,Completed,,,
TXN001604,2023-06-16,CU0530,SP012,ST010,PR024,4,45,0,180,Online Transfer,Completed,,,
TXN002529,2022-02-08,CU0535,SP013,ST010,PR014,2,139,0,278,Cash,Completed,,,
TXN005280,2023-07-22,CU0106,SP012,ST007,PR007,1,699,20,559.2,Debit Card,Completed,,,
TXN006919,2022-02-14,CU0267,SP008,ST007,PR009,1,379,20,303.2,Gift Card,Completed,,,
TXN001885,2024-04-14,CU0362,SP003,ST012,PR019,1,119,10,107.1,Online Transfer,Completed,,,
TXN004949,2023-10-12,CU0297,SP005,ST008,PR032,2,69,5,131.1,Debit Card,Returned,,,
TXN003111,2023-02-28,CU0428,SP008,ST004,PR027,1,129,10,116.1,Cash,Completed,,,
TXN005180,2024-01-26,CU0460,SP010,ST001,PR039,1,28,0,28,Debit Card,Completed,,,
TXN008562,2022-09-06,CU0519,SP013,ST007,PR023,2,179,10,322.2,Debit Card,Completed,,,
TXN005051,2022-06-15,CU0223,SP006,ST012,PR032,1,69,10,62.1,Credit Card,Returned,,,
TXN003782,2022-11-16,CU0332,SP015,ST006,PR032,1,69,5,65.55,Gift Card,Completed,,,
TXN002044,2023-05-22,CU0553,SP010,ST012,PR004,1,299,0,299,Online Transfer,Completed,,,
TXN003501,2023-08-12,CU0394,SP006,ST009,PR013,1,89,20,71.2,Cash,Cancelled,,,
TXN001077,2023-01-24,CU0585,SP001,ST006,PR007,1,699,10,629.1,Cash,Completed,,,
TXN004162,2023-01-18,CU0094,SP009,ST005,PR025,3,65,5,185.25,Debit Card,Completed,,,
TXN000943,2022-06-14,CU0449,SP015,ST003,PR001,1,999,10,899.1,Gift Card,Completed,,,
TXN003633,2023-09-06,CU0575,SP008,ST006,PR024,3,45,0,135,Credit Card,Completed,,,
TXN000197,2023-04-10,CU0602,SP004,ST002,PR006,1,79,0,79,Online Transfer,Completed,,,
TXN000243,2023-10-28,CU0045,SP002,ST004,PR019,3,119,10,321.3,Credit Card,Completed,,,
TXN003850,2024-04-22,,SP004,ST007,PR016,1,49,5,46.55,Debit Card,Returned,,,
TXN000993,2023-02-06,CU0355,SP003,ST001,PR004,1,299,0,299,Cash,Completed,,,
TXN004459,2024-03-29,CU0449,SP002,ST011,PR028,2,89,5,169.1,Debit Card,Completed,,,
TXN005077,2022-10-20,CU0487,SP004,ST003,PR005,1,129,15,109.65,Credit Card,Cancelled,,,
TXN006312,2022-12-01,CU0061,SP006,ST009,PR008,1,449,20,359.2,Cash,Completed,,,
TXN008945,2022-11-22,CU0476,SP013,ST002,PR008,1,449,0,449,Cash,Completed,,,
TXN004035,2022-11-22,CU0125,SP014,ST012,PR002,1,749,0,749,Credit Card,Completed,,,
TXN007278,2024-03-27,CU0513,SP006,ST006,PR007,1,699,10,629.1,Debit Card,Cancelled,,,
TXN005364,2023-04-05,CU0294,SP011,ST009,PR004,1,299,0,299,Cash,Completed,,,
TXN001437,2022-10-30,CU0085,SP007,ST005,PR013,2,89,10,160.2,Online Transfer,Cancelled,,,
TXN005971,2022-04-19,CU0404,SP013,ST010,PR025,2,65,10,117,Credit Card,Cancelled,,,
TXN000281,2024-03-27,CU0130,SP009,ST011,PR025,1,65,10,64.68,Debit Card,Completed,,,
TXN005926,2023-10-07,CU0090,SP003,ST005,PR026,2,189,10,340.2,Credit Card,Completed,,,
TXN003597,2024-06-23,CU0578,SP008,ST001,PR005,2,129,20,206.4,Credit Card,Cancelled,,,
TXN000182,2023-09-16,CU0010,SP011,ST003,PR019,4,119,10,428.4,Debit Card,Completed,,,
TXN003376,2022-02-25,CU0259,SP006,ST005,PR038,1,39,0,39,Credit Card,Completed,,,
TXN000791,2023-01-13,CU0385,SP009,ST001,PR026,2,189,10,340.2,Cash,Completed,,,
TXN004118,2022-09-06,CU0180,SP014,ST012,PR005,1,129,5,122.55,Cash,Cancelled,,,
TXN005899,2023-12-07,CU0331,SP006,ST004,PR009,3,379,0,1137,Online Transfer,Completed,,,
TXN007929,2022-11-20,CU0188,SP005,ST006,PR034,2,79,0,158,Online Transfer,Completed,,,
TXN003516,2023-03-10,CU0554,SP001,ST011,PR010,1,199,5,189.05,Credit Card,Completed,,,
TXN008251,2024-02-22,CU0437,SP005,ST011,PR040,1,22,0,22,Debit Card,Completed,,,
TXN008706,2024-01-13,CU0048,SP002,ST012,PR014,1,139,10,125.1,Online Transfer,Returned,,,
TXN004861,2023-04-06,CU0587,SP007,ST001,PR021,3,24,0,72,Cash,Completed,,,
TXN003551,2022-11-04,CU0100,,ST001,PR017,2,99,0,198,Cash,Completed,,,
TXN001483,2022-10-12,CU0031,SP008,ST006,PR018,2,59,20,94.4,Cash,Completed,,,
TXN005450,2024-04-24,CU0204,SP012,ST010,PR002,1,749,5,711.55,Debit Card,Completed,,,
TXN002885,2022-01-23,CU0261,SP001,ST008,PR008,1,449,5,426.55,Cash,Completed,,,
TXN007504,2022-05-23,CU0471,SP007,ST010,PR024,2,45,15,76.5,Cash,Cancelled,,,
TXN006704,2023-09-06,CU0072,SP004,ST011,PR025,3,65,0,195,Credit Card,Completed,,,
TXN006341,2023-06-17,CU0368,SP008,ST002,PR027,3,129,10,348.3,Online Transfer,Completed,,,
TXN000116,2022-02-11,CU0575,SP008,ST008,PR022,3,89,0,267,Credit Card,Completed,,,
TXN001158,2023-02-11,CU0356,SP004,ST001,PR001,2,999,10,1798.2,Credit Card,Completed,,,
TXN001313,2023-02-21,CU0323,SP012,ST004,PR021,1,24,10,21.6,Cash,Completed,,,
TXN006693,2023-09-29,CU0161,SP003,ST010,PR034,1,79,15,67.15,Credit Card,Completed,,,
TXN000590,2024-05-14,CU0374,SP002,ST003,PR040,2,22,10,39.6,Credit Card,Completed,,,
TXN008530,2023-11-18,CU0427,SP012,ST005,PR024,1,45,5,42.75,Credit Card,Completed,,,
TXN003408,2022-03-26,CU0203,SP010,ST001,PR010,1,199,0,199,Credit Card,Returned,,,
TXN007302,2023-11-05,CU0438,SP002,ST009,PR020,1,159,0,159,Debit Card,Completed,,,
TXN001439,2022-05-08,CU0574,SP009,ST001,PR007,3,699,0,2097,Debit Card,Completed,,,
TXN003342,2022-09-10,CU0057,SP013,ST007,PR016,1,49,0,49,Debit Card,Cancelled,,,
TXN003107,2024-01-28,CU0586,SP007,ST004,PR003,1,549,0,549,Credit Card,Completed,,,
TXN001347,2022-10-26,CU0231,SP010,ST003,PR017,2,99,20,158.4,Cash,Completed,,,
TXN005846,2023-08-19,CU0557,SP001,ST006,PR032,2,69,10,124.2,Cash,Completed,,,
TXN007263,2024-02-10,CU0310,SP003,ST011,PR004,1,299,10,269.1,Cash,Completed,,,
TXN002114,2023-12-25,CU0529,SP007,ST001,PR033,1,119,15,101.15,Online Transfer,Completed,,,
TXN003693,2024-06-28,CU0052,SP009,ST001,PR017,2,99,5,188.1,Credit Card,Completed,,,
TXN001521,2023-11-14,CU0399,SP013,ST008,PR028,1,89,10,80.1,Credit Card,Completed,,,
TXN008795,2022-03-06,CU0255,SP007,ST007,PR017,3,99,0,297,Debit Card,Completed,,,
TXN005853,2022-12-19,CU0318,SP005,ST006,PR032,2,69,5,131.1,Gift Card,Completed,,,
TXN000150,2023-10-09,CU0533,SP005,ST007,PR019,2,119,15,202.3,Cash,Completed,,,
TXN008991,2022-01-28,CU0537,SP013,ST005,PR020,2,159,0,318,Credit Card,Completed,,,
TXN004845,2022-06-03,CU0249,SP002,ST009,PR024,1,45,5,42.75,Online Transfer,Returned,,,
TXN004245,2023-01-25,CU0201,SP013,ST006,PR013,1,89,5,84.55,Online Transfer,Completed,,,
TXN008089,2024-02-15,CU0032,,ST012,PR003,1,549,5,521.55,Credit Card,Completed,,,
TXN003452,2023-06-07,CU0056,SP007,ST009,PR033,1,119,0,119,Cash,Completed,,,
TXN001129,2023-06-19,CU0239,SP010,ST008,PR039,1,28,0,28,Credit Card,Completed,,,
TXN007289,2023-10-18,CU0492,SP004,ST006,PR037,1,289,5,274.55,Debit Card,Returned,,,
TXN003760,2023-03-08,CU0192,SP009,ST001,PR037,1,289,0,289,Credit Card,Completed,,,
TXN002979,2022-12-29,CU0424,SP014,ST009,PR014,2,139,0,278,Cash,Completed,,,
TXN003833,2024-05-07,CU0343,SP005,ST011,PR002,1,749,20,599.2,Credit Card,Completed,,,
TXN002731,2024-05-09,CU0150,SP004,ST011,PR032,2,69,0,138,Cash,Completed,,,
TXN004283,2022-03-10,CU0386,SP008,ST011,PR027,1,129,0,129,Online Transfer,Completed,,,
TXN004368,2022-12-31,CU0554,SP004,ST002,PR005,2,129,10,232.2,Cash,Completed,,,
TXN002359,2023-06-13,,SP003,ST005,PR005,1,129,5,122.55,Cash,Returned,,,
TXN008663,2023-05-05,CU0108,SP001,ST004,PR028,1,89,10,80.1,Online Transfer,Completed,,,
TXN005861,2022-09-29,CU0104,SP009,ST011,PR017,2,99,10,178.2,Cash,Cancelled,,,
TXN005764,2022-04-26,CU0170,SP012,ST012,PR024,1,45,0,45,Credit Card,Completed,,,
TXN005756,2024-04-26,CU0586,SP007,ST010,PR032,1,69,0,69,Online Transfer,Completed,,,
TXN008881,2022-08-23,CU0482,SP012,ST010,PR003,1,549,5,521.55,Credit Card,Cancelled,,,
TXN004689,2023-12-03,CU0101,SP009,ST006,PR023,4,179,0,716,Debit Card,Completed,,,
TXN005434,2023-08-05,CU0484,SP014,ST003,PR023,4,179,0,716,Gift Card,Completed,,,
TXN006271,2023-10-30,CU0449,SP014,ST001,PR021,1,24,5,22.8,Debit Card,Completed,,,
TXN007092,2023-09-15,CU0207,SP014,ST012,PR026,1,189,0,189,Credit Card,Completed,,,
TXN007764,2023-02-18,CU0357,SP015,ST002,PR017,2,99,0,198,Credit Card,Cancelled,,,
TXN007466,2022-05-18,CU0438,SP010,ST012,PR027,1,129,0,129,Credit Card,Completed,,,
TXN003371,2022-10-06,CU0417,SP007,ST012,PR013,1,89,0,89,Credit Card,Completed,,,
TXN000307,2023-11-05,CU0388,SP010,ST012,PR014,2,139,5,264.1,Credit Card,Returned,,,
TXN008941,2022-02-06,CU0247,SP007,ST002,PR019,1,119,5,113.05,Credit Card,Completed,,,
TXN007522,2022-04-26,CU0215,SP015,ST005,PR014,1,139,5,132.05,Credit Card,Completed,,,
TXN005767,2023-02-06,CU0054,SP012,ST002,PR025,3,65,5,185.25,Credit Card,Completed,,,
TXN008273,2022-08-23,CU0277,SP009,ST005,PR019,3,119,0,357,Gift Card,Cancelled,,,
TXN005629,2022-06-27,CU0372,SP010,ST002,PR032,2,69,20,110.4,Debit Card,Completed,,,
TXN002515,2022-01-22,CU0600,SP004,ST005,PR002,2,749,20,1198.4,Cash,Completed,,,
TXN002102,2023-04-29,CU0303,SP002,ST002,PR015,1,59,0,59,Debit Card,Completed,,,
TXN004651,2022-06-11,CU0443,SP004,ST002,PR017,4,99,0,396,Online Transfer,Completed,,,
TXN002139,2024-06-10,CU0248,SP006,ST009,PR018,5,59,10,265.5,Debit Card,Completed,,,
TXN008413,2022-07-14,CU0114,SP015,ST003,PR035,1,49,5,47.4,Cash,Cancelled,,,
TXN005379,2024-01-29,CU0324,SP004,ST009,PR011,2,499,10,898.2,Online Transfer,Completed,,,
TXN006100,2024-06-23,CU0177,SP011,ST002,PR022,2,89,20,142.4,Credit Card,Completed,,,
TXN002993,2022-08-04,CU0147,SP006,ST008,PR030,1,149,0,149,Debit Card,Returned,,,
TXN006650,2023-04-25,CU0556,SP013,ST002,PR006,1,79,15,67.15,Cash,Completed,,,
TXN001616,2023-04-14,CU0007,SP009,ST007,PR034,1,79,5,75.05,Cash,Completed,,,
TXN008443,2022-04-11,CU0421,SP015,ST004,PR014,1,139,0,139,Online Transfer,Completed,,,
TXN002833,2022-03-08,CU0509,SP015,ST003,PR007,1,699,10,629.1,Debit Card,Cancelled,,,
TXN008584,2023-06-16,CU0029,SP001,ST006,PR037,1,289,5,274.55,Online Transfer,Completed,,,
TXN001183,2022-01-16,CU0180,SP015,ST001,PR001,1,999,10,899.1,Debit Card,Completed,,,
TXN003827,2024-06-19,,SP011,ST012,PR015,1,59,0,59,Credit Card,Completed,,,
TXN004719,2023-02-05,CU0070,SP013,ST010,PR031,3,399,15,1017.45,Online Transfer,Returned,,,
TXN001667,2022-05-16,CU0195,SP010,ST008,PR015,2,59,15,100.3,Online Transfer,Returned,,,
TXN002238,2023-06-16,CU0386,SP006,ST008,PR006,2,79,5,150.1,Debit Card,Completed,,,
TXN008915,2022-08-31,CU0052,SP012,ST006,PR021,1,24,5,22.8,Online Transfer,Completed,,,
TXN005319,2024-04-09,CU0120,SP004,ST003,PR018,3,59,0,177,Online Transfer,Completed,,,
TXN008299,2022-01-10,CU0092,SP001,ST004,PR004,1,299,10,269.1,Credit Card,Completed,,,
TXN007109,2024-04-27,CU0275,SP015,ST006,PR003,3,549,0,1714.27,Credit Card,Returned,,,
TXN000444,2022-07-15,CU0533,SP012,ST006,PR034,1,79,10,71.1,Online Transfer,Completed,,,
TXN006657,2023-08-01,CU0211,SP003,ST003,PR036,1,249,10,224.1,Credit Card,Completed,,,
TXN002415,2023-09-24,CU0268,SP009,ST001,PR022,1,89,0,89,Cash,Returned,,,
TXN003465,2022-03-02,CU0590,SP005,ST004,PR025,3,65,0,195,Gift Card,Completed,,,
TXN004085,2024-04-02,CU0228,SP009,ST003,PR003,1,549,5,521.55,Credit Card,Completed,,,
TXN006034,2024-03-05,CU0355,SP001,ST008,PR038,3,39,0,117,Credit Card,Cancelled,,,
TXN004216,2022-12-23,CU0264,SP002,ST009,PR020,3,159,10,429.3,Debit Card,Cancelled,,,
TXN000741,2023-12-01,CU0257,SP006,ST011,PR020,4,159,0,636,Online Transfer,Completed,,,
TXN008381,2022-07-10,CU0234,SP004,ST006,PR022,2,89,10,160.2,Debit Card,Completed,,,
TXN008141,2022-10-06,CU0172,SP005,ST010,PR038,1,39,15,33.15,Online Transfer,Completed,,,
TXN003514,2022-06-14,CU0482,SP003,ST009,PR026,2,189,0,378,Cash,Cancelled,,,
TXN001729,2022-06-07,CU0525,SP011,ST007,PR003,1,549,5,521.55,Debit Card,Completed,,,
TXN004010,2024-05-29,CU0240,SP004,ST012,PR022,2,89,20,142.4,Cash,Completed,,,
TXN006832,2023-06-06,,SP003,ST012,PR019,2,119,20,190.4,Credit Card,Completed,,,
TXN004926,2022-06-20,CU0229,SP001,ST005,PR034,3,79,10,213.3,Debit Card,Cancelled,,,
TXN001842,2024-04-03,CU0498,SP003,ST009,PR007,1,699,0,699,Cash,Completed,,,
TXN000026,2023-12-22,CU0073,SP007,ST012,PR016,1,49,10,44.1,Cash,Completed,,,
TXN002226,2022-08-24,CU0408,SP001,ST008,PR023,3,179,5,510.15,Gift Card,Completed,,,
TXN005530,2023-11-28,CU0384,SP014,ST011,PR006,2,79,0,158,Credit Card,Completed,,,
TXN002509,2023-02-14,CU0023,SP013,ST006,PR017,3,99,5,282.15,Debit Card,Completed,,,
TXN003717,2022-02-15,CU0443,SP010,ST010,PR033,1,119,20,95.2,Credit Card,Returned,,,
TXN004894,2023-03-07,CU0113,SP011,ST011,PR014,1,139,10,125.1,Credit Card,Completed,,,
TXN001332,2022-09-27,CU0039,SP005,ST004,PR034,1,79,0,79,Online Transfer,Completed,,,
TXN004634,2023-11-28,CU0148,SP008,ST006,PR024,1,45,15,38.25,Online Transfer,Returned,,,
TXN008672,2022-05-09,CU0071,SP012,ST003,PR031,1,399,20,319.2,Debit Card,Completed,,,
TXN000032,2022-06-18,CU0152,SP008,ST003,PR036,2,249,0,498,Gift Card,Completed,,,
TXN004098,2022-12-04,CU0306,SP011,ST003,PR009,1,379,20,303.2,Credit Card,Completed,,,
TXN005304,2022-03-02,CU0197,SP012,ST002,PR014,1,139,0,139,Credit Card,Completed,,,
TXN001838,2022-08-02,CU0517,SP005,ST003,PR035,1,49,0,49,Debit Card,Completed,,,
TXN008003,2022-11-01,CU0486,SP004,ST001,PR025,1,65,0,65,Cash,Completed,,,
TXN007585,2023-08-24,CU0158,SP013,ST008,PR031,1,399,0,399,Cash,Completed,,,
TXN003147,2024-01-17,CU0143,SP004,ST009,PR023,2,179,10,322.2,Debit Card,Returned,,,
TXN008653,2022-09-23,CU0248,SP002,ST005,PR014,1,139,0,139,Online Transfer,Completed,,,
TXN004784,2022-08-14,CU0246,SP006,ST007,PR007,1,699,0,699,Online Transfer,Completed,,,
TXN001737,2023-04-28,CU0448,SP008,ST006,PR025,5,65,0,325,Credit Card,Returned,,,
TXN008213,2024-01-21,CU0518,SP005,ST008,PR016,1,49,15,41.65,Online Transfer,Returned,,,
TXN004629,2022-05-26,CU0371,SP006,ST002,PR022,4,89,15,302.6,Online Transfer,Cancelled,,,
TXN008747,2022-01-29,CU0317,SP015,ST001,PR030,1,149,10,134.1,Credit Card,Completed,,,
TXN001152,2023-12-28,CU0103,SP009,ST010,PR013,1,89,0,89,Credit Card,Completed,,,
TXN007625,2023-05-19,CU0056,SP006,ST003,PR025,3,65,10,175.5,Credit Card,Returned,,,
TXN005653,2023-07-04,CU0420,SP013,ST009,PR023,2,179,10,322.2,Gift Card,Completed,,,
TXN003417,2024-01-20,CU0455,SP013,ST003,PR005,2,129,0,258,Gift Card,Completed,,,
TXN002328,2023-05-05,CU0224,SP002,ST001,PR013,1,89,0,89,Online Transfer,Cancelled,,,
TXN002149,2022-10-06,CU0445,SP006,ST007,PR032,2,69,0,138,Debit Card,Completed,,,
TXN001669,2024-06-05,CU0095,SP004,ST011,PR035,1,49,10,44.1,Credit Card,Completed,,,
TXN000108,2023-02-23,CU0030,SP005,ST005,PR012,1,29,0,29,Cash,Cancelled,,,
TXN001524,2022-10-16,CU0116,SP010,ST009,PR035,2,49,5,93.1,Credit Card,Completed,,,
TXN000975,2022-02-24,CU0247,SP007,ST010,PR035,2,49,20,78.4,Gift Card,Completed,,,
TXN008970,2023-05-22,CU0491,SP007,ST007,PR014,1,139,0,139,Credit Card,Completed,,,
TXN008534,2024-04-23,CU0230,SP014,ST004,PR034,1,79,0,79,Credit Card,Completed,,,
TXN005935,2022-11-05,CU0485,SP010,ST010,PR030,1,149,0,149,Gift Card,Completed,,,
TXN001079,2022-07-23,CU0223,SP015,ST010,PR027,4,129,0,516,Credit Card,Completed,,,
TXN003544,2022-12-09,CU0608,SP007,ST007,PR003,2,549,5,1043.1,Gift Card,Completed,,,
TXN001273,2022-07-06,CU0246,SP001,ST008,PR035,1,49,0,49,Cash,Completed,,,
TXN000276,2022-06-14,CU0335,SP015,ST007,PR031,1,399,5,379.05,Gift Card,Completed,,,
TXN007861,2022-10-21,CU0193,SP014,ST010,PR018,2,59,0,118,Debit Card,Completed,,,
TXN001730,2022-02-01,CU0285,SP012,ST002,PR011,1,499,0,499,Debit Card,Completed,,,
TXN003253,2022-10-03,CU0092,SP007,ST005,PR028,1,89,0,89,Online Transfer,Returned,,,
TXN008482,2022-08-04,CU0337,SP009,ST006,PR001,2,999,15,1698.3,Credit Card,Completed,,,
TXN005691,2024-03-01,CU0555,SP011,ST006,PR038,1,39,0,39,Cash,Completed,,,
TXN003831,2023-09-13,CU0594,SP011,ST012,PR027,2,129,0,258,Cash,Cancelled,,,
TXN001122,2022-06-02,CU0294,SP001,ST008,PR021,1,24,0,24,Online Transfer,Returned,,,
TXN004054,2023-03-18,CU0320,SP013,ST002,PR025,3,65,0,195,Credit Card,Returned,,,
TXN006632,2023-01-02,,SP004,ST009,PR004,2,299,5,568.1,Credit Card,Completed,,,
TXN005268,2023-09-15,CU0544,SP004,ST001,PR013,2,89,15,151.3,Debit Card,Completed,,,
TXN002235,2024-04-26,CU0422,SP003,ST007,PR007,1,699,15,594.15,Credit Card,Completed,,,
TXN008843,2022-08-16,CU0053,SP013,ST007,PR007,2,699,10,1258.2,Cash,Completed,,,
TXN007480,2024-03-29,CU0514,SP009,ST005,PR010,1,199,0,199,Credit Card,Completed,,,
TXN008543,2024-04-05,CU0137,SP012,ST009,PR021,1,24,15,20.4,Debit Card,Cancelled,,,
TXN006608,2023-10-13,CU0019,SP005,ST006,PR018,1,59,10,53.1,Credit Card,Completed,,,
TXN002152,2023-05-14,CU0247,SP005,ST002,PR017,1,99,10,89.1,Gift Card,Completed,,,
TXN000567,2022-11-15,CU0360,SP002,ST006,PR021,3,24,0,72,Debit Card,Completed,,,
TXN001339,2022-02-17,CU0304,SP008,ST002,PR038,2,39,0,78,Cash,Completed,,,
TXN003857,2023-01-13,CU0218,SP005,ST011,PR040,1,22,5,20.9,Cash,Completed,,,
TXN008841,2024-06-24,CU0104,SP013,ST004,PR025,2,65,5,123.5,Credit Card,Returned,,,
TXN008537,2023-02-26,CU0549,SP009,ST005,PR036,1,249,15,211.65,Debit Card,Completed,,,
TXN005670,2022-02-10,CU0507,SP005,ST007,PR035,1,49,0,49,Online Transfer,Completed,,,
TXN004062,2022-09-22,CU0506,SP005,ST004,PR025,1,65,0,65,Credit Card,Cancelled,,,
TXN002746,2022-08-09,CU0516,SP014,ST004,PR003,2,549,0,1098,Debit Card,Completed,,,
TXN004988,2022-04-07,CU0531,SP006,ST010,PR033,4,119,0,476,Online Transfer,Completed,,,
TXN008444,2022-09-15,CU0245,SP011,ST011,PR028,1,89,20,71.2,Credit Card,Returned,,,
TXN000009,2023-03-26,CU0596,SP001,ST003,PR005,2,129,20,206.4,Credit Card,Cancelled,,,
TXN003817,2023-01-09,CU0487,SP005,ST009,PR018,2,59,15,100.3,Credit Card,Cancelled,,,
TXN001351,2022-07-27,CU0302,SP005,ST008,PR036,3,249,5,709.65,Debit Card,Completed,,,
TXN003504,2022-05-06,CU0552,SP010,ST008,PR015,1,59,10,53.1,Cash,Returned,,,
TXN007542,2024-04-14,CU0222,SP001,ST009,PR006,1,79,0,79,Credit Card,Completed,,,
TXN006558,2022-05-14,CU0310,SP012,ST001,PR001,2,999,5,1898.1,Online Transfer,Completed,,,
TXN002789,2022-07-31,CU0515,SP015,ST012,PR004,1,299,10,269.1,Online Transfer,Completed,,,
TXN007802,2022-04-17,CU0395,SP005,ST004,PR029,2,169,0,338,Debit Card,Completed,,,
TXN002172,2024-06-26,CU0536,,ST007,PR038,1,39,0,39,Gift Card,Completed,,,
TXN002364,2022-11-24,CU0446,SP014,ST003,PR021,3,24,15,61.2,Debit Card,Completed,,,
TXN003593,2023-11-09,CU0005,SP013,ST003,PR016,2,49,0,98,Credit Card,Completed,,,
TXN000638,2022-08-23,CU0484,SP015,ST005,PR018,1,59,5,56.05,Debit Card,Completed,,,
TXN004419,2022-12-19,CU0121,SP004,ST012,PR033,2,119,0,238,Credit Card,Cancelled,,,
TXN003608,2024-05-12,CU0456,SP009,ST003,PR037,2,289,5,549.1,Online Transfer,Cancelled,,,
TXN000989,2024-01-11,CU0086,SP015,ST010,PR031,1,399,5,379.05,Credit Card,Returned,,,
TXN001706,2022-06-23,CU0312,SP003,ST011,PR015,2,59,0,118,Online Transfer,Completed,,,
TXN004484,2022-09-27,CU0090,SP001,ST007,PR017,2,99,0,198,Cash,Cancelled,,,
TXN004742,2024-06-27,CU0368,SP008,ST011,PR038,1,39,5,37.05,Cash,Cancelled,,,
TXN001291,2024-04-29,CU0391,SP001,ST002,PR001,1,999,10,899.1,Cash,Completed,,,
TXN002304,2023-02-07,CU0296,SP002,ST003,PR033,1,119,5,113.05,Online Transfer,Completed,,,
TXN001321,2022-04-13,CU0107,SP001,ST010,PR020,1,159,0,159,Debit Card,Completed,,,
TXN000568,2022-04-03,CU0089,SP003,ST006,PR025,5,65,0,325,Credit Card,Completed,,,
TXN000725,2022-02-18,CU0395,SP004,ST006,PR039,1,28,10,25.2,Debit Card,Completed,,,
TXN001118,2022-02-08,,SP011,ST005,PR025,2,65,15,110.5,Cash,Completed,,,
TXN004821,2022-03-02,CU0173,SP012,ST002,PR014,1,139,0,139,Credit Card,Completed,,,
TXN005433,2022-04-03,CU0529,SP010,ST003,PR012,1,29,0,29,Cash,Completed,,,
TXN000130,2022-08-05,CU0266,SP014,ST011,PR006,1,79,0,79,Credit Card,Cancelled,,,
TXN003188,2024-06-13,CU0152,SP015,ST002,PR019,1,119,0,119,Credit Card,Completed,,,
TXN001549,2022-07-08,CU0276,SP008,ST002,PR003,1,549,0,549,Online Transfer,Completed,,,
TXN004271,2022-03-20,CU0001,SP010,ST001,PR018,2,59,0,118,Credit Card,Cancelled,,,
TXN004014,2024-01-31,CU0276,SP009,ST004,PR030,4,149,10,536.4,Credit Card,Returned,,,
TXN008011,2023-05-12,CU0423,SP015,ST001,PR038,2,39,20,62.4,Gift Card,Completed,,,
TXN004867,2024-06-18,CU0167,SP004,ST003,PR039,1,28,10,25.2,Gift Card,Completed,,,
TXN004096,2022-12-17,CU0229,SP015,ST011,PR018,1,59,0,59,Online Transfer,Completed,,,
TXN005510,2023-01-31,CU0142,SP005,ST005,PR012,1,29,0,29,Cash,Completed,,,
TXN007396,2024-05-29,CU0081,SP012,ST003,PR038,1,39,5,37.05,Cash,Completed,,,
TXN002619,2022-02-16,CU0099,SP015,ST002,PR019,2,119,0,238,Debit Card,Completed,,,
TXN002216,2022-05-16,CU0031,SP008,ST009,PR035,4,49,15,166.6,Gift Card,Returned,,,
TXN001315,2022-02-20,CU0608,SP008,ST012,PR001,1,999,0,999,Credit Card,Returned,,,
TXN002548,2022-08-11,CU0133,SP003,ST009,PR038,2,39,0,78,Online Transfer,Completed,,,
TXN002671,2023-05-02,CU0215,SP001,ST005,PR005,1,129,10,116.1,Online Transfer,Completed,,,
TXN008893,2022-01-03,CU0042,SP014,ST009,PR019,3,119,0,368.55,Cash,Returned,,,
TXN002306,2022-09-05,CU0038,SP002,ST001,PR040,2,22,5,41.8,Online Transfer,Completed,,,
TXN000605,2022-08-29,CU0551,SP003,ST007,PR025,3,65,0,195,Credit Card,Completed,,,
TXN000309,2022-11-09,CU0090,SP005,ST007,PR032,3,69,0,207,Credit Card,Completed,,,
TXN007458,2023-03-02,CU0465,SP004,ST002,PR024,4,45,5,171,Credit Card,Cancelled,,,
TXN004450,2023-07-06,CU0179,SP006,ST007,PR008,2,449,0,898,Online Transfer,Completed,,,
TXN005696,2023-06-26,CU0153,,ST012,PR023,1,179,10,161.1,Online Transfer,Completed,,,
TXN005939,2023-04-18,CU0400,SP002,ST001,PR014,2,139,0,278,Debit Card,Completed,,,
TXN004675,2022-09-09,CU0565,SP012,ST005,PR009,1,379,10,341.1,Online Transfer,Returned,,,
TXN008055,2022-05-01,CU0350,SP001,ST009,PR036,2,249,10,448.2,Debit Card,Cancelled,,,
TXN001284,2023-11-10,CU0200,SP002,ST007,PR002,1,749,20,599.2,Credit Card,Completed,,,
TXN000704,2022-11-26,CU0253,SP013,ST009,PR024,1,45,15,38.25,Debit Card,Completed,,,
TXN002457,2022-06-27,CU0133,SP014,ST008,PR022,3,89,0,267,Debit Card,Completed,,,
TXN005741,2023-03-29,CU0254,SP004,ST007,PR020,1,159,0,159,Debit Card,Completed,,,
TXN008034,2023-06-16,CU0241,SP014,ST003,PR010,2,199,0,398,Debit Card,Completed,,,
TXN005978,2022-12-27,CU0140,SP002,ST011,PR013,2,89,0,178,Cash,Completed,,,
TXN005724,2022-01-12,CU0360,SP009,ST006,PR035,1,49,20,39.2,Gift Card,Completed,,,
TXN005610,2022-06-15,CU0175,SP009,ST012,PR032,3,69,15,175.95,Credit Card,Completed,,,
TXN004548,2022-10-14,CU0195,SP010,ST010,PR024,2,45,10,81,Cash,Completed,,,
TXN006646,2022-10-01,CU0409,SP001,ST009,PR017,1,99,10,89.1,Online Transfer,Completed,,,
TXN007378,2023-09-17,CU0268,SP011,ST003,PR018,3,59,10,159.3,Cash,Returned,,,
TXN007665,2024-06-22,CU0233,SP011,ST011,PR040,2,22,0,44,Online Transfer,Completed,,,
TXN005737,2023-10-25,CU0106,SP013,ST004,PR031,2,399,15,678.3,Debit Card,Completed,,,
TXN004483,2022-03-22,CU0089,SP003,ST006,PR031,2,399,15,678.3,Online Transfer,Completed,,,
TXN004146,2022-07-31,CU0158,SP001,ST006,PR039,2,28,10,50.4,Cash,Completed,,,
TXN006387,2023-11-23,CU0207,SP014,ST011,PR035,1,49,0,49,Cash,Completed,,,
TXN004099,2024-06-25,CU0408,SP006,ST009,PR036,2,249,20,398.4,Online Transfer,Completed,,,
TXN005791,2024-06-13,CU0449,SP015,ST010,PR034,1,79,0,73.74,Online Transfer,Completed,,,
TXN008064,2023-12-08,CU0363,SP005,ST012,PR031,1,399,15,339.15,Credit Card,Completed,,,
TXN004171,2023-10-26,CU0080,SP002,ST004,PR017,4,99,10,356.4,Cash,Returned,,,
TXN003751,2024-01-21,CU0442,SP006,ST007,PR023,3,179,15,456.45,Cash,Completed,,,
TXN006041,2022-11-06,CU0125,SP005,ST011,PR014,2,139,0,278,Debit Card,Returned,,,
TXN002276,2022-03-28,CU0363,SP007,ST001,PR017,2,99,5,188.1,Credit Card,Completed,,,
TXN007503,2023-01-02,CU0151,SP015,ST012,PR023,3,179,5,510.15,Debit Card,Completed,,,
TXN004032,2023-04-14,CU0160,SP002,ST006,PR032,2,69,0,138,Debit Card,Completed,,,
TXN003974,2023-03-02,CU0233,SP001,ST008,PR022,2,89,0,178,Debit Card,Completed,,,
TXN006438,2022-01-24,CU0578,SP012,ST010,PR017,1,99,15,84.15,Credit Card,Completed,,,
TXN008568,2022-10-27,CU0074,SP002,ST002,PR031,2,399,15,733.58,Credit Card,Completed,,,
TXN001509,2022-06-17,CU0207,SP002,ST010,PR020,3,159,20,381.6,Gift Card,Completed,,,
TXN000371,2022-10-25,CU0475,SP002,ST011,PR005,2,129,0,258,Cash,Completed,,,
TXN000437,2022-07-01,CU0079,SP003,ST011,PR031,1,399,5,379.05,Cash,Cancelled,,,
TXN005460,2023-03-15,CU0350,SP008,ST003,PR027,2,129,0,258,Credit Card,Returned,,,
TXN004994,2024-05-26,CU0009,SP009,ST001,PR031,1,399,0,399,Cash,Completed,,,
TXN004766,2023-12-03,CU0142,SP001,ST003,PR039,1,28,0,28,Cash,Completed,,,
TXN006902,2022-10-25,CU0333,SP008,ST008,PR025,3,65,0,215.87,Credit Card,Completed,,,
TXN000666,2023-05-03,CU0426,SP014,ST009,PR020,4,159,0,636,Debit Card,Completed,,,
TXN006286,2022-01-02,CU0202,SP012,ST011,PR026,1,189,5,179.55,Cash,Returned,,,
TXN008447,2023-02-26,CU0562,SP006,ST009,PR036,1,249,20,199.2,Cash,Completed,,,
TXN005430,2023-01-31,CU0487,SP003,ST008,PR003,1,549,5,521.55,Online Transfer,Returned,,,
TXN008548,2023-09-25,CU0533,SP006,ST004,PR008,3,449,10,1212.3,Debit Card,Completed,,,
TXN008224,2023-06-10,CU0336,SP001,ST002,PR025,1,65,5,61.75,Cash,Completed,,,
TXN005534,2024-06-20,CU0129,SP010,ST012,PR033,1,119,0,119,Cash,Completed,,,
TXN002320,2023-05-05,CU0328,SP008,ST010,PR007,2,699,0,1398,Debit Card,Returned,,,
TXN000903,2023-11-06,CU0581,SP014,ST012,PR009,2,379,0,758,Debit Card,Cancelled,,,
TXN006463,2022-11-14,CU0468,SP007,ST009,PR002,1,749,10,674.1,Debit Card,Completed,,,
TXN005018,2024-03-11,CU0335,SP007,ST010,PR030,2,149,10,268.2,Credit Card,Completed,,,
TXN005418,2022-06-13,CU0114,SP002,ST009,PR020,1,159,10,143.1,Credit Card,Completed,,,
TXN003655,2022-07-17,CU0073,SP011,ST008,PR024,3,45,0,135,Credit Card,Completed,,,
TXN004108,2022-03-19,CU0121,SP007,ST007,PR019,3,119,0,357,Debit Card,Returned,,,
TXN002482,2022-09-26,CU0376,SP008,ST002,PR010,1,199,20,159.2,Credit Card,Cancelled,,,
TXN003104,2022-05-03,CU0120,SP014,ST002,PR011,1,499,10,449.1,Credit Card,Completed,,,
TXN004671,2024-06-13,CU0372,SP011,ST010,PR034,2,79,0,158,Credit Card,Completed,,,
TXN003441,2022-10-21,CU0333,SP004,ST004,PR005,1,129,5,122.55,Debit Card,Returned,,,
TXN001225,2022-02-02,CU0045,SP014,ST008,PR005,1,129,0,129,Debit Card,Completed,,,
TXN005446,2023-03-06,CU0091,SP013,ST012,PR017,2,99,10,178.2,Credit Card,Completed,,,
TXN007989,2023-08-27,CU0418,SP002,ST012,PR006,1,79,5,75.05,Credit Card,Completed,,,
TXN000407,2023-07-03,,SP009,ST003,PR011,1,499,0,499,Credit Card,Completed,,,
TXN002632,2024-05-12,CU0030,SP002,ST001,PR031,2,399,5,758.1,Debit Card,Cancelled,,,
TXN008467,2022-11-24,CU0049,SP015,ST009,PR032,3,69,0,207,Cash,Returned,,,
TXN000153,2023-06-17,CU0291,SP004,ST002,PR022,1,89,5,84.55,Credit Card,Completed,,,
TXN003044,2023-01-23,CU0113,SP015,ST006,PR004,1,299,0,299,Debit Card,Cancelled,,,
TXN006210,2022-11-05,CU0477,SP012,ST008,PR002,1,749,0,749,Debit Card,Completed,,,
TXN005483,2023-04-16,CU0190,SP001,ST010,PR015,1,59,0,59,Online Transfer,Completed,,,
TXN005779,2022-10-23,CU0015,SP003,ST007,PR031,1,399,10,359.1,Debit Card,Completed,,,
TXN001846,2022-09-10,CU0031,SP014,ST006,PR010,3,199,10,537.3,Credit Card,Completed,,,
TXN003278,2022-10-12,CU0289,SP012,ST004,PR026,1,189,0,189,Credit Card,Completed,,,
TXN000674,2023-11-11,CU0351,SP013,ST009,PR013,2,89,10,160.2,Gift Card,Completed,,,
TXN004048,2023-08-27,CU0334,SP012,ST002,PR028,1,89,10,80.1,Cash,Returned,,,
TXN002140,2022-10-07,CU0017,SP006,ST004,PR025,4,65,0,260,Debit Card,Completed,,,
TXN008630,2024-01-08,CU0010,SP009,ST002,PR026,3,189,0,567,Credit Card,Completed,,,
TXN001873,2024-01-15,CU0223,SP003,ST012,PR012,3,29,10,78.3,Online Transfer,Completed,,,
TXN004661,2023-12-02,CU0292,SP004,ST007,PR021,2,24,10,43.2,Debit Card,Completed,,,
TXN000595,2022-12-20,CU0250,SP015,ST012,PR033,2,119,0,238,Debit Card,Completed,,,
TXN004151,2024-06-24,CU0586,SP007,ST003,PR016,1,49,0,49,Credit Card,Completed,,,
TXN001744,2024-01-13,CU0486,SP002,ST008,PR026,3,189,0,567,Online Transfer,Completed,,,
TXN007110,2024-01-10,CU0136,SP008,ST009,PR009,1,379,10,341.1,Cash,Completed,,,
TXN008176,2022-01-14,CU0109,SP004,ST005,PR036,1,249,0,249,Credit Card,Completed,,,
TXN006330,2022-04-23,CU0065,SP004,ST009,PR034,1,79,0,79,Debit Card,Completed,,,
TXN006156,2023-09-23,CU0121,SP004,ST012,PR017,2,99,20,158.4,Credit Card,Completed,,,
TXN008861,2023-10-07,CU0217,SP015,ST002,PR009,1,379,5,360.05,Credit Card,Completed,,,
TXN004834,2022-01-04,CU0369,SP003,ST002,PR039,4,28,0,112,Credit Card,Completed,,,
TXN005227,2024-05-10,CU0355,SP011,ST006,PR020,1,159,10,143.1,Cash,Completed,,,
TXN003128,2024-01-29,CU0470,SP008,ST007,PR035,1,49,0,49,Debit Card,Returned,,,
TXN000086,2022-10-02,CU0546,SP013,ST010,PR035,3,49,20,117.6,Credit Card,Completed,,,
TXN005856,2024-05-15,CU0331,SP012,ST008,PR004,1,299,10,269.1,Cash,Completed,,,
TXN008980,2022-02-11,CU0102,SP006,ST010,PR011,1,499,0,499,Debit Card,Completed,,,
TXN008016,2023-06-07,CU0056,SP003,ST001,PR022,1,89,10,80.1,Online Transfer,Completed,,,
TXN001740,2024-01-25,CU0562,SP007,ST012,PR026,1,189,10,170.1,Debit Card,Completed,,,
TXN002857,2023-04-06,CU0529,SP012,ST010,PR028,1,89,15,75.65,Debit Card,Completed,,,
TXN001037,2024-05-30,CU0374,SP013,ST001,PR018,1,59,0,59,Cash,Completed,,,
TXN005692,2023-12-19,CU0418,SP004,ST005,PR024,1,45,0,45,Debit Card,Completed,,,
TXN003658,2024-06-28,CU0535,SP011,ST008,PR003,1,549,0,549,Gift Card,Completed,,,
TXN001330,2023-06-01,CU0406,SP013,ST009,PR034,1,79,5,75.05,Online Transfer,Completed,,,
TXN001228,2022-02-02,CU0439,SP001,ST009,PR025,5,65,5,308.75,Debit Card,Completed,,,
TXN003396,2023-10-27,CU0450,SP011,ST009,PR011,1,499,0,499,Credit Card,Completed,,,
TXN007335,2022-10-21,CU0501,SP007,ST003,PR026,3,189,5,538.65,Cash,Completed,,,
TXN007397,2023-03-22,CU0327,SP004,ST010,PR018,1,59,0,59,Online Transfer,Completed,,,
TXN000720,2022-09-03,CU0503,SP004,ST007,PR003,1,549,10,494.1,Online Transfer,Completed,,,
TXN005138,2024-03-20,CU0396,SP013,ST012,PR020,1,159,0,159,Debit Card,Completed,,,
TXN001960,2023-01-08,CU0296,SP001,ST012,PR033,1,119,0,119,Online Transfer,Completed,,,
TXN000713,2022-04-03,CU0412,SP004,ST004,PR017,2,99,0,198,Online Transfer,Completed,,,
TXN004440,2023-08-01,CU0604,SP009,ST003,PR010,2,199,5,378.1,Credit Card,Completed,,,
TXN004012,2022-12-20,CU0489,SP003,ST004,PR009,1,379,0,376.96,Cash,Completed,,,
TXN006380,2023-02-09,CU0358,SP009,ST002,PR028,1,89,5,84.55,Debit Card,Cancelled,,,
TXN003349,2023-02-19,CU0460,SP009,ST003,PR017,1,99,0,99,Debit Card,Completed,,,
TXN002913,2022-04-17,CU0128,SP005,ST012,PR007,1,699,0,699,Credit Card,Completed,,,
TXN005130,2024-06-25,CU0382,SP009,ST009,PR025,1,65,0,65,Debit Card,Completed,,,
TXN002251,2023-09-27,CU0148,SP012,ST012,PR031,2,399,10,718.2,Online Transfer,Completed,,,
TXN005847,2024-02-02,CU0524,SP004,ST001,PR036,2,249,10,448.2,Online Transfer,Completed,,,
TXN008490,2023-03-06,CU0521,SP005,ST007,PR038,1,39,0,39,Credit Card,Completed,,,
TXN008192,2024-01-04,CU0503,SP013,ST001,PR029,1,169,5,160.55,Gift Card,Completed,,,
TXN000545,2023-01-20,CU0014,SP003,ST009,PR031,1,399,10,359.1,Credit Card,Returned,,,
TXN007978,2023-12-18,CU0496,SP001,ST003,PR032,1,69,5,65.55,Online Transfer,Completed,,,
TXN002727,2022-10-07,CU0173,SP005,ST007,PR023,2,179,5,340.1,Credit Card,Completed,,,
TXN004270,2023-03-18,CU0238,SP001,ST008,PR032,2,69,10,124.2,Cash,Completed,,,
TXN006511,2024-01-16,CU0057,SP008,ST012,PR032,1,69,0,69,Credit Card,Completed,,,
TXN000676,2023-07-21,CU0085,SP014,ST009,PR009,2,379,15,644.3,Online Transfer,Completed,,,
TXN007012,2023-06-27,CU0132,SP005,ST010,PR015,2,59,10,106.2,Cash,Completed,,,
TXN008834,2023-03-15,CU0127,SP012,ST009,PR009,2,379,15,644.3,Debit Card,Cancelled,,,
TXN004811,2023-12-09,CU0116,SP005,ST010,PR035,3,49,15,124.95,Debit Card,Completed,,,
TXN004031,2022-10-01,CU0535,SP004,ST006,PR038,1,39,0,39,Credit Card,Completed,,,
TXN006829,2023-10-17,CU0010,SP012,ST002,PR016,5,49,15,208.25,Credit Card,Returned,,,
TXN007629,2022-08-21,CU0257,SP003,ST004,PR004,2,299,5,568.1,Online Transfer,Returned,,,
TXN000663,2023-06-16,CU0186,SP006,ST002,PR032,1,69,0,69,Cash,Completed,,,
TXN008501,2023-01-26,CU0484,SP004,ST011,PR005,1,129,15,109.65,Credit Card,Completed,,,
TXN000230,2023-04-17,CU0041,SP012,ST002,PR015,2,59,10,106.2,Online Transfer,Completed,,,
TXN002379,2023-04-08,CU0175,SP012,ST007,PR007,1,699,5,664.05,Credit Card,Cancelled,,,
TXN000226,2022-10-18,CU0299,SP011,ST009,PR004,1,299,15,240.94,Online Transfer,Returned,,,
TXN006222,2023-05-02,CU0185,SP003,ST011,PR019,2,119,10,214.2,Credit Card,Completed,,,
TXN005347,2023-09-17,CU0514,SP013,ST011,PR010,1,199,0,199,Credit Card,Completed,,,
TXN000700,2022-08-19,CU0042,SP004,ST009,PR008,3,449,0,1347,Online Transfer,Completed,,,
TXN006381,2024-05-04,CU0173,SP004,ST007,PR029,2,169,10,304.2,Debit Card,Returned,,,
TXN005219,2024-03-24,CU0527,SP001,ST001,PR016,4,49,0,196,Credit Card,Completed,,,
TXN004000,2023-02-22,CU0385,SP005,ST001,PR037,2,289,20,462.4,Debit Card,Completed,,,
TXN004904,2023-02-03,CU0295,SP001,ST012,PR012,1,29,5,28.08,Cash,Completed,,,
TXN006914,2024-05-05,CU0440,SP013,ST001,PR038,1,39,15,33.15,Credit Card,Returned,,,
TXN002900,2022-01-02,CU0170,SP002,ST005,PR010,1,199,5,189.05,Cash,Returned,,,
TXN003001,2022-04-04,CU0162,SP003,ST001,PR004,1,299,15,254.15,Credit Card,Completed,,,
TXN004523,2022-10-07,CU0471,SP011,ST010,PR012,1,29,10,26.1,Cash,Completed,,,
TXN008961,2022-12-04,CU0305,SP010,ST006,PR010,1,199,0,199,Debit Card,Cancelled,,,
TXN000600,2022-10-09,CU0326,SP002,ST004,PR011,2,499,0,998,Credit Card,Cancelled,,,
TXN003712,2023-03-27,CU0602,SP009,ST008,PR001,1,999,5,949.05,Credit Card,Completed,,,
TXN002354,2022-07-22,CU0339,SP013,ST004,PR024,5,45,20,180,Gift Card,Completed,,,
TXN006627,2023-12-10,CU0136,,ST011,PR016,2,49,15,83.3,Cash,Cancelled,,,
TXN000497,2022-09-23,CU0131,SP004,ST011,PR009,2,379,0,758,Cash,Completed,,,
TXN006360,2022-06-14,CU0528,SP012,ST011,PR038,3,39,5,111.15,Credit Card,Completed,,,
TXN002724,2023-06-09,CU0191,SP005,ST003,PR030,1,149,5,141.55,Credit Card,Returned,,,
TXN004221,2024-04-11,CU0374,SP001,ST010,PR010,1,199,0,199,Online Transfer,Completed,,,
TXN002231,2023-07-17,CU0362,SP003,ST004,PR012,1,29,20,23.2,Credit Card,Completed,,,
TXN007813,2023-02-20,CU0273,SP004,ST003,PR034,4,79,20,252.8,Debit Card,Returned,,,
TXN000586,2022-02-15,CU0446,SP002,ST006,PR018,1,59,0,59,Debit Card,Cancelled,,,
TXN003279,2024-04-26,CU0438,SP008,ST010,PR026,3,189,10,510.3,Gift Card,Completed,,,
TXN008079,2023-09-19,CU0596,SP006,ST006,PR003,1,549,10,494.1,Online Transfer,Returned,,,
TXN004773,2023-09-09,CU0430,SP009,ST003,PR007,1,699,0,699,Online Transfer,Completed,,,
TXN006408,2024-05-24,CU0312,SP009,ST008,PR023,3,179,5,510.15,Online Transfer,Completed,,,
TXN008720,2022-09-30,CU0545,SP003,ST012,PR025,1,65,10,58.5,Online Transfer,Returned,,,
TXN006471,2022-11-30,CU0253,SP006,ST003,PR040,1,22,0,22,Debit Card,Cancelled,,,
TXN003627,2023-05-27,CU0204,SP003,ST002,PR019,1,119,10,107.1,Credit Card,Cancelled,,,
TXN000348,2022-12-06,CU0250,SP001,ST009,PR028,2,89,0,178,Credit Card,Completed,,,
TXN001139,2023-07-02,CU0514,SP004,ST010,PR003,1,549,5,521.55,Credit Card,Cancelled,,,
TXN002644,2022-07-06,CU0271,SP004,ST006,PR022,3,89,20,213.6,Cash,Completed,,,
TXN007055,2023-01-04,CU0511,SP003,ST004,PR028,1,89,5,84.55,Credit Card,Completed,,,
TXN003155,2023-01-02,CU0191,SP004,ST011,PR034,1,79,0,79,Debit Card,Cancelled,,,
TXN002926,2022-10-03,CU0252,SP014,ST011,PR019,2,119,0,238,Debit Card,Completed,,,
TXN008082,2024-06-26,CU0358,SP007,ST006,PR022,1,89,0,89,Online Transfer,Completed,,,
TXN003621,2023-12-24,CU0594,SP003,ST007,PR008,1,449,5,413.6,Credit Card,Completed,,,
TXN003208,2023-03-28,CU0441,SP007,ST009,PR015,1,59,0,59,Cash,Returned,,,
TXN005683,2022-09-30,CU0120,SP003,ST012,PR037,1,289,10,260.1,Online Transfer,Completed,,,
TXN005213,2022-09-03,CU0093,SP001,ST011,PR031,1,399,5,379.05,Credit Card,Returned,,,
TXN006872,2023-10-14,CU0455,SP010,ST005,PR037,1,289,0,289,Credit Card,Completed,,,
TXN003718,2023-11-05,CU0205,SP009,ST012,PR008,1,449,10,404.1,Cash,Returned,,,
TXN003120,2024-05-02,CU0370,SP004,ST006,PR026,1,189,0,189,Credit Card,Completed,,,
TXN000733,2023-07-23,CU0206,SP003,ST009,PR040,1,22,0,22,Credit Card,Returned,,,
TXN003835,2023-02-01,CU0560,SP009,ST007,PR034,2,79,20,126.4,Online Transfer,Cancelled,,,
TXN005272,2022-10-14,CU0202,SP006,ST004,PR026,3,189,5,538.65,Credit Card,Completed,,,
TXN000485,2024-05-29,CU0310,SP006,ST009,PR015,1,59,15,50.15,Debit Card,Completed,,,
TXN005716,2023-12-04,CU0030,SP015,ST003,PR024,3,45,5,128.25,Credit Card,Completed,,,
TXN001115,2023-09-14,CU0451,SP015,ST005,PR034,3,79,10,213.3,Credit Card,Completed,,,
TXN001515,2023-06-20,CU0483,SP003,ST008,PR025,1,65,0,65,Gift Card,Completed,,,
TXN007479,2023-10-02,CU0522,SP014,ST005,PR029,1,169,15,143.65,Debit Card,Completed,,,
TXN004037,2024-01-07,CU0439,SP011,ST010,PR007,2,699,0,1398,Debit Card,Completed,,,
TXN004778,2022-11-02,CU0303,SP006,ST010,PR030,1,149,0,149,Credit Card,Returned,,,
TXN005476,2023-03-15,CU0130,SP003,ST011,PR023,3,179,10,483.3,Debit Card,Completed,,,
TXN001815,2022-11-28,CU0148,SP012,ST010,PR040,2,22,10,39.6,Credit Card,Returned,,,
TXN003375,2022-08-17,CU0236,SP014,ST011,PR023,1,179,0,179,Debit Card,Completed,,,
TXN007821,2023-02-18,CU0138,SP015,ST011,PR007,1,699,5,664.05,Debit Card,Completed,,,
TXN004929,2022-09-01,CU0577,SP003,ST002,PR017,3,99,20,237.6,Debit Card,Cancelled,,,
TXN000129,2022-02-16,CU0305,SP006,ST010,PR030,2,149,10,268.2,Credit Card,Completed,,,
TXN007609,2024-01-31,CU0407,SP012,ST012,PR034,3,79,20,189.6,Credit Card,Completed,,,
TXN005233,2024-02-13,CU0591,SP015,ST012,PR008,1,449,0,449,Credit Card,Completed,,,
TXN001775,2023-02-28,CU0080,SP001,ST003,PR040,2,22,0,44,Online Transfer,Completed,,,
TXN001401,2024-04-30,CU0141,SP005,ST006,PR030,1,149,0,149,Online Transfer,Completed,,,
TXN006667,2024-05-27,CU0390,SP006,ST005,PR016,1,49,15,41.65,Credit Card,Completed,,,
TXN005587,2023-03-09,CU0300,SP007,ST010,PR003,1,549,0,549,Credit Card,Returned,,,
TXN003204,2023-06-27,CU0499,SP013,ST004,PR021,3,24,20,57.6,Debit Card,Completed,,,
TXN000519,2022-01-07,CU0027,SP006,ST004,PR014,2,139,10,250.2,Debit Card,Cancelled,,,
TXN006984,2023-12-07,CU0064,SP002,ST002,PR025,1,65,10,58.5,Cash,Completed,,,
TXN003998,2022-09-29,CU0341,SP001,ST011,PR025,2,65,0,130,Credit Card,Completed,,,
TXN001247,2023-09-16,CU0521,SP015,ST010,PR021,1,24,15,20.4,Gift Card,Completed,,,
TXN007948,2023-01-11,CU0391,SP013,ST009,PR005,1,129,0,129,Credit Card,Completed,,,
TXN003836,2023-06-15,CU0579,SP015,ST002,PR040,1,22,15,18.7,Debit Card,Completed,,,
TXN004072,2023-01-22,CU0038,SP010,ST001,PR022,2,89,0,178,Debit Card,Completed,,,
TXN003994,2024-02-20,CU0094,SP014,ST005,PR040,1,22,0,22,Credit Card,Returned,,,
TXN005678,2023-06-03,CU0340,SP015,ST009,PR039,2,28,0,56,Credit Card,Completed,,,
TXN006294,2024-06-29,CU0505,SP001,ST010,PR039,2,28,5,53.2,Debit Card,Completed,,,
TXN004185,2023-06-15,CU0384,SP012,ST003,PR021,1,24,0,24,Cash,Completed,,,
TXN002827,2023-05-23,CU0007,SP012,ST009,PR023,3,179,5,510.15,Cash,Returned,,,
TXN007686,2024-06-29,CU0074,SP007,ST006,PR023,5,179,5,850.25,Online Transfer,Completed,,,
TXN004605,2023-12-16,CU0296,SP015,ST003,PR019,1,119,0,119,Cash,Completed,,,
TXN002000,2023-01-06,CU0178,SP001,ST009,PR030,2,149,0,298,Cash,Completed,,,
TXN000683,2023-02-16,CU0600,SP011,ST003,PR011,1,499,5,474.05,Credit Card,Completed,,,
TXN005186,2023-05-31,CU0046,SP012,ST001,PR024,1,45,0,45,Cash,Completed,,,
TXN006602,2022-05-27,CU0110,SP008,ST011,PR003,2,549,0,1098,Credit Card,Completed,,,
TXN008670,2022-07-04,CU0484,SP014,ST007,PR021,2,24,5,45.6,Credit Card,Returned,,,
TXN003523,2023-10-01,CU0566,SP001,ST002,PR029,2,169,5,321.1,Cash,Completed,,,
TXN000180,2024-06-18,CU0517,SP013,ST006,PR036,3,249,5,709.65,Cash,Completed,,,
TXN007057,2022-12-11,CU0535,SP004,ST010,PR021,2,24,5,45.6,Credit Card,Returned,,,
TXN007425,2022-03-24,CU0216,,ST001,PR010,1,199,0,199,Gift Card,Completed,,,
TXN002758,2024-03-08,CU0052,SP010,ST004,PR010,1,199,5,189.05,Credit Card,Returned,,,
TXN004508,2022-08-19,CU0062,SP011,ST012,PR038,2,39,0,78,Debit Card,Completed,,,
TXN007257,2023-07-09,CU0082,SP010,ST009,PR007,1,699,20,559.2,Credit Card,Completed,,,
TXN001986,2022-04-20,CU0136,SP008,ST006,PR031,1,399,10,359.1,Cash,Completed,,,
TXN007039,2023-07-18,CU0593,SP014,ST009,PR017,3,99,10,267.3,Credit Card,Cancelled,,,
TXN008052,2023-05-18,CU0524,SP007,ST012,PR021,1,24,5,22.8,Cash,Completed,,,
TXN003479,2024-04-05,CU0187,SP014,ST005,PR020,2,159,0,318,Cash,Cancelled,,,
TXN004975,2022-02-01,CU0349,SP013,ST012,PR009,1,379,5,360.05,Credit Card,Completed,,,
TXN003263,2023-08-03,CU0195,SP007,ST003,PR003,2,549,5,1043.1,Online Transfer,Completed,,,
TXN008682,2023-08-26,CU0398,SP002,ST002,PR006,1,79,10,71.1,Online Transfer,Completed,,,
TXN006403,2023-08-17,CU0173,SP011,ST012,PR004,1,299,20,239.2,Debit Card,Completed,,,
TXN005451,2022-06-15,CU0214,SP006,ST011,PR025,4,65,5,247,Gift Card,Completed,,,
TXN007220,2022-07-02,CU0453,SP011,ST012,PR006,1,79,5,75.05,Cash,Completed,,,
TXN002602,2022-10-15,CU0361,SP001,ST007,PR001,1,999,5,949.05,Online Transfer,Completed,,,
TXN005022,2022-12-07,CU0466,SP008,ST005,PR021,1,24,0,24,Debit Card,Completed,,,
TXN004057,2023-09-17,,SP003,ST002,PR020,1,159,0,159,Online Transfer,Returned,,,
TXN002065,2022-11-04,CU0134,SP006,ST001,PR040,2,22,0,44,Online Transfer,Cancelled,,,
TXN007080,2023-05-13,CU0348,SP001,ST011,PR023,1,179,0,179,Credit Card,Completed,,,
TXN000257,2023-01-30,CU0167,SP004,ST007,PR039,2,28,5,53.2,Debit Card,Completed,,,
TXN008002,2022-10-15,CU0018,SP009,ST003,PR022,1,89,20,71.2,Debit Card,Completed,,,
TXN002534,2024-02-13,CU0495,SP010,ST010,PR003,1,549,10,494.1,Credit Card,Returned,,,
TXN008051,2024-01-20,CU0575,SP011,ST002,PR012,2,29,5,55.1,Cash,Completed,,,
TXN006530,2022-07-30,CU0123,SP015,ST012,PR004,1,299,0,299,Credit Card,Cancelled,,,
TXN002813,2022-07-15,CU0117,SP009,ST011,PR002,1,749,0,749,Debit Card,Completed,,,
TXN003987,2023-02-16,CU0380,SP010,ST009,PR004,2,299,15,508.3,Credit Card,Cancelled,,,
TXN003352,2022-01-08,CU0323,SP013,ST004,PR028,3,89,5,253.65,Debit Card,Cancelled,,,
TXN005862,2024-01-30,CU0145,SP013,ST009,PR025,1,65,0,65,Debit Card,Completed,,,
TXN006895,2022-07-25,CU0432,SP005,ST012,PR037,1,289,0,289,Credit Card,Completed,,,
TXN007444,2023-12-23,CU0166,SP013,ST012,PR005,1,129,0,129,Credit Card,Completed,,,
TXN007131,2023-10-27,CU0251,SP001,ST003,PR014,2,139,20,222.4,Debit Card,Completed,,,
TXN001026,2022-11-18,CU0176,SP004,ST006,PR037,1,289,10,260.1,Credit Card,Completed,,,
TXN002076,2022-05-22,CU0195,SP008,ST012,PR020,1,159,0,159,Online Transfer,Cancelled,,,
TXN003397,2024-06-14,CU0461,SP010,ST001,PR017,1,99,0,99,Debit Card,Completed,,,
TXN001379,2023-04-24,CU0420,SP002,ST008,PR037,2,289,5,549.1,Debit Card,Completed,,,
TXN006281,2023-03-12,CU0050,SP012,ST003,PR030,2,149,10,268.2,Gift Card,Cancelled,,,
TXN005976,2023-10-23,CU0454,SP005,ST010,PR038,1,39,5,37.05,Debit Card,Completed,,,
TXN008645,2022-09-27,CU0387,SP013,ST008,PR007,1,699,10,629.1,Cash,Completed,,,
TXN004565,2022-06-22,CU0077,SP014,ST011,PR024,1,45,10,40.5,Credit Card,Cancelled,,,
TXN004184,2022-03-11,CU0502,SP012,ST008,PR027,1,129,10,116.1,Cash,Cancelled,,,
TXN006044,2023-12-16,CU0028,SP004,ST012,PR005,1,129,5,122.55,Gift Card,Completed,,,
TXN007996,2023-12-09,CU0513,SP013,ST011,PR021,1,24,20,19.2,Credit Card,Completed,,,
TXN002891,2023-09-12,CU0363,SP012,ST010,PR017,2,99,15,168.3,Credit Card,Completed,,,
TXN003132,2023-11-19,CU0036,SP012,ST009,PR022,1,89,10,80.1,Cash,Completed,,,
TXN007865,2023-11-04,CU0593,SP004,ST010,PR001,1,999,5,949.05,Credit Card,Completed,,,
TXN006135,2024-03-11,CU0023,SP009,ST005,PR024,1,45,0,45,Cash,Completed,,,
TXN007255,2024-01-04,CU0325,SP008,ST003,PR020,1,159,5,151.05,Online Transfer,Completed,,,
TXN002896,2022-01-07,CU0135,SP009,ST012,PR025,1,65,5,61.75,Debit Card,Completed,,,
TXN008744,2024-05-01,CU0194,SP007,ST006,PR038,1,39,10,35.1,Debit Card,Returned,,,
TXN002682,2023-09-05,CU0534,SP005,ST011,PR005,2,129,0,258,Credit Card,Returned,,,
TXN002220,2022-09-15,CU0318,SP010,ST006,PR033,1,119,0,119,Cash,Returned,,,
TXN005660,2023-12-13,CU0225,SP008,ST009,PR003,1,549,5,521.55,Debit Card,Completed,,,
TXN006529,2023-11-18,CU0054,SP002,ST010,PR008,1,449,10,404.1,Debit Card,Returned,,,
TXN004919,2023-05-13,CU0156,SP014,ST005,PR027,1,129,0,129,Gift Card,Completed,,,
TXN006198,2023-11-11,CU0239,SP011,ST011,PR039,3,28,0,84,Debit Card,Completed,,,
TXN008319,2022-11-25,CU0225,SP001,ST006,PR001,1,999,20,799.2,Debit Card,Completed,,,
TXN001220,2023-04-19,CU0398,SP002,ST010,PR040,1,22,5,20.9,Cash,Cancelled,,,
TXN003648,2022-01-26,CU0021,SP011,ST007,PR038,1,39,0,39,Debit Card,Completed,,,
TXN007033,2022-03-23,CU0585,SP015,ST005,PR020,3,159,5,453.15,Online Transfer,Completed,,,
TXN008676,2022-11-11,CU0320,SP014,ST004,PR025,5,65,0,325,Credit Card,Completed,,,
TXN001080,2024-01-29,CU0176,SP002,ST012,PR019,1,119,20,95.2,Debit Card,Completed,,,
TXN007949,2023-08-31,CU0119,SP012,ST004,PR002,1,749,15,636.65,Online Transfer,Completed,,,
TXN007626,2022-08-24,CU0148,SP008,ST008,PR029,2,169,15,287.3,Cash,Completed,,,
TXN007307,2022-09-01,CU0270,SP011,ST004,PR002,1,749,5,711.55,Credit Card,Completed,,,
TXN002856,2022-07-10,CU0355,SP006,ST011,PR027,2,129,0,258,Credit Card,Completed,,,
TXN008326,2022-08-27,CU0163,,ST004,PR020,2,159,0,318,Credit Card,Completed,,,
TXN005498,2022-07-22,CU0128,SP007,ST007,PR035,1,49,5,46.55,Gift Card,Completed,,,
TXN007032,2022-09-18,CU0284,SP009,ST003,PR026,2,189,15,321.3,Online Transfer,Completed,,,
TXN006014,2024-02-20,CU0116,SP013,ST001,PR029,1,169,5,160.55,Online Transfer,Cancelled,,,
TXN008255,2023-09-28,CU0047,SP006,ST003,PR018,1,59,10,53.1,Debit Card,Completed,,,
TXN000395,2022-12-26,CU0476,SP007,ST011,PR029,2,169,0,338,Online Transfer,Completed,,,
TXN003473,2023-05-19,CU0567,SP013,ST003,PR039,2,28,5,53.2,Credit Card,Completed,,,
TXN007972,2022-09-11,CU0504,SP006,ST010,PR010,2,199,15,338.3,Debit Card,Completed,,,
TXN007582,2022-07-24,CU0157,SP009,ST002,PR022,1,89,20,71.2,Cash,Completed,,,
TXN008593,2023-03-17,CU0110,SP007,ST003,PR002,1,749,20,599.2,Online Transfer,Completed,,,
TXN008872,2023-03-20,CU0300,SP002,ST001,PR033,3,119,15,303.45,Cash,Completed,,,
TXN008674,2022-02-08,CU0100,SP012,ST009,PR011,2,499,0,998,Credit Card,Completed,,,
TXN001394,2023-03-19,CU0054,SP009,ST008,PR037,3,289,0,867,Credit Card,Completed,,,
TXN001600,2022-08-29,CU0605,SP010,ST001,PR034,1,79,0,79,Credit Card,Returned,,,
TXN000694,2023-04-15,CU0270,SP013,ST003,PR011,2,499,15,848.3,Cash,Completed,,,
TXN005819,2022-08-07,CU0029,SP015,ST005,PR003,1,549,5,521.55,Debit Card,Returned,,,
TXN004242,2022-04-17,CU0104,SP001,ST011,PR009,2,379,15,644.3,Cash,Completed,,,
TXN004783,2023-10-27,CU0321,SP010,ST012,PR026,2,189,0,378,Debit Card,Completed,,,
TXN003372,2023-08-29,CU0562,SP001,ST005,PR029,3,169,15,430.95,Debit Card,Returned,,,
TXN003589,2022-11-01,CU0438,SP006,ST011,PR029,1,169,5,160.55,Gift Card,Completed,,,
TXN008461,2023-04-13,CU0097,SP015,ST006,PR020,1,159,10,143.1,Credit Card,Completed,,,
TXN004236,2023-01-23,CU0431,SP011,ST006,PR017,2,99,20,158.4,Gift Card,Returned,,,
TXN000429,2022-07-12,CU0434,SP003,ST011,PR015,2,59,0,118,Online Transfer,Completed,,,
TXN007316,2023-11-25,CU0407,SP013,ST005,PR002,2,749,0,1498,Debit Card,Completed,,,
TXN006746,2023-05-01,CU0327,SP009,ST005,PR001,2,999,10,1798.2,Debit Card,Completed,,,
TXN007219,2022-08-15,CU0299,SP006,ST012,PR018,2,59,15,100.3,Online Transfer,Completed,,,
TXN001722,2022-02-21,CU0061,SP010,ST003,PR019,1,119,0,116.1,Debit Card,Completed,,,
TXN003680,2023-07-09,CU0481,SP008,ST010,PR023,4,179,0,716,Credit Card,Completed,,,
TXN007004,2024-05-27,CU0218,SP009,ST003,PR019,2,119,15,202.3,Debit Card,Cancelled,,,
TXN005157,2023-09-24,CU0591,SP008,ST009,PR029,1,169,0,169,Cash,Completed,,,
TXN007711,2023-11-14,CU0045,SP014,ST006,PR002,1,749,0,749,Credit Card,Completed,,,
TXN002971,2024-04-01,CU0092,SP007,ST011,PR010,1,199,10,179.1,Cash,Completed,,,
TXN007921,2023-10-08,CU0485,SP005,ST005,PR011,1,499,20,399.2,Credit Card,Completed,,,
TXN008685,2024-03-26,CU0415,SP008,ST012,PR012,1,29,20,23.2,Credit Card,Cancelled,,,
TXN005162,2024-06-24,CU0439,SP006,ST011,PR014,1,139,5,132.05,Credit Card,Returned,,,
TXN003152,2022-05-06,CU0317,SP009,ST002,PR023,1,179,0,179,Credit Card,Cancelled,,,
TXN006543,2024-04-25,CU0105,SP006,ST004,PR016,4,49,0,196,Credit Card,Cancelled,,,
TXN003729,2024-01-01,CU0234,SP002,ST002,PR008,1,449,20,359.2,Debit Card,Completed,,,
TXN000338,2023-07-01,CU0041,SP011,ST003,PR038,1,39,0,39,Online Transfer,Completed,,,
TXN000132,2022-01-15,CU0017,SP012,ST004,PR035,1,49,0,49,Debit Card,Completed,,,
TXN005507,2023-06-18,CU0424,SP003,ST001,PR002,1,749,0,749,Credit Card,Completed,,,
TXN007194,2022-09-13,CU0066,SP002,ST008,PR003,1,549,5,521.55,Cash,Completed,,,
TXN008967,2022-04-30,CU0007,SP009,ST008,PR038,2,39,0,78,Debit Card,Completed,,,
TXN000562,2024-02-07,CU0559,SP013,ST002,PR002,1,749,0,749,Credit Card,Completed,,,
TXN007558,2022-02-16,CU0185,SP014,ST006,PR031,3,399,5,1137.15,Credit Card,Completed,,,
TXN003425,2022-06-03,CU0540,SP013,ST007,PR021,1,24,10,21.6,Cash,Completed,,,
TXN002990,2023-06-02,CU0311,SP007,ST007,PR040,1,22,5,20.9,Credit Card,Completed,,,
TXN008399,2024-01-30,CU0514,SP012,ST007,PR017,2,99,5,188.1,Debit Card,Cancelled,,,
TXN001135,2022-12-08,CU0363,SP002,ST008,PR024,4,45,10,162,Cash,Returned,,,
TXN008415,2022-07-21,CU0461,SP004,ST009,PR021,1,24,10,21.6,Debit Card,Completed,,,
TXN006909,2022-02-10,CU0028,SP001,ST003,PR010,1,199,5,189.05,Credit Card,Completed,,,
TXN002625,2023-06-08,CU0163,SP001,ST005,PR020,2,159,10,286.2,Cash,Completed,,,
TXN004545,2024-02-19,CU0039,SP008,ST006,PR036,1,249,10,224.1,Online Transfer,Completed,,,
TXN000599,2023-05-29,CU0409,SP015,ST003,PR028,1,89,10,80.1,Online Transfer,Completed,,,
TXN000090,2022-06-13,CU0030,SP005,ST005,PR027,1,129,0,129,Debit Card,Completed,,,
TXN008858,2022-04-09,CU0415,SP015,ST012,PR034,1,79,5,75.05,Cash,Completed,,,
TXN005075,2022-02-21,CU0499,SP006,ST006,PR022,1,89,10,80.1,Cash,Completed,,,
TXN001536,2022-09-23,CU0404,SP011,ST009,PR019,1,119,10,107.1,Debit Card,Completed,,,
TXN006154,2022-09-23,CU0315,,ST007,PR002,1,749,5,711.55,Credit Card,Completed,,,
TXN007476,2022-01-22,CU0108,SP010,ST006,PR025,5,65,0,325,Cash,Cancelled,,,
TXN003211,2022-09-04,CU0139,SP012,ST012,PR036,1,249,15,211.65,Gift Card,Completed,,,
TXN005087,2022-02-05,CU0022,SP003,ST009,PR038,1,39,0,39,Credit Card,Returned,,,
TXN003215,2023-04-07,CU0395,SP002,ST001,PR027,2,129,5,245.1,Debit Card,Returned,,,
TXN005512,2022-11-26,CU0489,SP005,ST009,PR025,4,65,5,247,Credit Card,Completed,,,
TXN005187,2023-06-11,CU0525,SP014,ST011,PR017,3,99,0,297,Debit Card,Completed,,,
TXN003547,2022-03-01,CU0155,SP008,ST007,PR025,1,65,5,61.75,Gift Card,Cancelled,,,
TXN002190,2024-03-22,CU0011,SP003,ST010,PR012,2,29,5,55.1,Online Transfer,Completed,,,
TXN008743,2023-12-27,CU0315,SP005,ST005,PR022,4,89,10,320.4,Credit Card,Completed,,,
TXN005568,2024-04-09,CU0277,SP012,ST002,PR034,1,79,10,71.1,Debit Card,Completed,,,
TXN001460,2024-02-01,CU0078,SP011,ST007,PR022,1,89,0,89,Credit Card,Completed,,,
TXN007214,2023-04-12,CU0142,SP012,ST007,PR026,1,189,5,179.55,Cash,Returned,,,
TXN006452,2023-09-01,CU0470,SP014,ST002,PR028,3,89,10,240.3,Credit Card,Completed,,,
TXN005170,2024-03-08,CU0537,SP007,ST009,PR037,1,289,0,289,Debit Card,Completed,,,
TXN001548,2022-08-01,CU0184,SP003,ST001,PR037,2,289,20,462.4,Credit Card,Completed,,,
TXN000628,2022-08-22,CU0468,SP003,ST001,PR040,1,22,5,20.9,Credit Card,Completed,,,
TXN005253,2022-08-20,CU0147,SP015,ST008,PR006,1,79,5,75.05,Credit Card,Completed,,,
TXN001290,2023-04-26,CU0051,SP009,ST008,PR003,1,549,20,439.2,Gift Card,Completed,,,
TXN003439,2023-10-22,CU0301,SP003,ST012,PR004,1,299,15,254.15,Credit Card,Completed,,,
TXN004725,2023-07-11,CU0550,SP009,ST011,PR034,1,79,15,67.15,Cash,Completed,,,
TXN008105,2023-04-11,CU0209,SP014,ST010,PR036,1,249,5,236.55,Debit Card,Completed,,,
TXN006288,2023-07-07,CU0070,SP011,ST009,PR033,4,119,0,476,Cash,Completed,,,
TXN000288,2024-04-03,CU0010,SP006,ST012,PR035,1,49,0,49,Gift Card,Completed,,,
TXN008169,2024-06-30,CU0389,SP013,ST010,PR016,1,49,0,49,Credit Card,Completed,,,
TXN002947,2022-12-31,CU0403,SP002,ST006,PR004,1,299,20,239.2,Credit Card,Cancelled,,,
TXN003036,2023-11-25,CU0600,SP009,ST004,PR016,3,49,5,139.65,Credit Card,Completed,,,
TXN002733,2022-07-28,CU0504,SP015,ST005,PR029,4,169,5,642.2,Credit Card,Completed,,,
TXN002910,2022-08-15,CU0049,SP008,ST009,PR026,1,189,5,179.55,Online Transfer,Completed,,,
TXN002656,2022-08-18,CU0028,SP007,ST008,PR025,2,65,10,117,Debit Card,Completed,,,
TXN002645,2023-06-18,CU0444,SP006,ST002,PR008,1,449,0,449,Debit Card,Completed,,,
TXN005982,2023-09-12,CU0574,SP004,ST007,PR021,1,24,10,21.6,Gift Card,Completed,,,
TXN001734,2023-08-22,CU0562,SP001,ST003,PR027,1,129,0,129,Credit Card,Completed,,,
TXN001792,2022-09-08,CU0074,SP006,ST005,PR009,2,379,0,758,Credit Card,Completed,,,
TXN008456,2023-01-26,CU0246,SP011,ST001,PR039,4,28,10,100.8,Cash,Completed,,,
TXN001884,2023-08-07,CU0350,SP015,ST004,PR037,1,289,0,289,Credit Card,Completed,,,
TXN008478,2022-08-02,,SP010,ST011,PR018,2,59,10,106.2,Debit Card,Cancelled,,,
TXN007350,2023-06-01,CU0329,SP003,ST003,PR022,1,89,5,84.55,Debit Card,Completed,,,
TXN003935,2022-01-08,CU0001,SP001,ST006,PR038,1,39,0,39,Debit Card,Cancelled,,,
TXN007347,2023-09-12,CU0381,SP008,ST005,PR024,4,45,0,180,Debit Card,Returned,,,
TXN001766,2022-12-06,CU0312,SP011,ST003,PR040,1,22,0,22,Debit Card,Completed,,,
TXN007036,2023-04-13,CU0568,SP008,ST011,PR033,3,119,5,339.15,Credit Card,Cancelled,,,
TXN008688,2023-11-22,CU0568,SP007,ST005,PR023,4,179,0,716,Online Transfer,Completed,,,
TXN000829,2022-09-17,CU0530,SP008,ST003,PR037,1,289,0,289,Cash,Returned,,,
TXN006425,2024-03-21,CU0392,SP008,ST012,PR004,1,299,0,299,Online Transfer,Completed,,,
TXN005514,2022-12-19,CU0214,SP008,ST004,PR039,1,28,5,26.6,Cash,Completed,,,
TXN005665,2022-11-12,CU0456,SP003,ST003,PR009,1,379,10,341.1,Gift Card,Completed,,,
TXN002472,2023-12-06,CU0138,SP010,ST012,PR026,1,189,5,179.55,Online Transfer,Completed,,,
TXN004141,2022-04-13,CU0580,SP004,ST006,PR010,1,199,0,199,Cash,Completed,,,
TXN004613,2023-01-06,CU0294,SP004,ST001,PR026,1,189,5,179.55,Gift Card,Completed,,,
TXN004583,2023-11-09,CU0221,SP011,ST012,PR031,2,399,10,718.2,Debit Card,Completed,,,
TXN001671,2022-10-30,CU0163,SP003,ST001,PR016,2,49,10,88.2,Debit Card,Completed,,,
TXN008800,2023-07-15,CU0275,SP008,ST002,PR011,2,499,15,848.3,Online Transfer,Completed,,,
TXN008234,2023-10-06,CU0053,SP003,ST003,PR008,2,449,0,898,Credit Card,Completed,,,
TXN001402,2022-01-04,CU0404,SP003,ST011,PR010,1,199,0,199,Online Transfer,Completed,,,
TXN008012,2022-12-30,CU0587,SP003,ST011,PR036,1,249,5,236.55,Cash,Completed,,,
TXN008692,2024-02-24,,SP013,ST007,PR009,1,379,5,360.05,Credit Card,Cancelled,,,
TXN001858,2023-06-09,CU0491,SP012,ST007,PR026,1,189,20,151.2,Credit Card,Completed,,,
TXN001051,2023-08-31,CU0144,SP006,ST010,PR015,1,59,0,59,Cash,Completed,,,
TXN007510,2023-01-20,CU0358,SP007,ST006,PR029,1,169,10,152.1,Credit Card,Returned,,,
TXN006037,2022-08-17,CU0497,SP004,ST008,PR008,2,449,5,853.1,Debit Card,Completed,,,
TXN006749,2022-11-17,CU0591,SP004,ST004,PR013,2,89,10,160.2,Debit Card,Completed,,,
TXN006958,2022-08-15,CU0120,SP001,ST003,PR027,2,129,5,245.1,Gift Card,Completed,,,
TXN007208,2022-12-21,CU0218,SP005,ST002,PR021,1,24,20,19.2,Debit Card,Returned,,,
TXN002818,2023-12-27,CU0482,SP005,ST001,PR039,2,28,10,50.4,Credit Card,Completed,,,
TXN000699,2023-06-30,CU0137,SP015,ST007,PR006,3,79,5,225.15,Gift Card,Completed,,,
TXN002247,2022-12-28,CU0021,SP013,ST003,PR009,2,379,0,758,Debit Card,Completed,,,
TXN002851,2023-05-26,CU0593,SP011,ST007,PR032,2,69,0,138,Cash,Completed,,,
TXN006654,2024-03-07,CU0099,SP007,ST005,PR039,3,28,10,75.6,Debit Card,Completed,,,
TXN004796,2022-07-04,CU0556,SP012,ST004,PR011,1,499,0,499,Credit Card,Completed,,,
TXN002390,2022-02-07,CU0117,SP008,ST005,PR004,1,299,5,284.05,Gift Card,Completed,,,
TXN003931,2024-03-23,CU0551,SP010,ST012,PR008,1,449,0,449,Credit Card,Completed,,,
TXN007985,2022-01-21,CU0415,SP005,ST001,PR039,1,28,0,28,Cash,Returned,,,
TXN003796,2023-03-31,CU0227,SP010,ST011,PR023,4,179,20,572.8,Online Transfer,Completed,,,
TXN000064,2023-03-11,CU0234,SP007,ST002,PR031,1,399,10,359.1,Credit Card,Completed,,,
TXN002005,2022-01-07,CU0083,SP013,ST002,PR036,2,249,0,498,Online Transfer,Completed,,,
TXN008019,2023-08-16,CU0342,SP014,ST001,PR015,1,59,5,56.05,Credit Card,Completed,,,
TXN003153,2023-06-06,CU0350,SP008,ST008,PR019,2,119,0,238,Gift Card,Completed,,,
TXN004490,2022-04-09,CU0514,SP015,ST005,PR021,3,24,10,64.8,Cash,Cancelled,,,
TXN005658,2023-11-03,CU0338,SP015,ST011,PR002,3,749,0,2247,Credit Card,Completed,,,
TXN005420,2024-04-04,CU0192,SP003,ST003,PR013,1,89,5,84.55,Online Transfer,Completed,,,
TXN008603,2023-01-26,CU0196,SP002,ST010,PR012,1,29,5,27.55,Credit Card,Completed,,,
TXN006666,2022-05-05,CU0046,SP013,ST003,PR040,2,22,5,41.8,Credit Card,Completed,,,
TXN002579,2022-08-03,CU0318,SP007,ST010,PR015,1,59,5,56.05,Credit Card,Cancelled,,,
TXN006350,2024-04-11,CU0512,SP004,ST009,PR015,1,59,0,59,Debit Card,Completed,,,
TXN004866,2023-02-14,CU0134,SP010,ST008,PR001,1,999,5,949.05,Cash,Cancelled,,,
TXN001445,2024-03-05,CU0036,SP004,ST005,PR038,2,39,15,66.3,Debit Card,Completed,,,
TXN000909,2023-04-06,CU0040,SP014,ST004,PR028,2,89,10,160.2,Debit Card,Completed,,,
TXN006701,2023-03-18,CU0381,SP003,ST008,PR016,5,49,5,232.75,Credit Card,Completed,,,
TXN000405,2023-10-11,CU0165,SP003,ST005,PR001,1,999,20,799.2,Online Transfer,Completed,,,
TXN008477,2024-06-24,CU0229,SP008,ST008,PR009,1,379,0,379,Credit Card,Completed,,,
TXN008516,2023-09-06,CU0028,SP009,ST007,PR030,2,149,15,253.3,Cash,Completed,,,
TXN002217,2022-01-29,CU0044,SP004,ST012,PR025,1,65,0,65,Credit Card,Cancelled,,,
TXN006742,2023-08-31,CU0104,SP008,ST008,PR002,1,749,0,749,Debit Card,Completed,,,
TXN004059,2022-12-07,CU0363,SP011,ST011,PR035,3,49,20,117.6,Cash,Completed,,,
TXN004509,2022-04-05,CU0402,,ST008,PR005,1,129,0,129,Debit Card,Returned,,,
TXN003846,2022-05-13,CU0529,SP007,ST005,PR002,1,749,10,674.1,Online Transfer,Cancelled,,,
TXN006337,2024-04-24,,SP003,ST009,PR038,4,39,15,132.6,Credit Card,Completed,,,
TXN004763,2022-02-25,CU0151,SP015,ST007,PR015,2,59,5,112.1,Debit Card,Cancelled,,,
TXN006489,2022-08-03,CU0145,SP013,ST004,PR028,1,89,0,89,Online Transfer,Cancelled,,,
TXN008826,2023-08-15,CU0191,SP007,ST009,PR037,2,289,5,549.1,Online Transfer,Completed,,,
TXN007044,2022-08-30,CU0124,SP012,ST002,PR002,2,749,15,1273.3,Debit Card,Cancelled,,,
TXN004043,2024-05-10,CU0286,SP009,ST002,PR036,1,249,0,249,Credit Card,Completed,,,
TXN003091,2023-06-04,CU0465,SP008,ST002,PR008,1,449,15,381.65,Gift Card,Completed,,,
TXN008327,2024-03-10,CU0127,SP011,ST007,PR031,2,399,20,638.4,Credit Card,Completed,,,
TXN001654,2023-05-24,CU0359,SP001,ST004,PR019,3,119,0,357,Credit Card,Completed,,,
TXN008518,2023-03-25,CU0544,SP004,ST011,PR019,2,119,0,238,Credit Card,Completed,,,
TXN007351,2023-09-21,CU0502,SP003,ST010,PR025,3,65,0,195,Credit Card,Completed,,,
TXN007689,2022-01-09,CU0068,SP015,ST006,PR035,1,49,0,49,Cash,Completed,,,
TXN003403,2023-07-20,CU0135,SP003,ST006,PR006,2,79,0,158,Online Transfer,Completed,,,
TXN005250,2023-06-03,CU0295,SP004,ST001,PR016,1,49,5,46.55,Cash,Cancelled,,,
TXN000143,2022-06-04,CU0528,SP010,ST011,PR006,1,79,10,71.1,Gift Card,Completed,,,
TXN001601,2022-02-21,CU0421,SP012,ST002,PR015,1,59,15,50.15,Credit Card,Completed,,,
TXN000439,2024-03-04,CU0312,SP013,ST012,PR016,2,49,5,93.1,Credit Card,Cancelled,,,
TXN005113,2022-08-26,CU0074,SP005,ST007,PR013,1,89,0,89,Credit Card,Completed,,,
TXN005839,2022-05-12,CU0150,SP009,ST012,PR025,3,65,0,195,Credit Card,Completed,,,
TXN002688,2024-04-02,CU0252,SP012,ST002,PR019,3,119,5,339.15,Debit Card,Completed,,,
TXN002058,2023-04-13,,SP012,ST002,PR020,4,159,0,636,Online Transfer,Returned,,,
TXN003363,2024-03-14,CU0153,SP001,ST009,PR002,1,749,0,700.97,Debit Card,Cancelled,,,
TXN002605,2022-10-25,CU0466,SP015,ST011,PR020,2,159,5,302.1,Cash,Completed,,,
TXN005393,2022-09-30,CU0443,SP002,ST011,PR024,2,45,10,81,Online Transfer,Completed,,,
TXN000821,2023-05-23,CU0074,SP012,ST005,PR012,1,29,0,29,Credit Card,Completed,,,
TXN008378,2023-03-06,,SP003,ST008,PR022,1,89,10,80.1,Cash,Completed,,,
TXN006180,2023-02-21,CU0443,SP009,ST009,PR002,2,749,20,1198.4,Cash,Completed,,,
TXN003123,2022-06-05,CU0300,SP013,ST009,PR025,2,65,0,130,Cash,Completed,,,
TXN002348,2022-08-24,CU0362,SP013,ST005,PR023,1,179,0,179,Credit Card,Cancelled,,,
TXN000986,2022-08-10,CU0364,SP004,ST009,PR013,1,89,0,89,Credit Card,Completed,,,
TXN001551,2023-08-21,CU0190,,ST008,PR009,2,379,10,682.2,Online Transfer,Cancelled,,,
TXN004463,2023-04-13,CU0475,SP012,ST009,PR033,1,119,0,119,Credit Card,Completed,,,
TXN002524,2023-10-14,CU0460,SP007,ST002,PR030,1,149,5,141.55,Online Transfer,Completed,,,
TXN002674,2024-06-03,CU0039,SP004,ST004,PR035,4,49,10,176.4,Online Transfer,Cancelled,,,
TXN000435,2022-12-22,CU0295,SP012,ST001,PR005,1,129,20,103.2,Debit Card,Completed,,,
TXN002407,2023-03-27,CU0264,SP015,ST006,PR009,1,379,10,341.1,Cash,Cancelled,,,
TXN003711,2023-03-31,CU0346,SP013,ST007,PR035,2,49,10,88.2,Debit Card,Completed,,,
TXN002809,2023-08-15,CU0595,SP002,ST005,PR035,1,49,0,43.42,Credit Card,Completed,,,
TXN004510,2024-03-08,CU0167,SP014,ST004,PR020,1,159,10,143.1,Cash,Cancelled,,,
TXN003248,2022-05-10,CU0352,SP015,ST011,PR025,3,65,15,165.75,Cash,Completed,,,
TXN005288,2023-09-04,,SP008,ST008,PR035,3,49,15,124.95,Debit Card,Returned,,,
TXN005697,2023-01-01,,SP002,ST009,PR004,1,299,5,284.05,Gift Card,Cancelled,,,
TXN007706,2023-08-11,CU0461,SP015,ST010,PR020,2,159,10,286.2,Cash,Completed,,,
TXN005873,2023-11-20,CU0090,SP014,ST004,PR030,1,149,0,149,Credit Card,Returned,,,
TXN007023,2024-05-18,CU0536,SP015,ST009,PR027,3,129,0,387,Debit Card,Completed,,,
TXN004167,2022-08-13,,SP002,ST002,PR011,1,499,5,474.05,Credit Card,Completed,,,
TXN001112,2022-12-07,CU0049,SP014,ST005,PR017,2,99,5,188.1,Credit Card,Returned,,,
TXN007240,2022-12-25,CU0492,SP013,ST003,PR033,2,119,20,190.4,Credit Card,Completed,,,
TXN002679,2022-01-24,CU0353,SP011,ST011,PR028,1,89,0,89,Credit Card,Returned,,,
TXN008982,2024-01-19,CU0236,SP004,ST004,PR015,2,59,0,118,Cash,Completed,,,
TXN001484,2024-06-02,CU0453,SP003,ST012,PR003,1,549,0,549,Cash,Completed,,,
TXN004205,2023-10-31,CU0595,SP003,ST004,PR023,1,179,0,179,Debit Card,Completed,,,
TXN000639,2023-03-12,CU0428,SP001,ST007,PR003,1,549,0,549,Online Transfer,Completed,,,
TXN008168,2023-02-18,CU0304,SP011,ST009,PR019,1,119,0,119,Cash,Completed,,,
TXN005647,2023-05-15,CU0393,SP007,ST008,PR001,2,999,0,1998,Credit Card,Completed,,,
TXN004388,2022-09-24,CU0300,SP015,ST003,PR026,2,189,0,378,Online Transfer,Completed,,,
TXN008446,2022-11-09,CU0097,SP002,ST001,PR033,4,119,20,380.8,Cash,Completed,,,
TXN003369,2024-03-18,CU0217,SP009,ST004,PR019,2,119,0,238,Debit Card,Completed,,,
TXN000053,2024-02-23,CU0172,SP009,ST006,PR036,3,249,5,709.65,Cash,Completed,,,
TXN007549,2022-11-08,CU0363,SP007,ST003,PR039,1,28,10,25.2,Cash,Completed,,,
TXN005831,2023-04-03,CU0178,SP001,ST006,PR021,2,24,0,48,Debit Card,Completed,,,
TXN000170,2022-03-28,CU0329,SP007,ST010,PR003,2,549,0,1098,Credit Card,Completed,,,
TXN000360,2023-01-22,CU0435,SP006,ST001,PR029,2,169,0,338,Cash,Completed,,,
TXN007513,2022-02-21,CU0377,SP015,ST009,PR027,1,129,10,116.1,Credit Card,Cancelled,,,
TXN000879,2024-02-02,CU0277,SP001,ST001,PR022,2,89,5,169.1,Debit Card,Cancelled,,,
TXN003744,2023-12-21,,SP013,ST009,PR015,1,59,10,53.1,Credit Card,Completed,,,
TXN000964,2022-09-04,CU0521,SP014,ST010,PR023,1,179,15,152.15,Debit Card,Completed,,,
TXN005248,2022-08-21,CU0052,SP009,ST002,PR032,2,69,0,138,Credit Card,Completed,,,
TXN007530,2023-05-19,CU0376,SP010,ST010,PR039,2,28,5,53.2,Debit Card,Completed,,,
TXN007127,2023-01-04,CU0205,SP003,ST012,PR022,2,89,5,169.1,Online Transfer,Completed,,,
TXN006918,2022-02-04,CU0405,SP004,ST008,PR038,2,39,5,74.1,Credit Card,Completed,,,
TXN000282,2024-05-07,CU0467,SP003,ST010,PR014,2,139,0,278,Debit Card,Completed,,,
TXN006451,2023-06-27,CU0295,SP005,ST005,PR018,1,59,20,47.2,Gift Card,Completed,,,
TXN007613,2022-11-20,CU0444,SP003,ST005,PR037,3,289,5,897.28,Cash,Completed,,,
TXN007674,2023-02-15,CU0079,SP004,ST003,PR021,1,24,5,22.8,Online Transfer,Completed,,,
TXN007014,2023-10-23,CU0558,SP003,ST009,PR004,2,299,0,598,Gift Card,Completed,,,
TXN005416,2023-11-27,CU0019,SP005,ST006,PR026,1,189,10,170.1,Cash,Completed,,,
TXN000890,2023-11-10,CU0322,SP015,ST001,PR020,3,159,0,477,Gift Card,Completed,,,
TXN003168,2023-08-17,CU0257,SP008,ST007,PR030,1,149,0,149,Credit Card,Completed,,,
TXN003269,2022-10-05,CU0566,SP015,ST008,PR018,1,59,0,59,Online Transfer,Completed,,,
TXN004445,2023-02-14,CU0466,SP014,ST008,PR028,1,89,0,89,Credit Card,Completed,,,
TXN006619,2024-05-18,CU0103,SP008,ST008,PR026,2,189,0,378,Online Transfer,Completed,,,
TXN005994,2022-03-08,CU0315,SP001,ST006,PR014,1,139,15,118.15,Gift Card,Completed,,,
TXN007827,2023-05-17,CU0215,SP007,ST012,PR016,3,49,20,117.6,Online Transfer,Completed,,,
TXN000922,2023-03-02,CU0008,SP006,ST008,PR005,2,129,20,206.4,Online Transfer,Completed,,,
TXN002557,2023-06-23,CU0219,SP011,ST010,PR002,1,749,20,599.2,Debit Card,Completed,,,
TXN002573,2024-03-22,CU0240,SP009,ST008,PR031,3,399,5,1137.15,Gift Card,Completed,,,
TXN000795,2023-04-05,CU0268,SP004,ST004,PR003,1,549,0,549,Online Transfer,Completed,,,
TXN000492,2024-05-29,CU0548,SP008,ST007,PR024,2,45,15,76.5,Gift Card,Cancelled,,,
TXN006975,2022-11-04,CU0047,SP010,ST008,PR029,2,169,0,338,Credit Card,Completed,,,
TXN000679,2024-05-13,CU0156,SP009,ST010,PR019,1,119,0,119,Gift Card,Completed,,,
TXN000148,2023-02-28,CU0470,SP014,ST009,PR032,1,69,0,69,Online Transfer,Completed,,,
TXN006606,2022-07-21,CU0360,SP003,ST002,PR005,2,129,20,206.4,Credit Card,Returned,,,
TXN003592,2022-05-12,CU0288,SP003,ST004,PR012,1,29,15,24.65,Online Transfer,Completed,,,
TXN008409,2022-12-30,CU0361,SP002,ST005,PR018,4,59,0,236,Credit Card,Completed,,,
TXN000577,2023-04-30,CU0259,SP012,ST006,PR025,2,65,10,117,Gift Card,Completed,,,
TXN002909,2024-03-24,CU0004,SP015,ST010,PR014,1,139,5,150.06,Cash,Completed,,,
TXN002880,2023-08-23,CU0462,SP013,ST004,PR017,3,99,5,282.15,Debit Card,Completed,,,
TXN000582,2022-01-06,CU0353,SP002,ST008,PR023,1,179,0,179,Cash,Cancelled,,,
TXN005011,2022-03-24,CU0354,SP011,ST006,PR034,1,79,0,79,Credit Card,Completed,,,
TXN008191,2022-02-14,CU0184,SP013,ST001,PR008,1,449,5,426.55,Cash,Completed,,,
TXN002552,2023-07-01,CU0409,SP011,ST002,PR007,1,699,15,594.15,Credit Card,Cancelled,,,
TXN005443,2024-06-03,CU0511,SP006,ST004,PR038,2,39,15,66.3,Debit Card,Returned,,,
TXN007536,2023-03-05,CU0595,SP002,ST009,PR030,2,149,10,268.2,Cash,Returned,,,
TXN005646,2022-09-27,CU0057,SP014,ST009,PR024,1,45,10,40.5,Online Transfer,Completed,,,
TXN007942,2023-09-25,CU0108,SP012,ST001,PR032,1,69,0,69,Debit Card,Completed,,,
TXN007020,2024-06-10,CU0339,SP001,ST003,PR014,2,139,0,278,Cash,Completed,,,
TXN007667,2022-08-20,CU0207,SP007,ST002,PR014,1,139,5,132.05,Debit Card,Returned,,,
TXN001196,2023-04-11,CU0535,SP010,ST009,PR034,1,79,0,79,Credit Card,Completed,,,
TXN001657,2023-03-18,,SP012,ST009,PR019,1,119,0,119,Credit Card,Completed,,,
TXN008983,2023-10-15,CU0372,SP014,ST011,PR005,3,129,5,367.65,Debit Card,Completed,,,
TXN003503,2022-07-30,CU0047,SP006,ST004,PR014,1,139,0,139,Online Transfer,Cancelled,,,
TXN006971,2022-08-23,CU0555,SP010,ST004,PR006,1,79,5,75.05,Credit Card,Completed,,,
TXN006095,2024-06-21,CU0176,SP015,ST009,PR006,1,79,5,75.05,Cash,Completed,,,
TXN002460,2022-12-06,CU0298,SP015,ST007,PR022,3,89,0,267,Online Transfer,Cancelled,,,
TXN000778,2022-08-22,CU0512,SP007,ST007,PR038,1,39,0,39,Credit Card,Completed,,,
TXN006240,2023-03-29,CU0415,SP015,ST008,PR034,2,79,0,158,Debit Card,Completed,,,
TXN003422,2022-05-04,CU0597,SP005,ST006,PR021,3,24,0,72,Credit Card,Completed,,,
TXN003856,2022-01-15,CU0548,SP005,ST002,PR026,3,189,10,510.3,Cash,Returned,,,
TXN007179,2023-06-03,,SP015,ST009,PR032,1,69,10,62.1,Online Transfer,Completed,,,
TXN006373,2023-02-04,CU0271,SP011,ST009,PR021,1,24,5,22.8,Credit Card,Completed,,,
TXN002428,2022-06-25,CU0047,SP011,ST006,PR020,1,159,0,159,Cash,Returned,,,
TXN006561,2024-02-16,CU0066,SP004,ST001,PR011,2,499,0,998,Credit Card,Completed,,,
TXN007232,2024-05-05,CU0476,SP006,ST011,PR006,1,79,0,78.98,Credit Card,Completed,,,
TXN001057,2022-11-10,CU0123,SP015,ST011,PR036,3,249,0,747,Credit Card,Cancelled,,,
TXN004734,2023-02-18,CU0167,SP006,ST008,PR029,1,169,0,169,Cash,Completed,,,
TXN004190,2023-12-09,CU0054,SP006,ST006,PR017,2,99,0,198,Online Transfer,Cancelled,,,
TXN005931,2023-04-24,CU0200,SP010,ST001,PR025,1,65,0,65,Cash,Completed,,,
TXN004902,2022-01-30,CU0291,SP010,ST005,PR003,1,549,0,549,Credit Card,Completed,,,
TXN001017,2023-02-13,CU0247,SP010,ST005,PR035,1,49,0,49,Online Transfer,Completed,,,
TXN008832,2023-01-07,CU0355,SP006,ST006,PR005,1,129,10,116.1,Debit Card,Returned,,,
TXN000973,2023-06-27,CU0387,SP010,ST002,PR012,1,29,5,27.55,Gift Card,Completed,,,
TXN005538,2022-08-20,CU0570,SP015,ST008,PR002,2,749,15,1273.3,Cash,Completed,,,
TXN005808,2024-06-21,CU0551,SP013,ST007,PR019,1,119,0,119,Gift Card,Completed,,,
TXN004577,2024-05-04,CU0189,SP007,ST007,PR039,2,28,5,53.2,Credit Card,Returned,,,
TXN008541,2022-02-11,CU0262,SP013,ST007,PR004,1,299,0,299,Gift Card,Completed,,,
TXN003280,2023-04-27,CU0140,SP013,ST001,PR029,1,169,0,169,Cash,Completed,,,
TXN003015,2024-01-25,CU0008,SP003,ST006,PR005,1,129,10,116.1,Online Transfer,Returned,,,
TXN003185,2022-02-07,CU0425,SP012,ST001,PR030,2,149,0,298,Online Transfer,Completed,,,
TXN008142,2022-05-06,CU0144,SP010,ST002,PR025,3,65,5,185.25,Debit Card,Completed,,,
TXN007578,2023-06-18,CU0483,SP012,ST004,PR027,1,129,5,122.55,Credit Card,Cancelled,,,
TXN002164,2022-04-23,CU0374,SP010,ST004,PR027,2,129,20,206.4,Debit Card,Completed,,,
TXN003834,2022-07-28,CU0542,SP003,ST007,PR034,1,79,20,63.2,Credit Card,Returned,,,
TXN001849,2024-06-06,CU0338,SP004,ST005,PR004,1,299,0,299,Debit Card,Completed,,,
TXN007624,2023-07-20,CU0458,SP009,ST012,PR032,2,69,20,110.4,Debit Card,Completed,,,
TXN008675,2023-10-29,CU0540,SP007,ST001,PR036,1,249,5,236.55,Credit Card,Completed,,,
TXN004213,2024-06-12,CU0600,SP010,ST001,PR037,1,289,10,260.1,Credit Card,Completed,,,
TXN004703,2022-06-25,CU0228,SP013,ST010,PR019,1,119,10,107.1,Cash,Completed,,,
TXN008907,2022-10-02,CU0447,SP009,ST005,PR037,1,289,10,260.1,Debit Card,Returned,,,
TXN002202,2024-04-17,CU0307,SP013,ST008,PR019,1,119,0,119,Gift Card,Cancelled,,,
TXN000649,2023-10-12,CU0078,SP010,ST002,PR039,2,28,15,47.6,Debit Card,Completed,,,
TXN001807,2024-02-05,CU0297,SP004,ST012,PR031,1,399,20,319.2,Credit Card,Cancelled,,,
TXN005772,2022-11-05,CU0574,SP009,ST003,PR033,1,119,5,113.05,Credit Card,Completed,,,
TXN006762,2023-09-20,CU0330,SP013,ST012,PR016,4,49,0,196,Debit Card,Completed,,,
TXN004378,2023-05-22,CU0079,SP007,ST010,PR005,1,129,20,103.2,Credit Card,Returned,,,
TXN007332,2022-05-09,CU0309,SP005,ST009,PR015,1,59,0,59,Credit Card,Completed,,,
TXN006203,2023-08-07,CU0103,SP005,ST009,PR007,2,699,15,1188.3,Credit Card,Returned,,,
TXN002753,2022-11-23,CU0078,SP013,ST002,PR039,1,28,15,23.8,Debit Card,Completed,,,
TXN008884,2022-10-18,CU0346,SP007,ST012,PR013,3,89,0,267,Credit Card,Completed,,,
TXN002208,2022-08-17,CU0604,SP003,ST012,PR033,3,119,0,357,Credit Card,Cancelled,,,
TXN006200,2022-08-02,CU0189,SP009,ST007,PR030,1,149,20,119.2,Online Transfer,Completed,,,
TXN005188,2023-07-22,CU0424,SP008,ST008,PR023,1,179,0,179,Debit Card,Completed,,,
TXN000008,2024-02-22,CU0178,SP006,ST002,PR006,1,79,10,71.1,Debit Card,Completed,,,
TXN005062,2022-02-18,CU0179,SP006,ST010,PR013,2,89,0,178,Online Transfer,Completed,,,
TXN007469,2023-12-21,CU0315,SP008,ST003,PR015,1,59,0,59,Debit Card,Completed,,,
TXN000211,2024-03-20,CU0067,SP003,ST009,PR018,4,59,15,200.6,Debit Card,Completed,,,
TXN008110,2024-01-26,CU0007,SP006,ST004,PR022,2,89,20,142.4,Debit Card,Completed,,,
TXN003386,2023-03-24,CU0277,SP001,ST003,PR020,1,159,5,151.05,Credit Card,Completed,,,
TXN006962,2024-04-29,CU0096,SP002,ST012,PR027,1,129,20,103.2,Cash,Completed,,,
TXN008231,2024-01-10,CU0548,SP003,ST002,PR001,1,999,0,999,Debit Card,Cancelled,,,
TXN004768,2023-05-16,,SP013,ST009,PR035,1,49,10,44.1,Cash,Completed,,,
TXN001084,2023-04-03,CU0597,SP008,ST001,PR010,1,199,0,199,Debit Card,Cancelled,,,
TXN001655,2024-05-03,CU0598,SP010,ST012,PR004,1,299,10,269.1,Debit Card,Completed,,,
TXN008481,2023-03-19,CU0185,SP002,ST007,PR009,1,379,15,322.15,Debit Card,Completed,,,
TXN004139,2024-06-03,CU0508,SP001,ST005,PR019,2,119,5,226.1,Gift Card,Completed,,,
TXN000357,2022-03-27,CU0432,SP009,ST010,PR032,3,69,0,207,Credit Card,Completed,,,
TXN005204,2023-09-13,CU0374,SP015,ST007,PR005,1,129,5,122.55,Debit Card,Completed,,,
TXN002160,2022-10-25,CU0358,SP012,ST006,PR024,5,45,15,191.25,Debit Card,Completed,,,
TXN000461,2023-05-03,CU0297,SP011,ST002,PR039,1,28,5,26.6,Cash,Completed,,,
TXN001327,2022-09-25,CU0566,SP005,ST004,PR013,1,89,10,80.1,Credit Card,Completed,,,
TXN004292,2022-08-30,CU0371,SP009,ST006,PR030,2,149,0,298,Cash,Completed,,,
TXN002621,2023-06-16,CU0446,SP013,ST004,PR028,1,89,10,80.1,Credit Card,Completed,,,
TXN005301,2022-06-23,CU0027,SP010,ST005,PR006,2,79,20,126.4,Debit Card,Completed,,,
TXN005292,2022-12-30,CU0054,SP005,ST004,PR023,2,179,0,358,Credit Card,Completed,,,
TXN007736,2023-08-13,CU0235,SP006,ST004,PR003,2,549,10,988.2,Credit Card,Completed,,,
TXN007420,2024-01-10,CU0215,SP002,ST004,PR008,1,449,0,449,Credit Card,Cancelled,,,
TXN000868,2024-03-08,CU0378,SP012,ST003,PR008,2,449,0,898,Debit Card,Completed,,,
TXN005442,2022-10-22,CU0407,SP012,ST001,PR024,2,45,0,90,Debit Card,Cancelled,,,
TXN007986,2023-02-21,CU0012,SP001,ST004,PR010,1,199,10,179.1,Cash,Completed,,,
TXN007388,2022-05-27,CU0179,SP010,ST004,PR012,1,29,5,27.55,Credit Card,Returned,,,
TXN002396,2023-08-14,CU0064,SP005,ST011,PR034,1,79,15,67.15,Cash,Completed,,,
TXN000587,2022-02-05,CU0432,SP003,ST003,PR018,2,59,0,118,Credit Card,Completed,,,
TXN002486,2022-06-11,CU0587,SP002,ST011,PR024,2,45,15,76.5,Cash,Completed,,,
TXN005026,2024-03-09,CU0321,SP013,ST011,PR001,2,999,20,1598.4,Credit Card,Completed,,,
TXN004665,2024-05-27,CU0123,SP005,ST012,PR020,2,159,0,318,Cash,Completed,,,
TXN001701,2022-12-06,CU0087,,ST005,PR028,1,89,10,80.1,Online Transfer,Completed,,,
TXN000616,2023-03-26,CU0062,SP005,ST007,PR034,2,79,0,158,Cash,Cancelled,,,
TXN000500,2022-08-31,CU0585,SP006,ST011,PR019,2,119,5,226.1,Debit Card,Completed,,,
TXN000984,2024-03-01,CU0112,SP006,ST004,PR024,2,45,0,90,Credit Card,Completed,,,
TXN000248,2022-05-18,CU0041,SP009,ST007,PR027,1,129,0,129,Cash,Completed,,,
TXN003909,2022-05-25,CU0315,SP008,ST008,PR008,2,449,10,808.2,Credit Card,Completed,,,
TXN006797,2024-06-11,CU0201,SP012,ST008,PR039,2,28,5,53.2,Credit Card,Completed,,,
TXN006623,2022-04-30,CU0569,SP006,ST001,PR024,4,45,15,153,Credit Card,Completed,,,
TXN003943,2024-06-27,CU0028,SP006,ST006,PR039,2,28,5,53.2,Cash,Completed,,,
TXN000673,2024-02-02,CU0527,SP015,ST006,PR016,4,49,5,186.2,Online Transfer,Cancelled,,,
TXN008136,2022-09-25,CU0508,SP007,ST003,PR035,2,49,0,98,Debit Card,Completed,,,
TXN008265,2022-01-24,CU0480,SP005,ST002,PR035,4,49,20,156.8,Credit Card,Completed,,,
TXN008272,2024-06-23,CU0518,SP006,ST006,PR010,1,199,10,179.1,Debit Card,Completed,,,
TXN001093,2023-09-16,CU0149,SP007,ST001,PR026,2,189,0,378,Credit Card,Cancelled,,,
TXN006150,2024-01-12,CU0155,SP008,ST008,PR016,2,49,5,93.1,Cash,Completed,,,
TXN003234,2023-11-30,CU0507,SP008,ST006,PR008,2,449,0,898,Gift Card,Cancelled,,,
TXN002183,2022-04-16,CU0589,SP004,ST001,PR012,2,29,0,58,Credit Card,Completed,,,
TXN006459,2023-03-19,CU0291,SP013,ST010,PR021,2,24,15,40.8,Online Transfer,Completed,,,
TXN001615,2023-05-18,CU0158,SP007,ST012,PR016,4,49,0,196,Credit Card,Completed,,,
TXN001045,2023-02-04,CU0553,SP013,ST011,PR010,2,199,10,358.2,Online Transfer,Completed,,,
TXN005267,2023-01-18,CU0237,,ST002,PR009,1,379,0,379,Credit Card,Completed,,,
TXN008074,2022-11-16,CU0536,SP011,ST001,PR017,4,99,15,336.6,Online Transfer,Completed,,,
TXN002398,2022-12-12,CU0411,SP002,ST008,PR032,1,69,10,62.1,Cash,Completed,,,
TXN008239,2024-02-24,CU0218,SP007,ST008,PR036,1,249,0,249,Cash,Completed,,,
TXN004049,2023-08-24,CU0114,SP002,ST001,PR024,1,45,0,45,Cash,Completed,,,
TXN001089,2022-07-26,,SP005,ST004,PR037,2,289,20,462.4,Cash,Completed,,,
TXN005790,2023-08-21,CU0277,SP015,ST003,PR009,1,379,0,379,Cash,Cancelled,,,
TXN005701,2023-10-28,CU0518,SP010,ST008,PR025,5,65,5,308.75,Credit Card,Cancelled,,,
TXN007521,2024-03-24,CU0483,SP005,ST008,PR012,1,29,10,26.1,Cash,Cancelled,,,
TXN008937,2024-03-24,CU0576,SP002,ST011,PR030,4,149,10,536.4,Debit Card,Completed,,,
TXN006426,2023-08-17,,SP004,ST002,PR012,2,29,5,55.1,Credit Card,Completed,,,
TXN003770,2022-01-20,CU0442,SP011,ST008,PR021,2,24,0,48,Online Transfer,Completed,,,
TXN008550,2023-09-05,CU0588,SP007,ST004,PR016,2,49,10,88.2,Online Transfer,Completed,,,
TXN008781,2024-05-19,CU0256,SP013,ST009,PR024,2,45,10,81,Cash,Returned,,,
TXN008312,2023-04-04,,SP008,ST005,PR031,1,399,5,379.05,Cash,Completed,,,
TXN001944,2022-04-07,CU0128,SP012,ST005,PR007,1,699,0,699,Debit Card,Completed,,,
TXN000620,2022-06-01,CU0027,SP004,ST006,PR024,3,45,5,128.25,Credit Card,Completed,,,
TXN002321,2023-12-16,CU0571,SP010,ST004,PR038,1,39,5,37.05,Debit Card,Cancelled,,,
TXN008173,2022-12-25,CU0125,SP010,ST010,PR017,2,99,0,198,Online Transfer,Completed,,,
TXN006465,2023-03-20,CU0292,,ST012,PR025,4,65,10,234,Credit Card,Cancelled,,,
TXN003035,2023-08-13,CU0434,SP004,ST012,PR025,2,65,10,117,Credit Card,Completed,,,
TXN004731,2024-02-05,CU0044,SP014,ST010,PR016,5,49,10,220.5,Credit Card,Cancelled,,,
TXN006580,2022-12-13,CU0087,SP008,ST003,PR020,5,159,15,675.75,Online Transfer,Completed,,,
TXN004832,2024-03-10,CU0230,SP010,ST004,PR014,2,139,0,278,Cash,Returned,,,
TXN006578,2023-03-12,CU0233,SP006,ST011,PR018,2,59,10,106.2,Credit Card,Completed,,,
TXN006883,2024-01-29,CU0145,SP009,ST002,PR012,3,29,20,69.6,Credit Card,Completed,,,
TXN000071,2022-04-12,CU0070,SP008,ST011,PR002,1,749,20,599.2,Credit Card,Completed,,,
TXN000816,2024-02-11,CU0169,SP015,ST001,PR017,4,99,0,396,Debit Card,Completed,,,
TXN008539,2024-04-01,CU0554,SP004,ST008,PR022,1,89,20,71.2,Credit Card,Completed,,,
TXN005404,2022-05-28,,SP007,ST012,PR038,1,39,0,39,Debit Card,Completed,,,
TXN008596,2023-07-28,CU0570,SP003,ST003,PR027,2,129,0,258,Online Transfer,Completed,,,
TXN000251,2023-08-30,CU0210,SP004,ST009,PR004,2,299,5,568.1,Credit Card,Returned,,,
TXN002282,2023-11-13,CU0564,SP014,ST004,PR024,2,45,10,81,Debit Card,Completed,,,
TXN008412,2022-10-07,CU0129,SP006,ST004,PR030,1,149,15,126.65,Online Transfer,Completed,,,
TXN003809,2022-11-16,CU0580,SP015,ST003,PR010,1,199,10,179.1,Credit Card,Completed,,,
TXN002080,2023-02-12,CU0519,SP003,ST004,PR031,2,399,5,758.1,Gift Card,Completed,,,
TXN002740,2023-02-23,CU0104,SP004,ST004,PR016,4,49,5,186.2,Credit Card,Completed,,,
TXN004936,2022-05-06,CU0456,SP006,ST007,PR017,4,99,20,316.8,Credit Card,Completed,,,
TXN006800,2023-12-13,CU0578,SP008,ST010,PR033,4,119,20,380.8,Credit Card,Completed,,,
TXN003695,2022-02-04,CU0203,SP002,ST006,PR004,2,299,10,538.2,Debit Card,Returned,,,
TXN001932,2023-12-11,CU0418,SP007,ST006,PR008,1,449,5,426.55,Debit Card,Completed,,,
TXN007734,2022-09-05,CU0103,SP001,ST011,PR026,3,189,20,453.6,Debit Card,Completed,,,
TXN007507,2022-12-21,CU0355,SP003,ST004,PR034,2,79,5,150.1,Credit Card,Completed,,,
TXN005624,2022-04-29,CU0489,SP015,ST005,PR031,2,399,5,758.1,Online Transfer,Returned,,,
TXN007374,2022-12-04,CU0032,SP014,ST006,PR040,2,22,10,39.6,Credit Card,Completed,,,
TXN004571,2022-08-15,CU0342,SP008,ST009,PR006,1,79,10,71.1,Gift Card,Completed,,,
TXN002955,2024-05-06,,SP009,ST011,PR020,1,159,0,159,Online Transfer,Completed,,,
TXN004056,2022-04-05,CU0517,SP002,ST012,PR037,1,289,15,245.65,Debit Card,Completed,,,
TXN003099,2022-04-11,CU0306,SP001,ST012,PR021,2,24,0,48,Credit Card,Cancelled,,,
TXN005073,2023-05-14,CU0197,SP002,ST008,PR008,2,449,0,898,Credit Card,Completed,,,
TXN006416,2022-08-08,CU0092,SP013,ST003,PR002,2,749,10,1348.2,Credit Card,Completed,,,
TXN005972,2023-02-22,CU0225,SP005,ST009,PR022,2,89,10,160.2,Credit Card,Completed,,,
TXN004264,2023-01-15,CU0351,SP010,ST006,PR017,1,99,5,94.05,Online Transfer,Returned,,,
TXN007472,2022-05-01,CU0048,SP007,ST010,PR017,2,99,10,178.2,Credit Card,Completed,,,
TXN002651,2023-07-15,CU0305,SP003,ST007,PR032,3,69,0,207,Cash,Cancelled,,,
TXN005029,2023-12-20,CU0580,SP008,ST004,PR007,1,699,20,559.2,Online Transfer,Completed,,,
TXN000530,2023-02-13,CU0056,SP005,ST008,PR030,1,149,0,149,Debit Card,Completed,,,
TXN004188,2024-05-02,CU0383,SP006,ST004,PR002,1,749,10,674.1,Online Transfer,Completed,,,
TXN000597,2024-01-09,CU0082,SP014,ST007,PR039,2,28,20,44.8,Debit Card,Completed,,,
TXN001678,2023-10-01,CU0124,SP001,ST004,PR025,2,65,0,130,Cash,Completed,,,
TXN008086,2022-10-18,CU0579,SP006,ST008,PR038,4,39,5,148.2,Debit Card,Returned,,,
TXN006243,2022-11-10,CU0156,SP007,ST003,PR026,2,189,10,340.2,Credit Card,Cancelled,,,
TXN006141,2022-03-07,CU0559,SP003,ST007,PR027,1,129,10,116.1,Debit Card,Completed,,,
TXN000200,2022-10-26,CU0009,SP009,ST010,PR027,1,129,0,129,Online Transfer,Completed,,,
TXN004611,2022-07-02,CU0295,SP012,ST009,PR011,2,499,5,948.1,Online Transfer,Cancelled,,,
TXN005747,2023-12-05,CU0210,SP014,ST010,PR024,1,45,15,38.25,Credit Card,Completed,,,
TXN000636,2024-02-24,CU0106,SP011,ST005,PR038,1,39,0,39,Credit Card,Returned,,,
TXN003443,2023-10-19,CU0248,SP011,ST002,PR031,1,399,10,359.1,Online Transfer,Completed,,,
TXN008995,2022-05-17,CU0416,SP001,ST001,PR011,1,499,0,499,Credit Card,Returned,,,
TXN005245,2024-01-29,CU0006,SP013,ST005,PR033,3,119,0,357,Credit Card,Completed,,,
TXN002046,2022-01-28,CU0326,SP007,ST006,PR026,1,189,20,151.2,Credit Card,Completed,,,
TXN006418,2022-10-13,CU0017,SP010,ST012,PR016,1,49,5,46.55,Cash,Completed,,,
TXN001130,2022-09-23,CU0429,SP008,ST006,PR021,1,24,0,24,Debit Card,Completed,,,
TXN001753,2024-06-13,CU0466,SP010,ST003,PR011,2,499,20,798.4,Debit Card,Completed,,,
TXN006949,2022-05-23,CU0271,SP011,ST010,PR027,2,129,10,232.2,Cash,Returned,,,
TXN001052,2024-03-19,CU0228,SP014,ST004,PR023,4,179,20,572.8,Debit Card,Completed,,,
TXN004996,2022-06-26,CU0111,SP011,ST006,PR034,2,79,10,142.2,Cash,Completed,,,
TXN000983,2022-07-16,CU0024,SP011,ST002,PR021,1,24,5,22.8,Debit Card,Completed,,,
TXN003127,2023-12-27,CU0025,SP015,ST003,PR024,2,45,5,85.5,Credit Card,Completed,,,
TXN006899,2023-11-25,,SP011,ST008,PR034,3,79,15,201.45,Debit Card,Cancelled,,,
TXN000399,2023-03-24,CU0130,SP009,ST002,PR026,2,189,5,359.1,Credit Card,Completed,,,
TXN005380,2022-10-19,CU0290,SP008,ST012,PR014,1,139,5,132.05,Debit Card,Cancelled,,,
TXN001695,2023-03-19,CU0223,SP004,ST003,PR028,2,89,10,160.2,Cash,Completed,,,
TXN006412,2023-03-29,CU0017,SP007,ST012,PR029,1,169,0,169,Credit Card,Completed,,,
TXN007913,2022-04-18,CU0444,SP015,ST010,PR038,2,39,0,78,Debit Card,Cancelled,,,
TXN008044,2024-05-04,CU0593,SP007,ST010,PR008,1,449,20,359.2,Debit Card,Completed,,,
TXN005361,2023-01-24,CU0230,SP008,ST008,PR030,3,149,0,447,Cash,Completed,,,
TXN007310,2022-06-03,CU0485,SP014,ST002,PR008,1,449,20,359.2,Credit Card,Completed,,,
TXN008690,2022-01-31,CU0249,SP004,ST001,PR010,2,199,0,398,Debit Card,Completed,,,
TXN005054,2022-12-30,CU0136,SP001,ST001,PR013,1,89,20,71.2,Debit Card,Completed,,,
TXN007451,2023-12-11,CU0321,SP014,ST010,PR039,1,28,0,28,Debit Card,Completed,,,
TXN002821,2022-10-24,CU0448,SP012,ST011,PR040,2,22,0,44,Debit Card,Returned,,,
TXN001292,2023-07-26,CU0188,SP012,ST002,PR039,1,28,10,25.2,Online Transfer,Completed,,,
TXN002462,2023-02-14,CU0472,SP004,ST009,PR018,3,59,5,168.15,Credit Card,Completed,,,
TXN008215,2022-07-08,CU0606,SP015,ST008,PR034,4,79,10,284.4,Debit Card,Completed,,,
TXN000995,2022-07-19,CU0162,SP004,ST010,PR025,1,65,0,65,Debit Card,Returned,,,
TXN007535,2024-05-10,CU0280,SP014,ST003,PR001,1,999,0,999,Cash,Completed,,,
TXN004220,2023-01-27,CU0025,SP009,ST001,PR021,1,24,5,22.8,Credit Card,Completed,,,
TXN003841,2023-02-28,CU0118,SP011,ST001,PR024,2,45,15,76.5,Debit Card,Cancelled,,,
TXN001489,2022-03-13,CU0336,SP006,ST010,PR001,1,999,10,899.1,Credit Card,Cancelled,,,
TXN000081,2022-12-11,CU0348,SP003,ST010,PR015,3,59,0,177,Online Transfer,Completed,,,
TXN000264,2022-07-10,CU0203,SP008,ST003,PR022,1,89,20,71.2,Credit Card,Completed,,,
TXN000917,2022-12-28,CU0194,SP009,ST005,PR030,3,149,20,357.6,Online Transfer,Completed,,,
TXN003181,2023-08-08,CU0093,SP007,ST004,PR013,1,89,0,89,Cash,Completed,,,
TXN001421,2024-04-19,CU0542,SP009,ST004,PR026,3,189,10,510.3,Debit Card,Completed,,,
TXN006870,2023-10-12,CU0363,SP002,ST004,PR004,2,299,5,568.1,Debit Card,Completed,,,
TXN007068,2022-09-03,CU0419,SP009,ST003,PR008,1,449,0,449,Debit Card,Completed,,,
TXN007509,2022-07-09,CU0253,SP013,ST005,PR006,1,79,0,79,Online Transfer,Completed,,,
TXN005968,2023-12-06,CU0321,SP010,ST010,PR039,1,28,10,25.2,Debit Card,Returned,,,
TXN008182,2024-01-16,CU0375,SP012,ST010,PR039,2,28,15,47.6,Cash,Cancelled,,,
TXN003654,2022-06-19,CU0291,SP008,ST009,PR034,4,79,0,316,Debit Card,Completed,,,
TXN005030,2023-09-29,CU0535,SP004,ST012,PR027,3,129,10,348.3,Cash,Completed,,,
TXN005013,2022-06-29,CU0464,SP004,ST001,PR011,1,499,5,474.05,Debit Card,Cancelled,,,
TXN008774,2024-04-20,CU0195,,ST010,PR020,3,159,10,429.3,Gift Card,Completed,,,
TXN007000,2023-09-15,CU0491,SP008,ST003,PR027,1,129,15,109.65,Credit Card,Completed,,,
TXN007258,2022-02-24,CU0314,SP014,ST004,PR033,1,119,0,119,Cash,Completed,,,
TXN000696,2023-10-17,CU0510,SP011,ST003,PR031,1,399,10,359.1,Online Transfer,Completed,,,
TXN003554,2024-02-06,CU0020,SP009,ST009,PR003,1,549,0,549,Online Transfer,Completed,,,
TXN002187,2024-01-26,CU0573,SP010,ST002,PR010,3,199,0,597,Debit Card,Completed,,,
TXN006252,2022-05-21,CU0117,SP015,ST008,PR030,1,149,10,134.1,Credit Card,Completed,,,
TXN002571,2023-09-06,CU0100,SP015,ST007,PR015,2,59,5,112.1,Cash,Completed,,,
TXN007598,2022-11-20,CU0472,SP013,ST008,PR021,5,24,0,120,Credit Card,Completed,,,
TXN001233,2022-11-11,CU0384,,ST004,PR001,1,999,10,899.1,Online Transfer,Completed,,,
TXN001497,2024-05-17,CU0397,,ST006,PR038,2,39,0,78,Credit Card,Completed,,,
TXN006064,2022-04-03,CU0453,SP007,ST001,PR020,2,159,5,302.1,Cash,Completed,,,
TXN005977,2022-06-13,CU0166,SP005,ST010,PR023,4,179,10,644.4,Debit Card,Completed,,,
TXN003889,2024-04-05,CU0516,SP011,ST005,PR021,3,24,15,61.2,Cash,Completed,,,
TXN007835,2022-04-25,CU0334,SP013,ST001,PR027,3,129,0,387,Credit Card,Completed,,,
TXN001094,2023-02-24,CU0143,SP001,ST002,PR025,3,65,0,195,Debit Card,Completed,,,
TXN002769,2023-10-31,CU0187,SP008,ST002,PR024,3,45,10,121.5,Credit Card,Returned,,,
TXN008726,2022-10-21,CU0067,SP011,ST007,PR034,2,79,0,158,Debit Card,Completed,,,
TXN001358,2023-11-12,CU0185,SP001,ST007,PR018,1,59,5,56.05,Credit Card,Completed,,,
TXN005758,2022-12-04,CU0182,SP015,ST003,PR008,1,449,0,449,Cash,Completed,,,
TXN000224,2023-01-26,CU0401,SP002,ST009,PR018,2,59,5,112.1,Debit Card,Completed,,,
TXN001919,2022-05-04,CU0514,SP005,ST003,PR016,2,49,10,88.2,Online Transfer,Completed,,,
TXN000115,2022-02-24,CU0056,SP004,ST003,PR002,1,749,10,674.1,Gift Card,Cancelled,,,
TXN007090,2022-08-11,CU0020,SP005,ST007,PR022,2,89,0,178,Credit Card,Returned,,,
TXN007650,2022-07-27,CU0027,SP002,ST003,PR021,3,24,0,72,Cash,Completed,,,
TXN002694,2022-06-17,,SP003,ST011,PR025,1,65,15,55.25,Debit Card,Completed,,,
TXN005225,2023-04-30,CU0521,SP014,ST009,PR010,1,199,10,179.1,Credit Card,Returned,,,
TXN000602,2022-06-05,CU0511,SP004,ST009,PR029,2,169,5,321.1,Cash,Completed,,,
TXN001250,2023-11-02,CU0135,SP015,ST012,PR035,2,49,0,98,Gift Card,Completed,,,
TXN007979,2022-03-24,CU0567,SP011,ST003,PR011,1,499,10,449.1,Cash,Completed,,,
TXN002622,2024-06-06,CU0219,SP013,ST012,PR015,1,59,15,50.15,Cash,Cancelled,,,
TXN001676,2022-01-07,CU0398,SP009,ST007,PR003,2,549,0,1098,Credit Card,Returned,,,
TXN008811,2022-08-08,CU0554,SP005,ST001,PR030,2,149,10,268.2,Debit Card,Cancelled,,,
TXN000223,2022-11-30,CU0582,SP013,ST001,PR037,1,289,5,274.55,Online Transfer,Returned,,,
TXN001507,2022-03-26,CU0191,SP004,ST001,PR006,1,79,5,75.05,Gift Card,Returned,,,
TXN001817,2022-01-12,CU0587,SP005,ST009,PR035,1,49,0,49,Debit Card,Returned,,,
TXN006230,2022-03-19,CU0365,SP005,ST009,PR015,1,59,0,59,Online Transfer,Completed,,,
TXN002261,2024-01-17,CU0261,SP015,ST002,PR026,3,189,0,567,Debit Card,Completed,,,
TXN008700,2022-07-25,CU0394,,ST012,PR036,1,249,10,224.1,Cash,Completed,,,
TXN000857,2022-04-20,,SP011,ST005,PR020,4,159,10,572.4,Credit Card,Completed,,,
TXN005074,2022-12-01,CU0079,SP013,ST005,PR020,2,159,10,286.2,Credit Card,Completed,,,
TXN008927,2022-05-24,CU0037,SP011,ST007,PR029,1,169,0,169,Cash,Completed,,,
TXN008623,2023-07-30,CU0116,SP003,ST010,PR018,1,59,0,59,Cash,Completed,,,
TXN007557,2022-07-22,CU0459,SP014,ST005,PR026,2,189,0,378,Credit Card,Completed,,,
TXN007498,2022-09-27,CU0191,SP010,ST001,PR040,1,22,5,20.9,Credit Card,Returned,,,
TXN000121,2022-11-27,CU0073,SP009,ST010,PR018,1,59,0,59,Online Transfer,Returned,,,
TXN008829,2022-01-03,CU0261,SP008,ST007,PR031,4,399,5,1516.2,Cash,Completed,,,
TXN001584,2022-06-24,CU0455,SP001,ST003,PR019,1,119,5,113.05,Credit Card,Completed,,,
TXN008037,2024-05-13,CU0254,SP014,ST002,PR040,1,22,0,22,Cash,Completed,,,
TXN002617,2024-01-13,CU0284,SP015,ST012,PR026,1,189,0,189,Debit Card,Cancelled,,,
TXN004610,2022-03-22,CU0074,SP004,ST004,PR027,3,129,15,328.95,Online Transfer,Completed,,,
TXN002437,2022-12-19,CU0186,SP007,ST008,PR035,3,49,20,117.6,Debit Card,Cancelled,,,
TXN005947,2022-03-24,CU0120,SP004,ST011,PR026,2,189,0,378,Debit Card,Cancelled,,,
TXN000416,2022-11-22,CU0203,SP004,ST001,PR033,1,119,5,113.05,Credit Card,Completed,,,
TXN000007,2022-12-12,CU0412,SP006,ST002,PR040,2,22,0,44,Gift Card,Completed,,,
TXN008635,2023-03-09,CU0557,SP012,ST010,PR022,1,89,5,84.55,Cash,Completed,,,
TXN003888,2023-05-19,CU0542,SP009,ST010,PR009,1,379,15,322.15,Credit Card,Completed,,,
TXN004428,2024-06-16,CU0081,SP006,ST012,PR032,1,69,10,62.1,Credit Card,Completed,,,
TXN001030,2024-06-03,CU0523,SP001,ST002,PR020,1,159,0,159,Credit Card,Completed,,,
TXN003577,2023-11-02,CU0025,SP003,ST008,PR019,1,119,0,134.85,Credit Card,Completed,,,
TXN002228,2023-03-13,CU0091,SP014,ST005,PR016,5,49,0,245,Debit Card,Completed,,,
TXN006587,2022-10-11,CU0179,SP003,ST010,PR019,5,119,10,535.5,Credit Card,Completed,,,
TXN007843,2023-12-11,CU0604,SP006,ST003,PR029,1,169,20,135.2,Cash,Cancelled,,,
TXN007723,2023-07-10,CU0303,SP008,ST005,PR021,2,24,20,38.4,Debit Card,Completed,,,
TXN007495,2022-07-10,CU0233,SP010,ST005,PR031,2,399,15,678.3,Online Transfer,Completed,,,
TXN001231,2023-10-22,,SP010,ST007,PR038,3,39,15,99.45,Debit Card,Cancelled,,,
TXN006933,2022-06-28,CU0478,SP009,ST011,PR026,3,189,5,538.65,Credit Card,Completed,,,
TXN007305,2022-05-13,CU0543,SP006,ST004,PR031,3,399,0,1197,Credit Card,Completed,,,
TXN004231,2023-03-09,,SP007,ST003,PR032,1,69,20,55.2,Online Transfer,Completed,,,
TXN004888,2024-02-12,CU0324,SP010,ST010,PR019,1,119,0,119,Credit Card,Completed,,,
TXN003961,2022-02-25,CU0361,SP005,ST007,PR027,1,129,0,129,Debit Card,Completed,,,
TXN004901,2023-02-15,CU0042,SP015,ST011,PR037,1,289,20,231.2,Debit Card,Completed,,,
TXN008431,2023-01-16,CU0501,SP013,ST006,PR011,1,499,5,474.05,Online Transfer,Completed,,,
TXN007117,2022-12-08,CU0016,SP005,ST006,PR032,1,69,0,69,Debit Card,Cancelled,,,
TXN004538,2024-03-13,CU0275,SP011,ST006,PR028,3,89,0,267,Cash,Completed,,,
TXN008551,2023-06-27,CU0091,SP012,ST004,PR036,4,249,0,996,Cash,Completed,,,
TXN005702,2023-01-12,CU0304,SP011,ST002,PR002,1,749,5,711.55,Credit Card,Completed,,,
TXN004443,2023-01-29,CU0442,SP010,ST003,PR035,1,49,20,39.2,Credit Card,Completed,,,
TXN007369,2022-10-11,CU0505,SP007,ST005,PR024,2,45,20,72,Cash,Returned,,,
TXN003220,2023-04-06,CU0114,SP003,ST007,PR016,2,49,0,98,Credit Card,Completed,,,
TXN000381,2022-08-06,CU0488,SP002,ST005,PR020,2,159,10,286.2,Credit Card,Completed,,,
TXN008615,2022-02-10,CU0413,SP005,ST008,PR034,1,79,10,71.1,Cash,Returned,,,
TXN003110,2022-09-07,CU0018,SP014,ST009,PR017,1,99,10,96.8,Credit Card,Completed,,,
TXN005602,2023-01-17,CU0205,SP007,ST001,PR002,1,749,0,749,Online Transfer,Completed,,,
TXN007567,2022-05-20,CU0104,SP015,ST008,PR031,1,399,15,339.15,Debit Card,Completed,,,
TXN006391,2022-01-10,,SP002,ST002,PR034,1,79,0,79,Credit Card,Cancelled,,,
TXN005216,2023-12-20,CU0428,SP003,ST012,PR035,1,49,20,39.2,Online Transfer,Completed,,,
TXN003920,2022-12-16,CU0133,SP005,ST007,PR034,1,79,5,75.05,Credit Card,Completed,,,
TXN007178,2024-06-21,CU0105,SP013,ST003,PR024,1,45,0,45,Cash,Completed,,,
TXN000627,2024-03-28,CU0581,SP009,ST004,PR012,2,29,0,58,Cash,Completed,,,
TXN008844,2022-03-07,CU0334,SP011,ST007,PR025,1,65,10,58.5,Credit Card,Returned,,,
TXN008175,2022-08-12,CU0110,SP014,ST006,PR035,2,49,5,93.1,Credit Card,Completed,,,
TXN008332,2023-01-14,CU0591,SP007,ST009,PR005,1,129,10,116.1,Gift Card,Completed,,,
TXN002665,2024-01-24,CU0456,SP011,ST012,PR018,2,59,20,94.4,Gift Card,Completed,,,
TXN001132,2024-03-21,CU0434,,ST009,PR008,2,449,10,808.2,Gift Card,Cancelled,,,
TXN001337,2022-09-13,CU0059,SP003,ST005,PR027,1,129,0,129,Credit Card,Completed,,,
TXN003879,2023-06-30,CU0507,SP004,ST010,PR009,1,379,5,360.05,Online Transfer,Completed,,,
TXN000955,2023-10-05,CU0282,SP004,ST003,PR034,1,79,0,79,Credit Card,Completed,,,
TXN000291,2024-03-07,CU0392,SP005,ST011,PR027,1,129,0,129,Credit Card,Completed,,,
TXN004471,2023-06-08,CU0533,SP007,ST012,PR020,3,159,0,477,Credit Card,Completed,,,
TXN007121,2024-01-26,CU0002,SP014,ST006,PR021,3,24,10,64.8,Credit Card,Completed,,,
TXN006988,2024-03-13,CU0484,SP014,ST007,PR037,4,289,0,1156,Credit Card,Completed,,,
TXN000589,2024-02-29,CU0436,SP005,ST012,PR026,2,189,10,340.2,Online Transfer,Completed,,,
TXN005927,2022-03-03,CU0454,SP013,ST011,PR014,1,139,0,139,Cash,Completed,,,
TXN006075,2022-06-01,CU0564,SP010,ST012,PR020,1,159,0,159,Debit Card,Returned,,,
TXN000270,2022-01-27,CU0544,SP005,ST012,PR031,1,399,10,359.1,Cash,Cancelled,,,
TXN001896,2024-01-05,CU0500,SP007,ST012,PR020,1,159,10,143.1,Cash,Returned,,,
TXN000667,2022-05-12,CU0553,SP006,ST010,PR028,1,89,10,80.1,Online Transfer,Completed,,,
TXN007984,2022-09-28,CU0147,SP003,ST003,PR013,2,89,10,160.2,Debit Card,Returned,,,
TXN007456,2023-12-24,CU0190,SP013,ST011,PR016,1,49,10,44.1,Debit Card,Completed,,,
TXN002389,2024-06-26,CU0249,,ST006,PR016,1,49,10,44.1,Credit Card,Completed,,,
TXN006377,2023-02-18,CU0025,SP013,ST008,PR010,1,199,10,179.1,Credit Card,Completed,,,
TXN008621,2024-02-19,CU0557,SP009,ST004,PR015,2,59,10,106.2,Online Transfer,Completed,,,
TXN006804,2023-06-08,CU0059,SP003,ST001,PR033,1,119,15,101.15,Cash,Completed,,,
TXN005317,2023-05-01,CU0409,SP002,ST008,PR014,1,139,0,139,Credit Card,Completed,,,
TXN007356,2023-09-29,CU0353,SP005,ST009,PR040,1,22,5,20.9,Cash,Completed,,,
TXN007399,2022-04-19,CU0082,SP001,ST006,PR029,2,169,5,321.1,Debit Card,Cancelled,,,
TXN004381,2024-04-04,CU0344,SP003,ST003,PR015,2,59,0,118,Online Transfer,Completed,,,
TXN006696,2023-03-24,CU0083,SP012,ST008,PR021,3,24,5,68.4,Credit Card,Completed,,,
TXN003525,2023-07-21,CU0097,SP005,ST007,PR037,2,289,0,578,Cash,Completed,,,
TXN006103,2024-04-30,,SP010,ST003,PR003,2,549,10,988.2,Cash,Returned,,,
TXN001644,2022-01-11,,SP015,ST002,PR015,1,59,10,53.1,Credit Card,Completed,,,
TXN000452,2023-05-31,CU0367,SP008,ST006,PR019,2,119,10,214.2,Online Transfer,Completed,,,
TXN008916,2022-07-25,CU0144,SP006,ST002,PR011,1,499,10,449.1,Credit Card,Cancelled,,,
TXN004504,2024-01-11,CU0080,SP004,ST005,PR033,1,119,0,119,Cash,Completed,,,
TXN006887,2023-07-03,CU0515,SP003,ST011,PR038,3,39,15,99.45,Gift Card,Returned,,,
TXN004362,2022-10-04,CU0579,SP011,ST004,PR010,1,199,0,199,Gift Card,Completed,,,
TXN001857,2022-04-06,CU0429,SP011,ST009,PR004,1,299,15,254.15,Debit Card,Completed,,,
TXN006427,2023-12-21,CU0233,SP004,ST010,PR036,2,249,0,498,Online Transfer,Returned,,,
TXN008246,2024-03-19,CU0572,SP007,ST001,PR020,1,159,10,143.1,Debit Card,Completed,,,
TXN003332,2022-05-14,CU0028,SP010,ST008,PR035,2,49,10,88.2,Credit Card,Completed,,,
TXN001773,2022-07-26,CU0030,SP013,ST003,PR019,4,119,5,452.2,Cash,Returned,,,
TXN000596,2023-09-16,CU0104,SP007,ST009,PR040,1,22,5,20.9,Credit Card,Completed,,,
TXN006920,2024-02-01,CU0585,SP004,ST001,PR004,1,299,5,284.05,Credit Card,Completed,,,
TXN004047,2023-11-19,CU0443,SP007,ST002,PR034,1,79,0,77.73,Gift Card,Completed,,,
TXN008198,2023-09-15,CU0352,SP011,ST010,PR005,2,129,10,232.2,Debit Card,Returned,,,
TXN003150,2022-10-25,CU0200,SP001,ST009,PR005,1,129,0,129,Online Transfer,Completed,,,
TXN006898,2023-04-04,CU0582,SP005,ST009,PR031,1,399,0,399,Cash,Returned,,,
TXN002214,2022-09-17,CU0570,SP006,ST005,PR023,3,179,5,510.15,Credit Card,Completed,,,
TXN006866,2023-02-16,CU0458,SP006,ST006,PR034,2,79,10,142.2,Credit Card,Completed,,,
TXN001806,2024-02-23,CU0326,SP011,ST004,PR016,2,49,10,88.2,Cash,Completed,,,
TXN008264,2022-09-06,CU0179,SP013,ST009,PR021,1,24,0,24,Online Transfer,Completed,,,
TXN007619,2022-03-31,CU0533,SP005,ST009,PR037,2,289,5,549.1,Online Transfer,Completed,,,
TXN008347,2023-10-19,CU0110,SP015,ST001,PR025,2,65,15,110.5,Cash,Returned,,,
TXN008943,2022-12-24,CU0180,SP001,ST003,PR037,2,289,0,578,Debit Card,Completed,,,
TXN007237,2023-04-04,CU0173,SP011,ST004,PR018,1,59,0,59,Credit Card,Completed,,,
TXN005405,2024-05-04,CU0428,SP009,ST008,PR027,1,129,15,109.65,Debit Card,Returned,,,
TXN005526,2023-01-29,CU0566,SP003,ST004,PR008,2,449,0,898,Cash,Completed,,,
TXN002954,2022-05-15,CU0507,SP014,ST002,PR025,1,65,20,52,Cash,Completed,,,
TXN006808,2022-06-21,CU0589,SP014,ST011,PR004,1,299,0,299,Credit Card,Completed,,,
TXN001459,2022-04-02,CU0036,SP011,ST008,PR009,1,379,0,379,Debit Card,Completed,,,
TXN000255,2022-10-18,CU0493,SP002,ST006,PR007,1,699,0,699,Credit Card,Completed,,,
TXN002490,2022-04-25,CU0211,SP013,ST003,PR002,2,749,0,1498,Online Transfer,Completed,,,
TXN004791,2023-12-07,CU0349,SP001,ST007,PR034,4,79,0,316,Online Transfer,Completed,,,
TXN001067,2023-09-22,CU0085,SP013,ST012,PR019,1,119,0,119,Credit Card,Completed,,,
TXN001105,2024-05-30,CU0110,SP006,ST006,PR013,2,89,0,178,Cash,Completed,,,
TXN004009,2022-02-05,CU0161,SP012,ST010,PR028,1,89,10,80.1,Debit Card,Completed,,,
TXN005578,2024-01-15,CU0305,SP008,ST001,PR019,4,119,20,380.8,Online Transfer,Completed,,,
TXN000751,2022-07-27,CU0219,SP005,ST002,PR017,4,99,20,316.8,Debit Card,Completed,,,
TXN005730,2022-04-23,CU0205,SP004,ST004,PR033,3,119,5,339.15,Gift Card,Completed,,,
TXN001442,2023-08-07,CU0518,SP009,ST005,PR038,2,39,5,74.1,Online Transfer,Completed,,,
TXN003034,2023-10-06,CU0484,SP015,ST011,PR026,1,189,5,179.55,Online Transfer,Completed,,,
TXN007533,2023-04-11,CU0355,SP002,ST003,PR035,2,49,0,98,Debit Card,Completed,,,
TXN006913,2023-09-17,CU0088,SP011,ST010,PR009,1,379,0,379,Online Transfer,Returned,,,
TXN008751,2023-07-13,CU0338,SP015,ST005,PR033,3,119,10,321.3,Debit Card,Completed,,,
TXN002752,2022-05-28,CU0322,SP002,ST001,PR001,3,999,10,2697.3,Credit Card,Completed,,,
TXN007817,2024-06-19,CU0258,SP013,ST005,PR026,1,189,15,160.65,Debit Card,Completed,,,
TXN002168,2023-05-20,CU0233,SP007,ST007,PR035,3,49,5,139.65,Online Transfer,Returned,,,
TXN001951,2023-07-17,CU0571,SP006,ST012,PR023,1,179,0,179,Gift Card,Completed,,,
TXN006205,2022-04-04,CU0122,SP006,ST006,PR029,1,169,10,152.1,Cash,Completed,,,
TXN005560,2023-04-29,CU0271,SP014,ST001,PR002,1,749,5,711.55,Cash,Completed,,,
TXN007473,2024-06-19,CU0521,SP008,ST009,PR016,2,49,0,98,Debit Card,Completed,,,
TXN005851,2023-11-30,CU0527,SP011,ST001,PR037,1,289,10,260.1,Debit Card,Completed,,,
TXN001510,2022-04-02,CU0034,SP001,ST004,PR015,2,59,0,118,Online Transfer,Cancelled,,,
TXN003089,2024-01-23,CU0140,SP008,ST012,PR036,3,249,10,672.3,Credit Card,Completed,,,
TXN005150,2023-06-17,CU0522,SP014,ST011,PR027,3,129,0,387,Online Transfer,Completed,,,
TXN002497,2022-04-21,CU0326,SP009,ST001,PR032,2,69,0,138,Credit Card,Returned,,,
TXN003508,2023-05-12,CU0311,SP014,ST005,PR032,1,69,10,62.1,Gift Card,Completed,,,
TXN004557,2023-10-19,CU0053,SP011,ST006,PR013,1,89,15,75.65,Debit Card,Returned,,,
TXN005516,2024-03-21,,SP007,ST003,PR018,2,59,10,106.2,Credit Card,Completed,,,
TXN004715,2023-12-09,CU0067,SP012,ST004,PR011,1,499,20,399.2,Credit Card,Completed,,,
TXN007703,2023-02-22,CU0502,SP004,ST006,PR029,2,169,5,321.1,Debit Card,Completed,,,
TXN002366,2023-12-25,CU0483,SP002,ST009,PR020,3,159,5,453.15,Credit Card,Completed,,,
TXN002800,2024-02-08,CU0303,SP004,ST005,PR018,4,59,20,188.8,Online Transfer,Completed,,,
TXN005068,2022-03-12,CU0365,SP005,ST005,PR002,2,749,20,1198.4,Gift Card,Completed,,,
TXN008382,2024-05-09,CU0010,SP015,ST005,PR040,3,22,15,56.1,Credit Card,Completed,,,
TXN004161,2022-07-09,CU0126,SP001,ST006,PR024,4,45,5,171,Online Transfer,Completed,,,
TXN008557,2023-07-31,CU0590,SP009,ST011,PR015,1,59,0,59,Credit Card,Returned,,,
TXN000016,2022-03-14,CU0456,SP010,ST010,PR016,1,49,5,46.55,Credit Card,Completed,,,
TXN007529,2024-03-07,CU0183,SP011,ST008,PR025,3,65,0,195,Gift Card,Completed,,,
TXN006573,2023-02-26,CU0514,SP001,ST003,PR027,2,129,0,258,Online Transfer,Completed,,,
TXN008641,2024-02-14,CU0262,SP007,ST006,PR020,1,159,15,135.15,Online Transfer,Completed,,,
TXN006420,2023-08-29,,SP014,ST008,PR014,1,139,10,125.1,Debit Card,Completed,,,
TXN000269,2023-11-13,CU0059,SP006,ST006,PR033,1,119,10,107.1,Online Transfer,Completed,,,
TXN001395,2022-02-01,CU0209,SP007,ST006,PR036,1,249,0,249,Credit Card,Completed,,,
TXN003490,2023-01-30,CU0217,SP005,ST012,PR039,3,28,5,79.8,Debit Card,Completed,,,
TXN007778,2024-03-21,CU0035,SP003,ST002,PR031,4,399,10,1436.4,Credit Card,Returned,,,
TXN000945,2022-03-06,CU0110,SP004,ST005,PR013,1,89,15,75.65,Cash,Completed,,,
TXN006628,2022-06-05,CU0412,SP006,ST008,PR022,2,89,10,160.2,Online Transfer,Cancelled,,,
TXN007679,2023-03-20,CU0356,SP009,ST011,PR007,1,699,0,762.07,Debit Card,Completed,,,
TXN002957,2023-03-04,CU0155,SP001,ST002,PR018,2,59,0,118,Credit Card,Completed,,,
TXN008329,2024-04-19,CU0506,SP001,ST006,PR023,1,179,0,179,Credit Card,Completed,,,
TXN004968,2022-05-25,CU0373,SP006,ST004,PR003,1,549,0,549,Gift Card,Returned,,,
TXN004344,2024-04-28,CU0120,SP013,ST012,PR012,2,29,0,58,Credit Card,Completed,,,
TXN006527,2023-08-07,CU0019,SP009,ST002,PR024,1,45,5,42.75,Online Transfer,Completed,,,
TXN002037,2022-12-03,CU0096,SP007,ST007,PR022,1,89,0,89,Cash,Completed,,,
TXN005485,2023-04-02,CU0041,SP012,ST012,PR020,1,159,0,159,Debit Card,Completed,,,
TXN008350,2022-12-05,CU0278,SP015,ST001,PR014,1,139,5,130.38,Credit Card,Completed,,,
TXN007715,2023-08-13,,SP004,ST001,PR026,1,189,0,189,Online Transfer,Cancelled,,,
TXN006361,2023-03-26,CU0302,SP014,ST003,PR030,2,149,0,298,Cash,Returned,,,
TXN002897,2022-06-23,CU0539,SP012,ST003,PR020,4,159,10,572.4,Online Transfer,Completed,,,
TXN002687,2022-07-09,CU0011,SP004,ST002,PR035,2,49,15,83.3,Cash,Returned,,,
TXN006572,2024-06-28,CU0192,SP009,ST005,PR001,1,999,15,849.15,Online Transfer,Completed,,,
TXN007122,2023-06-16,CU0061,SP001,ST001,PR028,1,89,0,89,Credit Card,Completed,,,
TXN004418,2023-03-01,CU0336,SP014,ST005,PR040,4,22,15,74.8,Cash,Returned,,,
TXN008963,2022-08-16,CU0241,SP013,ST009,PR014,2,139,0,278,Credit Card,Completed,,,
TXN001982,2023-09-26,CU0076,SP007,ST012,PR022,1,89,5,84.55,Debit Card,Completed,,,
TXN005033,2024-05-17,CU0263,SP005,ST005,PR025,1,65,5,61.75,Credit Card,Completed,,,
TXN001234,2022-12-09,CU0224,SP003,ST011,PR017,1,99,10,89.1,Debit Card,Completed,,,
TXN004209,2023-11-18,CU0395,SP010,ST012,PR031,1,399,10,359.1,Credit Card,Returned,,,
TXN001144,2024-06-12,CU0297,SP005,ST001,PR032,1,69,0,69,Cash,Completed,,,
TXN003418,2022-10-17,CU0243,SP002,ST006,PR028,2,89,5,146.21,Debit Card,Completed,,,
TXN005785,2022-05-01,CU0181,SP015,ST001,PR022,2,89,0,178,Debit Card,Completed,,,
TXN000873,2022-06-20,CU0512,SP003,ST001,PR011,1,499,5,474.05,Credit Card,Returned,,,
TXN006445,2022-05-17,CU0141,SP015,ST009,PR001,1,999,0,999,Credit Card,Completed,,,
TXN000057,2024-06-30,CU0536,SP013,ST006,PR009,1,379,0,379,Online Transfer,Completed,,,
TXN002246,2024-05-04,CU0331,SP010,ST007,PR028,3,89,10,240.3,Online Transfer,Completed,,,
TXN003311,2023-08-21,CU0345,SP007,ST007,PR011,1,499,10,449.1,Credit Card,Completed,,,
TXN001410,2023-03-14,CU0526,SP008,ST009,PR023,1,179,15,152.15,Online Transfer,Cancelled,,,
TXN008770,2024-06-28,,SP010,ST008,PR022,2,89,15,151.3,Cash,Completed,,,
TXN006055,2022-09-10,CU0317,SP001,ST010,PR025,1,65,0,65,Debit Card,Completed,,,
TXN006088,2023-10-08,CU0009,SP005,ST010,PR030,2,149,15,253.3,Gift Card,Completed,,,
TXN007993,2023-09-21,CU0336,SP003,ST006,PR022,1,89,20,71.2,Credit Card,Completed,,,
TXN004275,2022-06-30,CU0057,SP012,ST006,PR040,1,22,0,22,Credit Card,Completed,,,
TXN001068,2022-02-13,CU0315,SP006,ST011,PR012,1,29,0,29,Credit Card,Completed,,,
TXN005104,2024-04-03,CU0035,SP005,ST007,PR023,2,179,5,340.1,Credit Card,Completed,,,
TXN001523,2022-03-16,,,ST001,PR011,1,499,15,424.15,Online Transfer,Completed,,,
TXN000854,2023-09-26,CU0274,SP015,ST009,PR017,1,99,0,99,Debit Card,Completed,,,
TXN005704,2022-01-24,CU0525,SP014,ST005,PR030,1,149,0,149,Debit Card,Completed,,,
TXN000361,2022-01-31,CU0145,SP002,ST004,PR004,1,299,10,269.1,Credit Card,Completed,,,
TXN006185,2024-05-27,CU0501,SP001,ST001,PR017,1,99,5,94.05,Gift Card,Completed,,,
TXN005024,2023-06-16,CU0528,SP001,ST004,PR001,1,999,5,949.05,Cash,Completed,,,
TXN006782,2024-03-09,CU0299,SP011,ST002,PR017,5,99,20,396,Gift Card,Completed,,,
TXN003883,2022-12-21,CU0350,SP007,ST006,PR007,2,699,0,1398,Credit Card,Completed,,,
TXN002744,2023-06-26,CU0471,SP015,ST011,PR032,3,69,20,165.6,Debit Card,Completed,,,
TXN006289,2022-10-19,CU0101,SP006,ST011,PR008,1,449,20,359.2,Online Transfer,Returned,,,
TXN001583,2022-09-09,CU0090,SP005,ST010,PR024,2,45,0,90,Cash,Returned,,,
TXN000101,2023-04-10,CU0054,SP011,ST011,PR009,1,379,0,344.9,Debit Card,Completed,,,
TXN008525,2022-11-17,CU0285,SP011,ST005,PR023,2,179,5,340.1,Cash,Completed,,,
TXN001517,2022-09-15,CU0124,SP009,ST004,PR021,3,24,0,72,Debit Card,Completed,,,
TXN003223,2023-11-25,CU0343,SP015,ST006,PR010,2,199,0,398,Credit Card,Cancelled,,,
TXN002507,2022-09-17,CU0379,SP008,ST003,PR023,3,179,0,537,Online Transfer,Completed,,,
TXN007103,2022-01-02,CU0035,SP002,ST004,PR024,1,45,0,45,Cash,Completed,,,
TXN008684,2022-01-03,CU0144,SP001,ST003,PR024,2,45,5,85.5,Debit Card,Completed,,,
TXN003023,2024-02-09,CU0198,SP005,ST001,PR019,1,119,10,107.1,Credit Card,Completed,,,
TXN003058,2022-01-15,CU0229,SP014,ST008,PR009,2,379,15,644.3,Credit Card,Completed,,,
TXN006208,2023-01-08,CU0096,SP001,ST004,PR026,2,189,10,340.2,Debit Card,Returned,,,
TXN003552,2022-12-29,CU0044,SP009,ST003,PR019,3,119,10,321.3,Debit Card,Completed,,,
TXN003929,2024-06-26,CU0502,SP012,ST002,PR037,1,289,15,245.65,Credit Card,Completed,,,
TXN001987,2024-01-06,CU0605,SP001,ST012,PR014,1,139,0,139,Cash,Completed,,,
TXN003612,2024-05-05,CU0558,SP003,ST008,PR012,2,29,5,55.1,Cash,Returned,,,
TXN003611,2024-05-10,CU0347,SP007,ST003,PR014,1,139,5,132.05,Credit Card,Completed,,,
TXN006634,2022-11-06,CU0329,SP011,ST009,PR015,1,59,5,56.05,Credit Card,Completed,,,
TXN005752,2023-10-22,CU0337,SP001,ST006,PR015,1,59,15,50.15,Online Transfer,Completed,,,
TXN006379,2022-09-25,CU0301,SP013,ST003,PR003,1,549,10,494.1,Gift Card,Returned,,,
TXN007577,2022-03-14,CU0534,SP014,ST010,PR030,1,149,10,134.1,Debit Card,Returned,,,
TXN000244,2022-09-15,CU0333,SP011,ST012,PR018,4,59,0,236,Cash,Completed,,,
TXN006300,2023-04-11,CU0581,SP010,ST007,PR021,1,24,10,21.6,Credit Card,Completed,,,
TXN005083,2024-01-01,CU0041,SP007,ST011,PR019,1,119,0,119,Credit Card,Completed,,,
TXN007680,2023-06-28,CU0427,SP010,ST006,PR016,2,49,10,88.2,Credit Card,Returned,,,
TXN005097,2023-01-24,CU0419,SP012,ST007,PR023,2,179,0,358,Credit Card,Cancelled,,,
TXN001675,2022-01-03,CU0014,SP003,ST012,PR018,3,59,5,161.79,Online Transfer,Cancelled,,,
TXN008838,2023-01-11,CU0372,SP015,ST007,PR029,1,169,15,143.65,Debit Card,Returned,,,
TXN002157,2023-05-13,CU0309,SP014,ST008,PR017,2,99,10,178.2,Credit Card,Completed,,,
TXN000877,2022-10-30,CU0359,SP008,ST007,PR036,3,249,0,747,Debit Card,Cancelled,,,
TXN005106,2024-04-12,CU0170,SP010,ST001,PR039,2,28,5,53.2,Credit Card,Completed,,,
TXN006844,2024-06-29,CU0302,SP010,ST004,PR023,1,179,0,179,Online Transfer,Completed,,,
TXN002863,2023-05-30,CU0015,SP004,ST004,PR008,1,449,0,449,Cash,Completed,,,
TXN007669,2022-09-20,CU0067,SP007,ST001,PR015,2,59,0,118,Cash,Completed,,,
TXN002121,2024-02-11,CU0016,SP004,ST009,PR001,1,999,5,949.05,Debit Card,Completed,,,
TXN006301,2023-01-01,CU0356,SP011,ST006,PR016,2,49,5,93.1,Debit Card,Completed,,,
TXN008232,2023-08-25,CU0044,SP009,ST008,PR015,1,59,5,56.05,Cash,Completed,,,
TXN008739,2023-08-28,CU0460,SP014,ST007,PR011,1,499,10,449.1,Debit Card,Completed,,,
TXN002301,2023-06-24,CU0023,SP004,ST002,PR013,2,89,10,160.2,Debit Card,Completed,,,
TXN005481,2022-06-14,CU0018,SP001,ST002,PR031,1,399,0,399,Online Transfer,Completed,,,
TXN003064,2023-03-12,CU0430,SP004,ST006,PR015,1,59,10,52.88,Online Transfer,Completed,,,
TXN001837,2022-03-01,CU0109,SP010,ST011,PR029,1,169,10,152.1,Cash,Returned,,,
TXN008648,2022-10-01,CU0115,SP001,ST001,PR034,1,79,5,75.05,Credit Card,Completed,,,
TXN005674,2024-06-28,CU0402,SP007,ST001,PR037,3,289,0,867,Cash,Completed,,,
TXN005161,2023-06-07,CU0476,SP008,ST001,PR031,2,399,5,758.1,Credit Card,Completed,,,
TXN001029,2022-03-18,CU0559,SP005,ST005,PR013,1,89,0,89,Debit Card,Completed,,,
TXN001496,2022-06-17,CU0104,SP012,ST011,PR007,1,699,0,699,Gift Card,Returned,,,
TXN001710,2024-01-17,CU0588,SP008,ST005,PR016,2,49,20,78.4,Debit Card,Completed,,,
TXN008527,2022-02-12,CU0548,SP013,ST001,PR034,2,79,0,158,Cash,Cancelled,,,
TXN007137,2023-08-13,CU0204,SP012,ST010,PR016,1,49,20,39.2,Debit Card,Completed,,,
TXN005111,2023-04-19,CU0175,SP006,ST006,PR011,1,499,5,474.05,Credit Card,Returned,,,
TXN000687,2024-06-09,CU0507,SP014,ST012,PR039,1,28,0,28,Credit Card,Completed,,,
TXN003336,2022-09-26,CU0400,SP002,ST007,PR012,1,29,0,29,Credit Card,Cancelled,,,
TXN006966,2022-05-31,CU0315,,ST012,PR029,4,169,10,608.4,Online Transfer,Completed,,,
TXN007941,2023-07-19,,SP008,ST010,PR011,1,499,0,499,Credit Card,Completed,,,
TXN006716,2023-05-06,CU0406,SP011,ST008,PR020,4,159,5,604.2,Debit Card,Completed,,,
TXN006158,2023-12-05,,SP004,ST011,PR018,1,59,0,59,Gift Card,Cancelled,,,
TXN005586,2022-01-17,CU0527,SP004,ST006,PR038,1,39,0,39,Debit Card,Completed,,,
TXN000039,2022-06-09,,SP012,ST009,PR040,1,22,5,20.9,Credit Card,Completed,,,
TXN000419,2024-01-11,CU0325,SP013,ST006,PR019,2,119,5,226.1,Credit Card,Completed,,,
TXN004165,2023-11-01,CU0270,SP003,ST001,PR016,1,49,10,44.1,Credit Card,Completed,,,
TXN002191,2022-07-16,CU0085,SP001,ST007,PR017,1,99,5,94.05,Debit Card,Completed,,,
TXN008716,2023-09-11,CU0529,SP004,ST011,PR033,3,119,0,357,Online Transfer,Completed,,,
TXN006406,2024-01-10,CU0394,SP015,ST012,PR020,1,159,20,127.2,Cash,Returned,,,
TXN001593,2023-05-04,CU0033,SP007,ST012,PR011,1,499,5,474.05,Gift Card,Completed,,,
TXN001778,2023-09-22,CU0154,SP011,ST005,PR014,1,139,5,132.05,Cash,Completed,,,
TXN006133,2023-03-17,,SP009,ST005,PR018,4,59,10,212.4,Credit Card,Completed,,,
TXN001874,2022-10-19,CU0297,SP008,ST012,PR015,1,59,0,59,Credit Card,Completed,,,
TXN008889,2022-01-09,CU0053,SP015,ST012,PR020,4,159,5,604.2,Credit Card,Cancelled,,,
TXN004301,2023-07-30,CU0377,SP007,ST006,PR018,1,59,0,59,Cash,Completed,,,
TXN002117,2022-07-29,CU0399,SP006,ST011,PR034,1,79,0,79,Cash,Cancelled,,,
TXN005065,2023-09-26,CU0497,SP009,ST004,PR024,5,45,5,213.75,Debit Card,Completed,,,
TXN004318,2023-09-12,CU0105,SP010,ST011,PR020,2,159,5,302.1,Online Transfer,Completed,,,
TXN003912,2022-01-28,CU0590,SP009,ST001,PR017,1,99,15,84.15,Gift Card,Completed,,,
TXN003662,2024-02-04,CU0168,SP011,ST005,PR031,1,399,10,359.1,Cash,Cancelled,,,
TXN001169,2023-11-30,CU0087,SP008,ST008,PR037,1,289,0,289,Credit Card,Completed,,,
TXN001475,2022-09-12,CU0413,SP008,ST004,PR025,2,65,0,130,Cash,Completed,,,
TXN005336,2022-06-16,CU0226,SP004,ST004,PR039,2,28,10,50.4,Debit Card,Cancelled,,,
TXN002423,2023-11-17,CU0058,SP005,ST002,PR019,1,119,0,119,Credit Card,Completed,,,
TXN001851,2022-01-24,CU0353,SP008,ST009,PR027,4,129,0,516,Cash,Completed,,,
TXN004339,2022-08-18,CU0061,SP014,ST006,PR030,1,149,0,149,Online Transfer,Completed,,,
TXN007081,2022-01-23,CU0134,,ST010,PR028,3,89,5,253.65,Gift Card,Completed,,,
TXN006720,2023-03-08,CU0456,SP004,ST002,PR017,1,99,5,94.05,Debit Card,Completed,,,
TXN004004,2024-06-04,CU0557,SP012,ST012,PR009,1,379,15,322.15,Credit Card,Completed,,,
TXN002692,2022-08-13,,SP010,ST003,PR037,1,289,10,260.1,Gift Card,Completed,,,
TXN002342,2023-04-25,CU0467,SP015,ST010,PR010,2,199,10,358.2,Debit Card,Completed,,,
TXN005409,2022-05-23,CU0022,SP012,ST012,PR017,4,99,10,356.4,Cash,Completed,,,
TXN007071,2022-11-21,CU0550,SP012,ST004,PR037,2,289,0,578,Online Transfer,Completed,,,
TXN006352,2023-04-30,CU0215,SP012,ST003,PR032,2,69,5,131.1,Online Transfer,Completed,,,
TXN005137,2024-06-15,CU0141,SP013,ST002,PR030,2,149,5,283.1,Debit Card,Completed,,,
TXN001404,2023-12-31,CU0568,SP006,ST003,PR009,1,379,0,379,Debit Card,Completed,,,
TXN005961,2022-09-08,CU0528,SP008,ST012,PR027,2,129,20,206.4,Online Transfer,Completed,,,
TXN000358,2022-07-28,CU0018,SP006,ST009,PR021,1,24,0,24,Debit Card,Completed,,,
TXN008193,2024-05-28,CU0588,SP009,ST008,PR022,2,89,0,178,Debit Card,Returned,,,
TXN003124,2023-06-04,CU0174,SP015,ST001,PR037,1,289,0,289,Debit Card,Cancelled,,,
TXN000969,2024-01-07,CU0362,SP006,ST007,PR028,2,89,15,151.3,Online Transfer,Completed,,,
TXN002292,2022-11-07,CU0016,SP003,ST003,PR033,1,119,15,101.15,Debit Card,Returned,,,
TXN004589,2024-05-13,CU0099,SP014,ST006,PR018,1,59,10,53.1,Credit Card,Completed,,,
TXN002329,2023-10-06,CU0423,SP014,ST006,PR039,2,28,0,56,Credit Card,Completed,,,
TXN005166,2023-04-04,CU0373,SP011,ST007,PR005,1,129,15,109.65,Credit Card,Completed,,,
TXN000408,2024-01-16,CU0130,SP005,ST005,PR021,5,24,5,114,Cash,Cancelled,,,
TXN004527,2023-05-07,CU0503,SP004,ST012,PR026,1,189,20,151.2,Credit Card,Completed,,,
TXN001249,2023-07-04,CU0235,SP003,ST011,PR038,1,39,0,39,Debit Card,Completed,,,
TXN001087,2022-09-29,CU0501,SP010,ST011,PR036,2,249,15,423.3,Debit Card,Completed,,,
TXN000929,2022-11-16,CU0431,SP002,ST011,PR016,3,49,0,147,Gift Card,Completed,,,
TXN007950,2022-07-21,CU0063,SP013,ST007,PR034,2,79,10,142.2,Credit Card,Returned,,,
TXN008070,2024-01-17,CU0385,SP014,ST008,PR038,2,39,0,78,Cash,Completed,,,
TXN007006,2023-03-24,CU0162,SP010,ST010,PR011,3,499,15,1272.45,Cash,Completed,,,
TXN005652,2024-01-20,CU0137,SP014,ST007,PR018,2,59,5,112.1,Credit Card,Completed,,,
TXN008737,2023-10-30,CU0496,SP004,ST002,PR033,1,119,20,95.2,Gift Card,Completed,,,
TXN003076,2022-10-05,CU0363,SP003,ST001,PR018,1,59,5,56.05,Credit Card,Cancelled,,,
TXN008122,2022-05-31,CU0596,SP008,ST008,PR023,2,179,0,358,Debit Card,Completed,,,
TXN001031,2024-05-01,CU0482,SP009,ST002,PR038,3,39,10,105.3,Credit Card,Completed,,,
TXN007856,2024-04-18,,SP005,ST009,PR033,2,119,0,238,Credit Card,Returned,,,
TXN000393,2022-04-02,CU0422,SP002,ST008,PR031,2,399,15,678.3,Debit Card,Completed,,,
TXN000068,2024-01-30,CU0173,SP002,ST006,PR040,1,22,20,17.6,Debit Card,Completed,,,
TXN004691,2022-04-10,CU0050,SP009,ST002,PR035,2,49,5,93.1,Online Transfer,Returned,,,
TXN008564,2022-12-14,CU0530,SP010,ST012,PR010,2,199,0,398,Online Transfer,Completed,,,
TXN004246,2022-09-06,CU0519,SP015,ST003,PR016,1,49,10,44.1,Gift Card,Completed,,,
TXN004890,2024-04-08,CU0581,SP012,ST006,PR028,3,89,20,213.6,Debit Card,Cancelled,,,
TXN005060,2023-10-12,CU0596,SP014,ST004,PR029,1,169,0,169,Debit Card,Completed,,,
TXN003565,2022-12-20,CU0275,SP013,ST005,PR028,2,89,10,160.2,Online Transfer,Completed,,,
TXN006297,2023-07-07,CU0423,SP008,ST012,PR004,2,299,20,478.4,Cash,Completed,,,
TXN003843,2023-04-08,CU0490,SP012,ST005,PR032,3,69,0,207,Gift Card,Cancelled,,,
TXN007633,2022-02-23,CU0068,SP014,ST011,PR026,1,189,0,189,Debit Card,Completed,,,
TXN008116,2023-04-05,CU0464,SP014,ST002,PR040,4,22,10,79.2,Debit Card,Completed,,,
TXN003976,2022-06-30,CU0529,SP001,ST012,PR009,1,379,10,341.1,Credit Card,Returned,,,
TXN003882,2022-05-09,CU0085,SP011,ST007,PR019,2,119,10,214.2,Credit Card,Completed,,,
TXN002031,2023-03-25,CU0072,SP014,ST010,PR029,1,169,15,143.65,Credit Card,Completed,,,
TXN006085,2022-04-03,CU0309,SP010,ST005,PR019,2,119,0,238,Credit Card,Completed,,,
TXN000414,2022-11-23,CU0337,SP004,ST008,PR024,1,45,0,45,Debit Card,Completed,,,
TXN008611,2024-03-19,CU0327,SP005,ST001,PR009,1,379,5,360.05,Cash,Returned,,,
TXN000521,2022-12-29,CU0228,SP012,ST002,PR016,2,49,5,93.1,Cash,Completed,,,
TXN001614,2023-05-01,CU0595,SP010,ST003,PR031,2,399,20,638.4,Gift Card,Completed,,,
TXN008693,2022-12-02,CU0555,SP010,ST006,PR039,3,28,10,75.6,Gift Card,Completed,,,
TXN000804,2023-04-14,CU0170,SP015,ST008,PR021,2,24,0,48,Credit Card,Completed,,,
TXN002401,2024-01-29,CU0592,SP015,ST007,PR032,2,69,0,131.26,Credit Card,Completed,,,
TXN001557,2023-08-26,CU0601,SP006,ST001,PR020,1,159,15,135.15,Online Transfer,Returned,,,
TXN001715,2022-12-04,CU0576,,ST006,PR012,1,29,0,29,Debit Card,Completed,,,
TXN008773,2024-06-19,,SP006,ST008,PR013,1,89,20,71.2,Online Transfer,Completed,,,
TXN003057,2023-06-02,CU0168,SP001,ST001,PR027,1,129,5,122.55,Credit Card,Returned,,,
TXN003002,2023-10-05,CU0594,SP002,ST006,PR008,1,449,0,449,Online Transfer,Completed,,,
TXN007034,2023-03-10,CU0380,SP004,ST005,PR034,1,79,0,79,Online Transfer,Completed,,,
TXN000308,2023-12-25,CU0450,SP006,ST008,PR022,1,89,10,80.1,Cash,Completed,,,
TXN004439,2023-05-16,CU0137,SP013,ST009,PR038,1,39,0,39,Debit Card,Cancelled,,,
TXN007386,2023-08-21,CU0441,SP012,ST001,PR035,1,49,15,41.65,Online Transfer,Completed,,,
TXN006605,2023-05-08,CU0039,SP010,ST011,PR023,4,179,0,716,Credit Card,Completed,,,
TXN003852,2022-05-06,CU0468,SP006,ST009,PR028,2,89,0,178,Debit Card,Completed,,,
TXN007695,2024-01-28,CU0230,SP014,ST010,PR033,2,119,5,226.1,Cash,Completed,,,
TXN000110,2022-03-16,CU0061,SP001,ST006,PR038,1,39,5,37.05,Gift Card,Completed,,,
TXN007953,2024-06-08,CU0551,SP007,ST004,PR034,1,79,0,79,Gift Card,Cancelled,,,
TXN007707,2024-03-26,CU0020,SP003,ST008,PR011,2,499,0,998,Credit Card,Returned,,,
TXN005426,2022-06-08,CU0367,SP008,ST001,PR031,1,399,20,319.2,Cash,Completed,,,
TXN003730,2022-08-11,CU0218,SP002,ST003,PR004,1,299,10,269.1,Credit Card,Completed,,,
TXN001259,2023-04-17,CU0042,SP007,ST004,PR029,3,169,0,507,Online Transfer,Completed,,,
TXN005232,2023-02-17,CU0350,SP014,ST011,PR003,1,549,0,554.17,Debit Card,Completed,,,
TXN007128,2022-11-16,CU0415,SP004,ST003,PR013,1,89,5,84.55,Debit Card,Completed,,,
TXN002751,2022-11-30,CU0154,SP007,ST008,PR038,3,39,0,117,Online Transfer,Completed,,,
TXN002406,2022-05-21,CU0278,,ST007,PR001,1,999,0,999,Online Transfer,Completed,,,
TXN007687,2022-04-26,CU0389,SP001,ST006,PR009,2,379,0,758,Credit Card,Completed,,,
TXN001237,2024-05-09,CU0365,SP004,ST001,PR026,4,189,15,642.6,Debit Card,Completed,,,
TXN008257,2024-04-26,CU0437,SP001,ST006,PR028,1,89,0,89,Debit Card,Completed,,,
TXN008620,2022-12-03,CU0560,SP005,ST010,PR012,1,29,5,27.55,Debit Card,Completed,,,
TXN002593,2023-03-01,CU0135,SP012,ST001,PR027,3,129,10,348.3,Online Transfer,Completed,,,
TXN003522,2022-08-02,CU0492,SP005,ST004,PR009,3,379,20,909.6,Credit Card,Completed,,,
TXN005673,2023-01-13,CU0449,SP015,ST008,PR019,3,119,10,321.3,Credit Card,Completed,,,
TXN006706,2023-12-11,CU0186,SP003,ST004,PR006,1,79,0,79,Gift Card,Completed,,,
TXN002708,2022-01-18,CU0292,SP014,ST006,PR036,2,249,5,473.1,Debit Card,Returned,,,
TXN006590,2023-08-22,CU0570,,ST004,PR020,2,159,15,270.3,Cash,Cancelled,,,
TXN005666,2022-03-22,CU0286,SP010,ST004,PR017,2,99,0,198,Cash,Cancelled,,,
TXN000767,2024-01-05,CU0329,SP011,ST009,PR010,2,199,10,358.2,Credit Card,Completed,,,
TXN006688,2023-11-01,CU0239,SP002,ST004,PR024,4,45,0,180,Debit Card,Cancelled,,,
TXN005275,2022-05-04,CU0469,SP011,ST008,PR040,2,22,0,44,Debit Card,Completed,,,
TXN005681,2022-01-26,CU0317,SP011,ST011,PR015,2,59,10,106.2,Credit Card,Returned,,,
TXN005415,2023-11-16,CU0035,SP014,ST012,PR016,1,49,0,49,Online Transfer,Completed,,,
TXN003677,2022-12-06,CU0276,SP002,ST002,PR020,3,159,10,429.3,Debit Card,Completed,,,
TXN006357,2022-03-01,CU0143,SP001,ST007,PR035,1,49,15,41.65,Online Transfer,Returned,,,
TXN006404,2022-07-21,CU0238,SP004,ST006,PR018,2,59,0,118,Credit Card,Returned,,,
TXN005826,2024-03-23,CU0531,SP003,ST005,PR017,2,99,10,178.2,Credit Card,Completed,,,
TXN003872,2022-08-01,CU0593,SP011,ST006,PR004,1,299,15,254.15,Debit Card,Cancelled,,,
TXN003566,2022-04-03,CU0170,SP006,ST007,PR033,1,119,0,119,Cash,Completed,,,
TXN004596,2024-01-11,CU0283,SP005,ST006,PR001,1,999,0,999,Credit Card,Completed,,,
TXN003191,2024-05-10,CU0456,SP002,ST005,PR023,1,179,0,179,Online Transfer,Cancelled,,,
TXN002683,2023-05-28,CU0343,SP015,ST012,PR022,5,89,10,400.5,Online Transfer,Returned,,,
TXN004310,2022-01-29,CU0162,SP003,ST006,PR009,1,379,0,379,Credit Card,Completed,,,
TXN006108,2022-06-28,CU0604,SP009,ST003,PR040,3,22,15,56.1,Debit Card,Completed,,,
TXN006686,2024-02-10,CU0603,SP004,ST012,PR024,1,45,5,42.75,Online Transfer,Completed,,,
TXN008987,2024-01-13,CU0456,SP009,ST001,PR024,2,45,5,85.5,Debit Card,Completed,,,
TXN002483,2023-03-14,CU0090,SP003,ST008,PR012,2,29,0,58,Credit Card,Completed,,,
TXN008455,2023-04-18,CU0090,SP006,ST008,PR015,2,59,0,118,Cash,Completed,,,
TXN003530,2023-12-02,CU0465,SP010,ST004,PR033,1,119,5,113.05,Online Transfer,Completed,,,
TXN005456,2024-03-19,CU0167,SP009,ST005,PR001,1,999,5,949.05,Gift Card,Returned,,,
TXN008733,2024-04-24,CU0148,SP008,ST008,PR030,1,149,0,149,Debit Card,Completed,,,
TXN006718,2022-09-30,CU0294,SP006,ST001,PR037,2,289,15,491.3,Credit Card,Completed,,,
TXN005892,2023-08-26,CU0240,SP007,ST003,PR003,1,549,0,549,Online Transfer,Completed,,,
TXN005375,2023-08-17,CU0516,SP002,ST006,PR040,2,22,0,44,Gift Card,Cancelled,,,
TXN005916,2023-07-19,CU0566,SP011,ST012,PR040,1,22,5,20.9,Credit Card,Cancelled,,,
TXN000518,2022-05-25,CU0566,SP014,ST009,PR031,1,399,0,399,Debit Card,Completed,,,
TXN006894,2023-05-12,CU0018,SP015,ST011,PR010,2,199,10,358.2,Credit Card,Completed,,,
TXN001852,2023-11-15,CU0228,SP014,ST011,PR026,3,189,10,510.3,Online Transfer,Completed,,,
TXN004709,2023-03-06,CU0344,SP008,ST002,PR039,3,28,0,84,Debit Card,Completed,,,
TXN001879,2022-05-19,CU0498,SP002,ST009,PR017,1,99,0,99,Cash,Completed,,,
TXN002590,2022-03-27,CU0606,SP004,ST004,PR033,1,119,0,119,Debit Card,Completed,,,
TXN003194,2023-01-01,CU0186,SP001,ST009,PR025,5,65,5,308.75,Online Transfer,Returned,,,
TXN000443,2024-06-16,CU0272,SP015,ST011,PR017,1,99,20,79.2,Gift Card,Completed,,,
TXN007118,2022-07-26,CU0523,SP010,ST001,PR027,2,129,0,258,Cash,Cancelled,,,
TXN005955,2022-05-08,CU0540,SP007,ST005,PR020,1,159,5,151.05,Debit Card,Completed,,,
TXN006522,2022-01-26,CU0178,SP008,ST005,PR026,2,189,5,359.1,Debit Card,Cancelled,,,
TXN006541,2022-01-14,CU0512,SP011,ST009,PR020,3,159,0,477,Online Transfer,Completed,,,
TXN005389,2023-10-11,CU0463,SP010,ST010,PR040,2,22,15,37.4,Online Transfer,Completed,,,
TXN003249,2023-07-29,CU0155,SP014,ST007,PR013,1,89,0,89,Credit Card,Completed,,,
TXN003745,2023-03-17,CU0125,SP005,ST007,PR017,5,99,0,495,Credit Card,Completed,,,
TXN006143,2024-06-29,CU0020,SP010,ST007,PR031,1,399,0,399,Debit Card,Completed,,,
TXN007175,2022-02-18,CU0486,SP013,ST011,PR019,1,119,0,119,Debit Card,Completed,,,
TXN008473,2023-02-03,CU0542,SP001,ST007,PR037,1,289,0,289,Online Transfer,Completed,,,
TXN004351,2022-01-26,CU0085,SP008,ST009,PR015,1,59,20,47.2,Online Transfer,Cancelled,,,
TXN003416,2023-07-12,CU0505,SP006,ST001,PR001,2,999,10,1798.2,Cash,Completed,,,
TXN004604,2022-04-04,CU0092,SP012,ST004,PR020,2,159,0,318,Gift Card,Completed,,,
TXN002513,2022-06-05,CU0154,SP004,ST009,PR018,2,59,5,112.1,Cash,Cancelled,,,
TXN000397,2024-05-10,CU0326,SP006,ST003,PR039,4,28,0,112,Debit Card,Returned,,,
TXN008707,2023-08-07,,SP005,ST011,PR019,2,119,5,226.1,Credit Card,Cancelled,,,
TXN005429,2024-01-16,CU0088,,ST004,PR021,1,24,10,21.6,Debit Card,Completed,,,
TXN007042,2023-06-03,CU0007,SP005,ST009,PR027,2,129,0,258,Online Transfer,Completed,,,
TXN002326,2024-02-29,CU0527,SP002,ST003,PR038,3,39,0,117,Cash,Completed,,,
TXN002063,2024-03-11,CU0591,SP013,ST004,PR021,1,24,0,24,Cash,Completed,,,
TXN000807,2022-11-01,CU0123,SP005,ST003,PR013,2,89,0,178,Cash,Completed,,,
TXN000017,2022-04-11,CU0423,SP014,ST004,PR018,1,59,10,53.1,Credit Card,Returned,,,
TXN004899,2024-05-07,CU0163,SP007,ST006,PR032,4,69,20,220.8,Debit Card,Completed,,,
TXN006263,2024-04-26,CU0426,SP004,ST012,PR001,3,999,0,2997,Online Transfer,Completed,,,
TXN007299,2023-11-29,CU0198,SP013,ST009,PR022,1,89,15,75.65,Credit Card,Completed,,,
TXN008687,2024-03-25,CU0069,SP005,ST001,PR019,1,119,20,95.2,Credit Card,Cancelled,,,
TXN008798,2023-12-04,CU0054,SP014,ST005,PR021,4,24,10,86.4,Online Transfer,Completed,,,
TXN007460,2022-02-20,CU0153,SP009,ST011,PR020,4,159,0,636,Online Transfer,Completed,,,
TXN004499,2023-02-12,CU0582,SP008,ST007,PR021,1,24,0,24,Cash,Returned,,,
TXN008236,2022-06-23,CU0324,SP002,ST003,PR004,2,299,15,508.3,Credit Card,Completed,,,
TXN007295,2024-04-23,CU0269,SP006,ST002,PR004,2,299,0,598,Gift Card,Returned,,,
TXN005135,2022-02-02,CU0486,SP013,ST004,PR007,3,699,5,1992.15,Credit Card,Completed,,,
TXN001357,2022-11-20,CU0596,SP007,ST004,PR020,2,159,0,318,Credit Card,Completed,,,
TXN007176,2024-02-08,CU0184,SP003,ST007,PR036,2,249,0,498,Cash,Returned,,,
TXN000496,2023-02-23,CU0082,SP005,ST010,PR023,5,179,10,805.5,Online Transfer,Completed,,,
TXN008218,2022-12-29,CU0218,SP001,ST008,PR006,1,79,0,79,Cash,Completed,,,
TXN002053,2022-12-18,,SP005,ST004,PR017,3,99,20,237.6,Credit Card,Completed,,,
TXN003062,2023-01-13,CU0280,SP012,ST011,PR023,1,179,5,170.05,Credit Card,Completed,,,
TXN001855,2023-08-04,CU0306,SP006,ST003,PR022,3,89,10,209.06,Credit Card,Completed,,,
TXN008859,2024-05-26,CU0322,SP009,ST001,PR034,1,79,0,79,Credit Card,Completed,,,
TXN003039,2022-09-09,CU0061,SP002,ST005,PR028,1,89,5,84.55,Credit Card,Completed,,,
TXN001946,2023-05-06,CU0129,SP011,ST009,PR023,5,179,10,805.5,Debit Card,Completed,,,
TXN006328,2023-03-28,CU0031,SP011,ST012,PR037,1,289,5,274.55,Credit Card,Completed,,,
TXN002748,2022-10-22,CU0206,SP014,ST008,PR006,3,79,0,237,Credit Card,Completed,,,
TXN008112,2024-06-17,CU0555,SP010,ST008,PR040,3,22,20,52.8,Credit Card,Completed,,,
TXN007572,2023-05-27,CU0476,SP002,ST002,PR002,1,749,0,749,Credit Card,Completed,,,
TXN006249,2022-02-21,CU0482,SP009,ST008,PR003,1,549,0,549,Online Transfer,Completed,,,
TXN003732,2022-01-25,CU0025,SP014,ST005,PR006,1,79,10,71.1,Debit Card,Completed,,,
TXN002635,2023-05-27,CU0223,SP008,ST007,PR040,1,22,0,22,Credit Card,Completed,,,
TXN004943,2022-04-02,,SP009,ST010,PR017,2,99,0,198,Online Transfer,Completed,,,
TXN007280,2023-09-03,CU0089,SP015,ST006,PR011,1,499,5,474.05,Debit Card,Returned,,,
TXN001731,2024-04-23,CU0497,SP014,ST010,PR036,1,249,5,236.55,Credit Card,Completed,,,
TXN008492,2024-02-09,CU0153,SP013,ST009,PR002,3,749,5,2134.65,Credit Card,Completed,,,
TXN001246,2023-12-27,CU0348,SP015,ST004,PR021,3,24,20,57.6,Credit Card,Returned,,,
TXN005601,2023-03-06,CU0135,SP001,ST006,PR030,2,149,20,238.4,Credit Card,Cancelled,,,
TXN004705,2022-03-11,CU0030,SP002,ST008,PR003,2,549,10,988.2,Debit Card,Returned,,,
TXN002516,2022-02-03,CU0072,SP004,ST007,PR033,2,119,0,238,Online Transfer,Completed,,,
TXN001502,2023-09-12,CU0365,SP003,ST006,PR013,2,89,0,178,Cash,Completed,,,
TXN005295,2022-01-27,CU0330,SP005,ST008,PR008,2,449,0,898,Online Transfer,Returned,,,
TXN000897,2022-06-11,CU0528,SP002,ST008,PR025,2,65,0,130,Debit Card,Completed,,,
TXN000884,2024-01-15,CU0068,SP004,ST008,PR037,1,289,10,260.1,Cash,Completed,,,
TXN004288,2023-10-11,CU0078,SP005,ST006,PR001,1,999,0,999,Cash,Completed,,,
TXN003149,2024-03-10,CU0318,SP001,ST011,PR011,1,499,10,449.1,Debit Card,Completed,,,
TXN006375,2022-09-18,CU0216,SP001,ST005,PR006,1,79,5,75.05,Debit Card,Returned,,,
TXN000669,2022-09-13,CU0190,SP012,ST011,PR015,2,59,10,106.2,Debit Card,Completed,,,
TXN008988,2022-03-14,CU0212,SP003,ST004,PR015,1,59,0,59,Credit Card,Returned,,,
TXN003177,2023-03-25,CU0537,SP014,ST009,PR009,1,379,0,379,Debit Card,Completed,,,
TXN000815,2023-11-23,CU0369,SP007,ST002,PR025,4,65,5,247,Cash,Cancelled,,,
TXN004652,2022-07-31,CU0319,SP012,ST010,PR006,1,79,10,71.1,Credit Card,Returned,,,
TXN006000,2023-01-29,CU0219,SP006,ST007,PR021,1,24,5,22.8,Credit Card,Cancelled,,,
TXN001406,2023-01-07,CU0095,SP005,ST008,PR020,1,159,0,159,Cash,Completed,,,
TXN006432,2023-03-21,CU0451,SP008,ST003,PR021,4,24,0,96,Debit Card,Cancelled,,,
TXN004487,2022-07-27,CU0125,SP012,ST002,PR022,5,89,0,445,Credit Card,Completed,,,
TXN004749,2022-12-05,CU0032,SP011,ST006,PR021,5,24,10,108,Online Transfer,Returned,,,
TXN008154,2023-02-11,CU0369,SP002,ST004,PR036,4,249,20,796.8,Credit Card,Completed,,,
TXN007492,2022-08-11,CU0492,SP015,ST002,PR034,2,79,15,134.3,Online Transfer,Cancelled,,,
TXN007961,2023-10-29,CU0442,SP009,ST011,PR021,2,24,0,48,Cash,Completed,,,
TXN005136,2022-09-03,CU0208,SP014,ST005,PR022,2,89,0,178,Cash,Completed,,,
TXN000398,2024-04-28,CU0592,SP007,ST003,PR038,1,39,0,39,Debit Card,Completed,,,
TXN001916,2024-04-10,CU0063,SP003,ST006,PR007,1,699,5,664.05,Gift Card,Completed,,,
TXN004986,2023-05-18,CU0468,SP005,ST002,PR020,1,159,10,143.1,Debit Card,Returned,,,
TXN006456,2023-06-09,CU0361,SP002,ST007,PR036,1,249,0,249,Debit Card,Completed,,,
TXN001033,2022-09-25,CU0430,SP003,ST010,PR023,3,179,10,483.3,Cash,Cancelled,,,
TXN001143,2022-06-19,CU0286,SP013,ST005,PR022,1,89,20,71.2,Debit Card,Completed,,,
TXN003875,2023-02-18,CU0019,SP014,ST008,PR031,1,399,10,359.1,Debit Card,Returned,,,
TXN004560,2023-10-06,CU0386,SP007,ST001,PR035,3,49,0,147,Cash,Completed,,,
TXN006778,2024-03-15,CU0073,SP007,ST005,PR034,2,79,0,158,Cash,Cancelled,,,
TXN000552,2022-09-18,CU0208,SP002,ST010,PR008,2,449,5,853.1,Cash,Completed,,,
TXN003327,2023-05-14,CU0267,SP005,ST008,PR020,2,159,10,286.2,Online Transfer,Returned,,,
TXN005513,2024-02-02,CU0454,SP008,ST010,PR038,1,39,0,39,Gift Card,Returned,,,
TXN002734,2024-03-17,CU0599,SP007,ST011,PR033,3,119,10,321.3,Cash,Completed,,,
TXN007172,2022-09-05,CU0413,SP012,ST009,PR019,1,119,0,119,Credit Card,Returned,,,
TXN001471,2023-08-08,CU0542,SP015,ST004,PR018,5,59,0,295,Online Transfer,Completed,,,
TXN001535,2022-10-31,CU0309,SP009,ST006,PR029,2,169,10,304.2,Cash,Completed,,,
TXN000425,2022-11-26,CU0495,SP004,ST002,PR013,1,89,0,89,Online Transfer,Completed,,,
TXN006237,2023-06-16,CU0134,SP003,ST008,PR007,1,699,5,664.05,Credit Card,Completed,,,
TXN008093,2023-01-24,CU0200,SP010,ST004,PR008,1,449,10,404.1,Debit Card,Completed,,,
TXN000417,2023-09-08,CU0393,SP004,ST010,PR002,1,749,20,599.2,Online Transfer,Completed,,,
TXN000788,2022-09-12,CU0434,SP012,ST001,PR015,1,59,5,56.05,Cash,Returned,,,
TXN007987,2023-04-18,CU0456,SP008,ST011,PR017,1,99,0,99,Cash,Completed,,,
TXN001861,2022-11-12,CU0339,SP006,ST004,PR038,1,39,0,39,Debit Card,Cancelled,,,
TXN000473,2023-05-28,CU0573,SP014,ST003,PR033,1,119,10,107.1,Cash,Completed,,,
TXN007423,2024-06-17,CU0259,SP009,ST008,PR026,3,189,0,567,Online Transfer,Completed,,,
TXN006763,2022-01-10,CU0296,SP001,ST005,PR012,1,29,5,27.55,Cash,Cancelled,,,
TXN006184,2024-02-13,CU0578,SP012,ST012,PR040,2,22,20,35.2,Online Transfer,Completed,,,
TXN001712,2022-09-21,CU0519,SP007,ST001,PR025,2,65,5,123.5,Credit Card,Completed,,,
TXN004123,2022-02-01,CU0199,SP013,ST003,PR032,3,69,0,207,Cash,Returned,,,
TXN006378,2023-04-15,CU0419,SP006,ST006,PR035,1,49,5,46.55,Credit Card,Completed,,,
TXN000449,2022-09-12,CU0396,SP007,ST007,PR039,1,28,5,26.6,Cash,Completed,,,
TXN002015,2022-01-04,,SP009,ST004,PR021,2,24,0,48,Credit Card,Completed,,,
TXN004434,2024-06-11,CU0456,SP007,ST012,PR012,1,29,0,29,Credit Card,Completed,,,
TXN003878,2022-02-16,CU0600,SP015,ST001,PR036,4,249,0,996,Cash,Completed,,,
TXN003710,2023-01-14,CU0139,SP011,ST008,PR031,4,399,0,1596,Online Transfer,Completed,,,
TXN003361,2022-01-13,CU0184,SP006,ST012,PR034,2,79,20,126.4,Debit Card,Completed,,,
TXN003683,2022-01-17,CU0200,SP014,ST004,PR018,4,59,0,236,Debit Card,Cancelled,,,
TXN002493,2022-05-01,CU0201,SP011,ST008,PR039,2,28,0,56,Gift Card,Completed,,,
TXN000025,2024-05-28,CU0598,SP001,ST008,PR021,1,24,10,21.6,Online Transfer,Cancelled,,,
TXN004363,2024-06-05,,SP011,ST002,PR028,4,89,10,320.4,Debit Card,Completed,,,
TXN001596,2022-10-01,CU0080,SP013,ST008,PR009,1,379,10,341.1,Online Transfer,Returned,,,
TXN003944,2023-08-25,CU0279,SP012,ST010,PR025,3,65,20,156,Debit Card,Completed,,,
TXN006735,2023-08-28,CU0277,SP001,ST009,PR030,1,149,10,134.1,Credit Card,Cancelled,,,
TXN000736,2023-10-22,CU0390,,ST005,PR022,1,89,0,89,Cash,Completed,,,
TXN006986,2022-08-17,CU0358,SP007,ST005,PR017,2,99,5,188.1,Cash,Completed,,,
TXN007251,2024-05-26,CU0380,SP008,ST006,PR033,2,119,5,226.1,Debit Card,Cancelled,,,
TXN006677,2024-05-14,CU0446,SP006,ST005,PR030,1,149,0,149,Debit Card,Returned,,,
TXN002942,2024-01-29,CU0171,SP001,ST007,PR004,1,299,5,284.05,Debit Card,Completed,,,
TXN006390,2023-04-21,CU0119,SP006,ST006,PR023,1,179,10,161.1,Debit Card,Completed,,,
TXN002582,2023-12-29,CU0072,SP011,ST010,PR037,1,289,5,274.55,Debit Card,Completed,,,
TXN005611,2024-06-24,CU0392,SP001,ST005,PR003,1,549,10,494.1,Debit Card,Completed,,,
TXN006813,2023-10-17,CU0490,SP013,ST005,PR012,1,29,15,24.65,Online Transfer,Completed,,,
TXN005073,2023-05-14,CU0197,SP002,ST008,PR008,2,449,0,898,Credit Card,Completed,,,
TXN003145,2023-10-08,CU0089,SP015,ST010,PR027,1,129,5,122.55,Online Transfer,Completed,,,
TXN003381,2023-04-04,CU0428,SP006,ST001,PR035,1,49,0,49,Debit Card,Completed,,,
TXN002561,2024-04-28,CU0545,SP007,ST004,PR007,1,699,20,559.2,Cash,Completed,,,
TXN007586,2022-08-27,CU0214,SP014,ST010,PR035,3,49,0,147,Cash,Completed,,,
TXN006991,2023-05-07,CU0437,SP011,ST011,PR024,1,45,0,45,Debit Card,Completed,,,
TXN005116,2024-04-19,CU0594,SP014,ST007,PR029,1,169,15,143.65,Online Transfer,Returned,,,
TXN005743,2023-11-26,CU0345,SP015,ST009,PR023,2,179,0,358,Credit Card,Completed,,,
TXN007304,2022-07-06,CU0340,SP010,ST009,PR034,1,79,5,75.05,Credit Card,Completed,,,
TXN006660,2022-03-19,CU0506,SP006,ST010,PR004,1,299,15,254.15,Credit Card,Completed,,,
TXN002503,2023-07-15,CU0201,SP007,ST010,PR034,1,79,0,79,Credit Card,Completed,,,
TXN000220,2023-05-01,CU0602,SP013,ST009,PR031,2,399,10,718.2,Credit Card,Completed,,,
TXN006047,2023-10-20,CU0334,SP013,ST012,PR025,1,65,5,61.75,Cash,Returned,,,
TXN008076,2024-05-30,CU0252,SP009,ST003,PR029,1,169,0,169,Debit Card,Returned,,,
TXN005731,2024-02-25,CU0138,SP011,ST008,PR029,2,169,10,304.2,Credit Card,Completed,,,
TXN001546,2023-03-13,CU0504,SP002,ST007,PR009,2,379,0,758,Debit Card,Completed,,,
TXN000706,2023-08-12,CU0472,SP010,ST008,PR022,2,89,0,178,Debit Card,Completed,,,
TXN006824,2022-07-11,CU0233,SP015,ST010,PR026,1,189,15,160.65,Credit Card,Returned,,,
TXN001839,2024-02-18,CU0415,SP006,ST001,PR013,2,89,10,160.2,Credit Card,Completed,,,
TXN007769,2023-10-24,CU0406,SP002,ST003,PR031,1,399,0,399,Debit Card,Completed,,,
TXN003126,2023-06-05,CU0171,SP003,ST012,PR038,2,39,0,78,Cash,Completed,,,
TXN002480,2023-12-26,,SP015,ST008,PR025,1,65,0,65,Cash,Completed,,,
TXN003125,2023-02-28,CU0092,SP004,ST007,PR030,1,149,5,141.55,Online Transfer,Completed,,,
TXN000839,2024-05-09,CU0231,SP014,ST005,PR019,3,119,0,357,Online Transfer,Completed,,,
TXN005740,2024-05-04,CU0458,SP003,ST008,PR013,1,89,10,80.1,Credit Card,Completed,,,
TXN001420,2024-05-12,CU0184,SP003,ST002,PR020,2,159,15,270.3,Online Transfer,Completed,,,
TXN004346,2024-05-12,CU0293,SP009,ST010,PR038,1,39,5,37.05,Cash,Completed,,,
TXN005684,2023-12-12,CU0334,SP007,ST010,PR038,2,39,15,66.3,Credit Card,Cancelled,,,
TXN002638,2022-11-14,CU0509,SP005,ST001,PR020,1,159,10,143.1,Gift Card,Completed,,,
TXN001279,2022-09-23,CU0511,SP001,ST002,PR022,2,89,0,178,Gift Card,Completed,,,
TXN005366,2022-05-27,CU0534,,ST007,PR022,1,89,0,89,Online Transfer,Completed,,,
TXN003119,2022-12-11,,SP004,ST011,PR021,1,24,0,24,Cash,Completed,,,
TXN008888,2023-08-05,CU0601,SP006,ST010,PR015,2,59,20,94.4,Cash,Completed,,,
TXN002527,2023-11-06,CU0569,SP002,ST011,PR011,2,499,10,898.2,Debit Card,Cancelled,,,
TXN000941,2023-02-28,CU0295,SP003,ST005,PR014,1,139,0,139,Online Transfer,Completed,,,
TXN005515,2022-01-26,CU0032,SP015,ST001,PR009,1,379,0,379,Debit Card,Returned,,,
TXN004578,2022-04-10,CU0165,SP009,ST009,PR012,1,29,5,27.55,Credit Card,Completed,,,
TXN006912,2024-03-17,CU0105,SP001,ST012,PR036,3,249,10,672.3,Online Transfer,Completed,,,
TXN007319,2024-06-05,CU0337,SP001,ST006,PR012,1,29,0,29,Credit Card,Completed,,,
TXN001516,2023-03-13,,SP012,ST009,PR006,1,79,0,79,Credit Card,Returned,,,
TXN006365,2023-05-18,CU0051,SP004,ST009,PR025,2,65,0,130,Gift Card,Returned,,,
TXN007401,2022-02-19,CU0051,SP004,ST009,PR023,2,179,0,358,Gift Card,Completed,,,
TXN000345,2023-04-11,CU0413,SP002,ST012,PR023,3,179,0,537,Debit Card,Completed,,,
TXN003079,2022-02-19,CU0208,SP014,ST012,PR033,1,119,15,101.15,Credit Card,Completed,,,
TXN007974,2023-06-19,CU0437,SP014,ST005,PR009,3,379,5,1080.15,Gift Card,Completed,,,
TXN000347,2023-07-10,CU0347,SP014,ST012,PR005,1,129,20,103.2,Online Transfer,Completed,,,
TXN006070,2022-09-12,CU0299,SP006,ST003,PR023,1,179,0,179,Cash,Returned,,,
TXN002057,2022-10-19,CU0412,SP011,ST007,PR022,2,89,10,160.2,Cash,Completed,,,
TXN004228,2024-04-28,CU0496,SP006,ST010,PR013,1,89,0,89,Cash,Cancelled,,,
TXN002135,2022-03-04,CU0406,SP013,ST004,PR034,1,79,5,75.05,Cash,Completed,,,
TXN004319,2023-09-24,CU0533,SP004,ST005,PR037,4,289,5,1098.2,Credit Card,Completed,,,
TXN003521,2022-08-02,CU0048,SP001,ST009,PR004,1,299,5,284.05,Cash,Completed,,,
TXN003722,2023-11-25,CU0562,SP015,ST009,PR031,2,399,10,718.2,Debit Card,Completed,,,
TXN001844,2023-04-28,CU0160,SP009,ST004,PR017,2,99,20,158.4,Credit Card,Completed,,,
TXN007015,2024-05-09,CU0032,SP002,ST009,PR024,1,45,15,38.25,Gift Card,Completed,,,
TXN006407,2023-07-02,CU0034,SP012,ST009,PR016,2,49,10,88.2,Credit Card,Returned,,,
TXN005572,2022-10-20,CU0587,SP013,ST007,PR031,2,399,10,718.2,Credit Card,Cancelled,,,
TXN000023,2024-01-22,CU0035,SP007,ST009,PR018,3,59,0,177,Credit Card,Completed,,,
TXN001075,2022-07-28,CU0475,SP006,ST001,PR023,3,179,10,483.3,Credit Card,Cancelled,,,
TXN002554,2023-07-08,,SP011,ST011,PR018,1,59,5,56.05,Cash,Completed,,,
TXN008673,2024-03-28,CU0534,SP013,ST004,PR034,3,79,5,225.15,Online Transfer,Returned,,,
TXN008836,2022-07-06,CU0400,SP014,ST005,PR017,1,99,0,99,Online Transfer,Completed,,,
TXN000647,2022-09-19,CU0024,SP003,ST002,PR027,1,129,10,116.1,Online Transfer,Completed,,,
TXN007640,2023-01-21,CU0280,SP013,ST001,PR001,1,999,10,899.1,Credit Card,Completed,,,
TXN005110,2022-02-25,CU0495,SP001,ST001,PR015,1,59,0,59,Debit Card,Completed,,,
TXN006522,2022-01-26,CU0178,SP008,ST005,PR026,2,189,5,359.1,Debit Card,Cancelled,,,
TXN003288,2023-11-30,CU0539,SP006,ST004,PR007,1,699,0,699,Gift Card,Completed,,,
TXN001627,2023-08-02,CU0479,SP011,ST005,PR005,1,129,0,129,Cash,Completed,,,
TXN005147,2023-10-19,CU0008,SP014,ST009,PR010,1,199,5,189.05,Online Transfer,Cancelled,,,
TXN004375,2022-04-06,CU0534,SP015,ST001,PR031,1,399,0,399,Debit Card,Completed,,,
TXN003716,2024-03-30,CU0603,SP010,ST011,PR030,1,149,15,126.65,Credit Card,Returned,,,
TXN003874,2023-09-11,CU0204,SP001,ST011,PR035,2,49,15,83.3,Debit Card,Completed,,,
TXN001104,2023-09-06,CU0454,SP012,ST012,PR039,1,28,20,22.4,Credit Card,Completed,,,
TXN006564,2024-02-10,CU0204,SP011,ST001,PR024,4,45,10,162,Credit Card,Completed,,,
TXN002473,2022-03-18,CU0354,,ST012,PR016,3,49,5,139.65,Gift Card,Cancelled,,,
TXN007939,2022-10-21,CU0370,SP004,ST009,PR037,1,289,20,231.2,Gift Card,Cancelled,,,
TXN002906,2022-01-29,CU0490,SP002,ST003,PR038,1,39,20,31.2,Gift Card,Completed,,,
TXN002843,2022-10-14,CU0319,SP011,ST008,PR013,2,89,5,169.1,Credit Card,Returned,,,
TXN001943,2023-11-22,CU0251,SP001,ST010,PR020,4,159,20,508.8,Debit Card,Completed,,,
TXN000719,2023-04-11,CU0562,SP014,ST007,PR032,3,69,15,175.95,Credit Card,Completed,,,
TXN005200,2022-02-20,CU0484,SP012,ST005,PR025,1,65,0,65,Cash,Completed,,,
TXN006031,2024-04-07,CU0577,SP008,ST011,PR002,2,749,0,1498,Cash,Cancelled,,,
TXN005842,2023-01-31,CU0495,SP007,ST012,PR018,1,59,0,59,Credit Card,Cancelled,,,
TXN007101,2024-06-22,CU0489,SP012,ST001,PR003,1,549,0,549,Cash,Completed,,,
TXN002847,2024-01-03,CU0465,SP008,ST007,PR021,2,24,5,45.6,Credit Card,Cancelled,,,
TXN004533,2022-09-05,CU0570,SP012,ST008,PR022,1,89,0,89,Credit Card,Completed,,,
TXN004203,2024-01-22,CU0301,SP003,ST009,PR030,1,149,10,134.1,Gift Card,Cancelled,,,
TXN005002,2022-09-28,CU0335,SP002,ST006,PR012,1,29,20,23.2,Online Transfer,Completed,,,
TXN006702,2024-03-24,CU0183,SP010,ST001,PR012,2,29,10,52.2,Credit Card,Completed,,,
TXN005470,2022-09-22,CU0211,SP014,ST008,PR011,1,499,0,499,Cash,Completed,,,
TXN003656,2024-04-16,CU0393,SP015,ST002,PR026,1,189,0,189,Debit Card,Completed,,,
TXN001603,2024-05-19,CU0398,SP013,ST004,PR019,4,119,0,476,Credit Card,Completed,,,
TXN004618,2022-05-20,CU0569,SP006,ST005,PR005,3,129,0,387,Credit Card,Completed,,,
TXN008294,2022-11-15,CU0495,SP010,ST003,PR023,2,179,0,358,Gift Card,Returned,,,
TXN007419,2022-02-09,CU0302,SP003,ST010,PR021,2,24,10,43.2,Credit Card,Completed,,,
TXN000475,2024-04-28,CU0367,SP002,ST003,PR039,1,28,20,22.4,Debit Card,Completed,,,
TXN000560,2022-09-17,CU0014,SP010,ST005,PR002,1,749,10,674.1,Gift Card,Completed,,,
TXN000994,2022-04-22,CU0232,SP004,ST007,PR023,1,179,0,179,Online Transfer,Returned,,,
TXN002785,2022-04-27,CU0162,SP007,ST010,PR035,2,49,5,93.1,Credit Card,Completed,,,
TXN001575,2023-12-27,CU0330,SP012,ST009,PR032,2,69,0,138,Debit Card,Cancelled,,,
TXN004132,2023-08-15,CU0486,SP010,ST012,PR039,2,28,20,44.8,Credit Card,Completed,,,
TXN008171,2022-03-26,CU0201,SP010,ST012,PR026,1,189,10,170.1,Cash,Completed,,,
TXN004530,2023-04-13,CU0455,SP013,ST009,PR035,4,49,0,196,Debit Card,Completed,,,
TXN001702,2023-03-23,CU0072,SP004,ST009,PR039,1,28,0,28,Debit Card,Completed,,,
TXN006860,2022-03-28,CU0112,SP011,ST002,PR024,1,45,5,42.75,Cash,Completed,,,
TXN004290,2022-01-26,CU0493,SP004,ST004,PR011,1,499,10,449.1,Gift Card,Completed,,,
TXN002855,2022-01-09,CU0056,SP012,ST008,PR039,1,28,5,26.6,Cash,Completed,,,
TXN001363,2024-02-08,CU0001,SP001,ST007,PR009,2,379,10,682.2,Debit Card,Completed,,,
TXN002558,2023-11-25,CU0382,SP001,ST004,PR009,1,379,5,360.05,Online Transfer,Returned,,,
TXN007226,2022-06-30,CU0260,SP012,ST010,PR008,2,449,10,808.2,Debit Card,Cancelled,,,
TXN002576,2022-06-11,CU0060,SP003,ST004,PR003,2,549,20,878.4,Debit Card,Returned,,,
TXN008536,2022-03-14,CU0302,SP010,ST011,PR017,1,99,15,84.15,Cash,Completed,,,
TXN002043,2022-05-01,CU0528,SP007,ST011,PR004,1,299,5,309.85,Credit Card,Completed,,,
TXN004240,2022-06-01,CU0102,SP014,ST003,PR028,1,89,0,89,Online Transfer,Cancelled,,,
TXN000375,2022-10-30,CU0287,SP010,ST006,PR017,1,99,10,89.1,Debit Card,Completed,,,
TXN002728,2024-03-23,CU0343,SP004,ST002,PR033,1,119,10,107.1,Cash,Completed,,,
TXN001764,2023-06-03,CU0122,SP006,ST010,PR038,1,39,0,39,Cash,Completed,,,
TXN005699,2024-06-15,CU0539,SP010,ST011,PR004,1,299,5,284.05,Credit Card,Completed,,,
TXN005455,2022-05-26,CU0114,SP012,ST007,PR030,1,149,10,134.1,Debit Card,Completed,,,
TXN001444,2024-06-28,CU0436,SP013,ST009,PR039,4,28,0,112,Online Transfer,Completed,,,
TXN004963,2023-07-28,CU0081,SP003,ST001,PR039,3,28,0,84,Cash,Completed,,,
TXN006147,2023-06-23,CU0129,SP013,ST008,PR024,1,45,0,45,Cash,Completed,,,
TXN000731,2022-03-14,CU0119,SP003,ST008,PR004,1,299,0,299,Credit Card,Returned,,,
TXN005448,2022-09-02,CU0390,SP012,ST007,PR004,2,299,20,475.36,Credit Card,Completed,,,
TXN004800,2022-11-05,CU0592,SP002,ST005,PR003,1,549,20,439.2,Debit Card,Completed,,,
TXN005654,2022-11-29,CU0523,SP011,ST005,PR020,5,159,0,795,Cash,Cancelled,,,
TXN006550,2023-11-02,CU0013,SP010,ST011,PR030,1,149,0,149,Debit Card,Completed,,,
TXN003749,2022-02-03,CU0352,SP002,ST012,PR024,1,45,10,40.5,Debit Card,Completed,,,
TXN007207,2024-03-24,CU0184,SP010,ST006,PR031,3,399,10,1077.3,Credit Card,Completed,,,
TXN002327,2023-11-02,CU0544,SP014,ST005,PR027,1,129,20,103.2,Online Transfer,Returned,,,
TXN001463,2022-01-16,CU0186,SP004,ST010,PR014,1,139,0,139,Debit Card,Cancelled,,,
TXN002701,2022-12-11,CU0606,SP001,ST004,PR003,1,549,20,439.2,Cash,Completed,,,
TXN008591,2023-09-18,CU0210,SP006,ST005,PR029,1,169,10,152.1,Cash,Completed,,,
TXN002165,2022-12-28,CU0439,SP008,ST004,PR017,2,99,5,188.1,Cash,Completed,,,
TXN004230,2024-03-06,CU0581,SP015,ST008,PR013,1,89,10,80.1,Cash,Completed,,,
TXN006992,2023-11-20,CU0410,SP009,ST002,PR036,1,249,0,249,Debit Card,Completed,,,
TXN004759,2022-07-12,CU0068,SP009,ST011,PR012,1,29,5,27.55,Credit Card,Completed,,,
TXN004298,2022-06-09,CU0475,SP001,ST011,PR003,2,549,10,988.2,Gift Card,Completed,,,
TXN006815,2022-05-26,CU0411,SP005,ST006,PR025,1,65,20,52,Debit Card,Cancelled,,,
TXN003047,2023-01-04,CU0003,SP001,ST008,PR016,1,49,5,46.55,Cash,Completed,,,
TXN000349,2022-04-16,CU0426,SP003,ST001,PR037,1,289,10,260.1,Debit Card,Completed,,,
TXN008097,2023-12-22,CU0354,SP008,ST009,PR018,1,59,0,59,Online Transfer,Returned,,,
TXN006398,2022-10-21,CU0561,SP008,ST001,PR033,1,119,0,119,Debit Card,Cancelled,,,
TXN002212,2023-11-28,CU0409,SP010,ST006,PR027,1,129,10,116.1,Debit Card,Completed,,,
TXN003989,2023-06-22,,SP010,ST012,PR039,1,28,10,26.51,Credit Card,Completed,,,
TXN008454,2023-08-05,CU0478,SP015,ST003,PR040,1,22,10,19.8,Credit Card,Cancelled,,,
TXN003049,2022-11-29,CU0079,SP001,ST012,PR022,1,89,10,80.1,Online Transfer,Completed,,,
TXN007556,2022-06-06,CU0151,SP005,ST009,PR026,1,189,5,179.55,Online Transfer,Completed,,,
TXN003734,2024-02-15,CU0231,SP007,ST011,PR009,1,379,0,379,Cash,Completed,,,
TXN006191,2024-01-25,CU0346,SP008,ST009,PR033,2,119,0,238,Credit Card,Completed,,,
TXN003482,2023-09-29,CU0562,SP014,ST011,PR039,1,28,0,28,Gift Card,Completed,,,
TXN008529,2022-03-16,CU0269,SP010,ST007,PR013,2,89,5,169.1,Cash,Cancelled,,,
TXN003812,2024-01-09,CU0166,SP010,ST005,PR001,2,999,15,1698.3,Cash,Completed,,,
TXN000136,2022-08-26,CU0541,SP001,ST007,PR024,2,45,5,85.5,Debit Card,Cancelled,,,
TXN008266,2022-02-08,CU0554,SP004,ST010,PR004,2,299,0,598,Debit Card,Completed,,,
TXN004668,2023-09-22,CU0195,SP003,ST012,PR016,4,49,15,166.6,Online Transfer,Completed,,,
TXN002678,2022-09-27,CU0330,SP008,ST011,PR018,3,59,10,159.3,Credit Card,Completed,,,
TXN000833,2023-03-23,CU0433,SP002,ST002,PR005,2,129,5,245.1,Debit Card,Completed,,,
TXN005185,2023-12-26,CU0106,SP015,ST007,PR008,1,449,5,426.55,Debit Card,Completed,,,
TXN007277,2023-07-02,CU0073,SP001,ST006,PR030,2,149,5,283.1,Online Transfer,Returned,,,
TXN004194,2024-01-12,CU0473,SP007,ST001,PR026,1,189,0,189,Debit Card,Completed,,,
TXN003613,2023-03-22,CU0541,SP005,ST001,PR037,1,289,5,274.55,Debit Card,Completed,,,
TXN001573,2022-08-03,CU0143,SP002,ST010,PR026,1,189,0,189,Debit Card,Cancelled,,,
TXN003024,2023-01-08,,SP005,ST001,PR019,1,119,10,107.1,Online Transfer,Cancelled,,,
TXN002717,2022-04-06,CU0593,SP008,ST010,PR012,1,29,10,26.1,Online Transfer,Completed,,,
TXN008804,2022-01-19,CU0498,SP004,ST001,PR026,1,189,20,151.2,Debit Card,Completed,,,
TXN006613,2023-09-14,CU0019,SP004,ST001,PR030,1,149,10,134.1,Credit Card,Completed,,,
TXN005988,2023-07-04,CU0575,SP003,ST005,PR007,1,699,20,559.2,Debit Card,Cancelled,,,
TXN001563,2022-08-20,CU0595,SP009,ST009,PR033,1,119,0,119,Online Transfer,Completed,,,
TXN004797,2024-01-08,CU0338,SP001,ST002,PR017,1,99,10,89.1,Debit Card,Returned,,,
TXN001720,2023-02-05,,SP011,ST006,PR022,2,89,20,142.4,Online Transfer,Returned,,,
TXN007461,2023-01-23,CU0048,SP009,ST009,PR020,1,159,5,151.05,Cash,Completed,,,
TXN002806,2023-07-20,CU0102,SP011,ST006,PR030,2,149,20,238.4,Debit Card,Completed,,,
TXN004192,2022-08-10,CU0159,SP009,ST012,PR007,1,699,0,699,Credit Card,Completed,,,
TXN006270,2023-11-28,CU0113,SP015,ST007,PR009,1,379,5,360.05,Debit Card,Completed,,,
TXN000796,2023-05-06,CU0225,SP013,ST004,PR039,4,28,0,112,Debit Card,Returned,,,
TXN008422,2022-06-13,CU0263,SP014,ST001,PR034,3,79,15,201.45,Debit Card,Completed,,,
TXN001866,2023-09-07,CU0135,SP001,ST005,PR005,1,129,0,129,Debit Card,Completed,,,
TXN006900,2022-02-18,CU0322,SP001,ST011,PR018,4,59,15,200.6,Cash,Completed,,,
TXN000233,2023-12-16,CU0223,SP015,ST008,PR019,3,119,0,357,Credit Card,Completed,,,
TXN002112,2022-02-01,CU0475,SP015,ST005,PR024,2,45,0,90,Credit Card,Cancelled,,,
TXN005553,2022-08-08,CU0247,SP008,ST006,PR027,1,129,5,122.55,Online Transfer,Completed,,,
TXN008697,2022-02-05,CU0044,SP013,ST001,PR030,2,149,0,298,Credit Card,Completed,,,
TXN008848,2023-07-29,CU0393,SP013,ST006,PR018,4,59,0,236,Debit Card,Returned,,,
TXN006045,2024-02-24,CU0402,SP011,ST012,PR024,1,45,15,38.25,Cash,Completed,,,
TXN002643,2023-11-10,CU0412,SP007,ST011,PR039,1,28,5,26.6,Gift Card,Completed,,,
TXN003287,2023-01-13,CU0609,SP005,ST008,PR031,1,399,10,359.1,Gift Card,Completed,,,
TXN004065,2022-12-22,CU0533,SP009,ST006,PR006,1,79,0,79,Debit Card,Returned,,,
TXN008808,2023-12-06,CU0167,SP001,ST008,PR036,2,249,15,423.3,Debit Card,Completed,,,
TXN001637,2022-10-11,CU0410,SP007,ST003,PR040,4,22,0,88,Debit Card,Cancelled,,,
TXN001942,2024-02-27,CU0004,SP014,ST006,PR037,1,289,0,289,Debit Card,Completed,,,
TXN005576,2022-10-13,,SP011,ST009,PR032,3,69,10,186.3,Online Transfer,Completed,,,
TXN004265,2023-11-13,CU0345,SP009,ST011,PR007,1,699,10,629.1,Online Transfer,Cancelled,,,
TXN001261,2023-09-12,CU0231,SP010,ST007,PR017,1,99,20,79.2,Debit Card,Completed,,,
TXN007660,2022-06-25,CU0217,SP010,ST002,PR025,2,65,15,110.5,Debit Card,Cancelled,,,
TXN006817,2023-10-08,CU0064,SP004,ST003,PR040,1,22,5,20.9,Cash,Completed,,,
TXN008180,2023-07-03,CU0070,SP001,ST006,PR010,1,199,0,199,Debit Card,Completed,,,
TXN008882,2022-07-08,CU0191,SP004,ST005,PR009,1,379,5,360.05,Debit Card,Completed,,,
TXN002658,2022-02-28,CU0397,SP010,ST010,PR020,1,159,5,151.05,Cash,Cancelled,,,
TXN001168,2024-05-15,CU0115,SP003,ST004,PR008,2,449,10,808.2,Debit Card,Cancelled,,,
TXN008286,2024-03-08,CU0011,SP009,ST008,PR012,1,29,0,29,Credit Card,Returned,,,
TXN006115,2022-09-28,CU0364,SP006,ST008,PR017,1,99,0,99,Gift Card,Returned,,,
TXN008497,2022-12-10,CU0071,SP006,ST008,PR039,3,28,0,84,Cash,Cancelled,,,
TXN008400,2022-02-28,CU0570,,ST003,PR037,2,289,0,578,Credit Card,Returned,,,
TXN005099,2022-08-09,CU0376,SP015,ST006,PR027,4,129,0,516,Cash,Completed,,,
TXN007960,2023-06-13,CU0336,SP014,ST005,PR008,1,449,10,404.1,Credit Card,Completed,,,
TXN008732,2022-08-24,CU0133,SP014,ST008,PR023,5,179,5,850.25,Credit Card,Completed,,,
TXN008369,2024-04-29,CU0561,SP014,ST005,PR020,4,159,0,636,Debit Card,Cancelled,,,
TXN005160,2022-08-24,CU0307,SP003,ST009,PR033,2,119,0,238,Cash,Returned,,,
TXN004238,2023-12-04,CU0297,SP004,ST008,PR027,2,129,0,258,Credit Card,Completed,,,
TXN002169,2023-03-29,CU0065,SP012,ST005,PR022,1,89,0,89,Online Transfer,Completed,,,
TXN007265,2022-04-16,CU0021,SP011,ST005,PR014,1,139,10,125.1,Cash,Completed,,,
TXN002011,2022-11-01,CU0391,SP003,ST008,PR019,3,119,0,357,Cash,Completed,,,
TXN003707,2024-01-23,CU0452,SP012,ST003,PR024,4,45,10,162,Debit Card,Completed,,,
TXN001632,2022-08-09,CU0020,SP010,ST002,PR038,1,39,0,39,Credit Card,Completed,,,
TXN004119,2022-12-02,CU0071,SP005,ST010,PR025,2,65,20,104,Online Transfer,Cancelled,,,
TXN003262,2022-06-14,CU0298,SP015,ST007,PR039,3,28,5,79.8,Credit Card,Completed,,,
TXN006682,2022-11-27,CU0541,SP015,ST009,PR024,3,45,5,128.25,Cash,Cancelled,,,
TXN006896,2023-07-21,CU0521,SP006,ST001,PR007,1,699,20,559.2,Credit Card,Completed,,,
TXN002609,2024-02-27,CU0409,SP007,ST001,PR031,1,399,15,339.15,Online Transfer,Returned,,,
TXN000157,2022-10-19,CU0587,SP011,ST003,PR029,2,169,0,338,Debit Card,Completed,,,
TXN008138,2022-01-04,CU0500,SP011,ST009,PR040,1,22,0,22,Credit Card,Completed,,,
TXN007331,2022-06-15,CU0457,SP014,ST003,PR034,3,79,0,237,Debit Card,Completed,,,
TXN007881,2024-02-06,CU0507,SP008,ST008,PR022,1,89,5,84.55,Cash,Completed,,,
TXN006308,2024-04-08,CU0520,SP005,ST001,PR035,2,49,15,83.3,Credit Card,Completed,,,
TXN004432,2022-10-29,CU0037,SP003,ST008,PR021,1,24,0,24,Debit Card,Completed,,,
TXN008219,2023-11-20,CU0352,SP008,ST011,PR011,1,499,0,499,Credit Card,Cancelled,,,
TXN008249,2022-01-04,CU0295,SP002,ST006,PR031,2,399,5,758.1,Cash,Cancelled,,,
TXN001021,2022-02-25,CU0182,SP014,ST011,PR022,4,89,10,320.4,Cash,Completed,,,
TXN006827,2023-02-27,CU0380,SP004,ST012,PR035,2,49,15,83.3,Cash,Completed,,,
TXN001902,2023-09-29,CU0096,SP015,ST010,PR038,1,39,0,39,Online Transfer,Completed,,,
TXN003491,2023-07-19,CU0146,SP014,ST005,PR018,1,59,10,53.1,Credit Card,Completed,,,
TXN004860,2024-02-16,CU0525,SP004,ST011,PR026,1,189,0,189,Cash,Cancelled,,,
TXN002039,2022-11-09,CU0176,SP011,ST003,PR030,3,149,0,447,Debit Card,Completed,,,
TXN007201,2022-05-13,CU0340,SP006,ST002,PR016,1,49,20,39.2,Credit Card,Completed,,,
TXN008406,2024-02-18,CU0514,SP010,ST006,PR026,1,189,20,151.2,Gift Card,Completed,,,
TXN006342,2022-01-14,CU0177,SP008,ST010,PR024,2,45,5,85.5,Credit Card,Completed,,,
TXN005705,2024-04-08,CU0522,SP006,ST002,PR013,2,89,10,160.2,Credit Card,Completed,,,
TXN004587,2022-04-17,CU0133,SP009,ST007,PR012,1,29,0,29,Debit Card,Completed,,,
TXN001962,2024-03-18,CU0312,SP005,ST006,PR011,1,499,0,499,Cash,Returned,,,
TXN002215,2022-09-20,CU0359,SP005,ST003,PR023,1,179,0,179,Debit Card,Completed,,,
TXN003073,2023-03-25,,SP009,ST005,PR031,1,399,0,399,Credit Card,Returned,,,
TXN000465,2024-01-03,CU0144,SP005,ST011,PR015,1,59,10,53.1,Debit Card,Completed,,,
TXN006905,2022-07-16,CU0290,SP008,ST006,PR018,2,59,15,100.3,Credit Card,Completed,,,
TXN006441,2022-09-15,CU0290,SP003,ST011,PR016,2,49,20,78.4,Cash,Cancelled,,,
TXN001275,2024-03-22,CU0426,SP014,ST002,PR015,1,59,5,56.05,Online Transfer,Cancelled,,,
TXN007197,2023-10-10,CU0358,SP012,ST005,PR016,1,49,0,49,Credit Card,Completed,,,
TXN003353,2022-05-26,CU0223,SP014,ST010,PR038,1,39,10,35.1,Gift Card,Completed,,,
TXN005895,2024-01-28,CU0517,SP003,ST011,PR019,2,119,5,226.1,Online Transfer,Completed,,,
TXN005181,2024-02-03,CU0163,SP004,ST006,PR024,2,45,15,76.5,Debit Card,Completed,,,
TXN003907,2023-11-04,CU0031,SP002,ST005,PR028,1,89,20,71.2,Cash,Completed,,,
TXN000214,2022-09-18,CU0138,SP013,ST002,PR015,1,59,0,59,Debit Card,Completed,,,
TXN004407,2023-09-21,CU0084,SP013,ST007,PR012,1,29,0,29,Debit Card,Returned,,,
TXN001642,2023-12-29,CU0192,SP006,ST007,PR001,1,999,5,949.05,Credit Card,Completed,,,
TXN006129,2023-06-30,CU0254,SP005,ST006,PR027,3,129,0,387,Debit Card,Cancelled,,,
TXN000140,2023-11-15,CU0178,SP004,ST003,PR025,1,65,10,58.5,Debit Card,Completed,,,
TXN001163,2024-04-01,CU0139,SP012,ST007,PR032,3,69,10,186.3,Cash,Completed,,,
TXN004944,2024-04-25,CU0188,SP012,ST010,PR001,1,999,0,999,Credit Card,Completed,,,
TXN006209,2022-07-19,CU0303,SP002,ST003,PR011,1,499,10,449.1,Debit Card,Cancelled,,,
TXN006466,2022-05-19,CU0331,SP011,ST008,PR018,2,59,15,100.3,Debit Card,Completed,,,
TXN001728,2024-06-07,CU0066,SP008,ST001,PR039,1,28,0,28,Credit Card,Completed,,,
TXN001480,2023-12-02,CU0445,SP002,ST002,PR030,1,149,10,134.1,Credit Card,Completed,,,
TXN007963,2024-06-18,CU0551,SP008,ST004,PR016,1,49,0,49,Credit Card,Returned,,,
TXN004163,2023-10-04,CU0142,SP002,ST008,PR010,1,199,0,199,Debit Card,Completed,,,
TXN003470,2023-02-10,CU0376,SP006,ST005,PR002,2,749,0,1683.95,Online Transfer,Completed,,,
TXN007534,2023-05-22,CU0601,SP015,ST009,PR016,1,49,15,41.65,Credit Card,Completed,,,
TXN006961,2024-04-05,CU0511,SP005,ST009,PR039,1,28,5,26.6,Online Transfer,Cancelled,,,
TXN003202,2023-09-22,CU0260,SP005,ST005,PR021,2,24,20,38.4,Credit Card,Completed,,,
TXN005753,2023-05-28,CU0012,SP013,ST006,PR024,1,45,5,42.75,Credit Card,Completed,,,
TXN000259,2023-12-16,CU0152,SP005,ST010,PR020,2,159,5,302.1,Cash,Completed,,,
TXN003855,2022-03-27,CU0180,SP015,ST010,PR034,3,79,5,225.15,Debit Card,Completed,,,
TXN001789,2022-07-31,CU0333,SP002,ST002,PR013,1,89,15,75.65,Cash,Completed,,,
TXN005385,2023-04-13,CU0138,SP015,ST008,PR010,1,199,20,159.2,Debit Card,Completed,,,
TXN007218,2023-06-02,CU0026,SP001,ST003,PR011,2,499,10,898.2,Online Transfer,Completed,,,
TXN007065,2024-05-16,CU0026,SP014,ST003,PR029,1,169,10,152.1,Debit Card,Completed,,,
TXN001886,2024-06-11,CU0066,SP013,ST003,PR021,5,24,5,114,Credit Card,Completed,,,
TXN004624,2022-12-15,CU0465,SP009,ST012,PR021,2,24,0,48,Credit Card,Completed,,,
TXN006651,2023-01-01,CU0104,SP009,ST005,PR015,1,59,0,59,Credit Card,Completed,,,
TXN008148,2022-07-08,CU0105,SP001,ST012,PR021,1,24,5,22.8,Debit Card,Completed,,,
TXN000931,2022-03-25,CU0190,SP011,ST010,PR029,1,169,0,169,Cash,Completed,,,
TXN005782,2022-10-17,CU0037,SP006,ST011,PR030,1,149,10,134.1,Online Transfer,Completed,,,
TXN006547,2022-09-21,CU0216,SP003,ST011,PR032,3,69,5,196.65,Credit Card,Completed,,,
TXN005744,2023-01-12,CU0034,SP007,ST004,PR007,1,699,10,629.1,Debit Card,Completed,,,
TXN002378,2024-03-11,CU0474,SP011,ST011,PR027,3,129,5,367.65,Online Transfer,Completed,,,
TXN002199,2023-08-18,CU0463,SP006,ST008,PR036,1,249,5,236.55,Credit Card,Completed,,,
TXN000463,2022-02-13,CU0364,SP003,ST008,PR036,1,249,0,249,Debit Card,Completed,,,
TXN000346,2022-04-23,CU0045,SP003,ST004,PR032,1,69,20,62.92,Gift Card,Completed,,,
TXN007171,2022-03-23,CU0262,SP003,ST006,PR037,2,289,0,578,Debit Card,Completed,,,
TXN000184,2022-05-08,CU0198,SP008,ST001,PR011,1,499,5,474.05,Cash,Completed,,,
TXN004697,2022-05-31,CU0577,SP007,ST004,PR015,2,59,0,118,Online Transfer,Cancelled,,,
TXN008258,2022-03-06,CU0143,SP013,ST001,PR009,1,379,0,379,Cash,Completed,,,
TXN005686,2022-01-19,CU0575,SP012,ST008,PR035,1,49,10,44.1,Debit Card,Returned,,,
TXN000177,2023-07-05,CU0569,SP008,ST001,PR001,1,999,20,799.2,Gift Card,Completed,,,
TXN004677,2022-06-08,CU0392,SP009,ST002,PR016,2,49,15,83.3,Online Transfer,Completed,,,
TXN000457,2022-08-17,CU0159,SP005,ST011,PR016,5,49,0,245,Cash,Completed,,,
TXN000949,2023-05-20,CU0576,SP001,ST012,PR004,1,299,0,299,Online Transfer,Completed,,,
TXN004831,2023-03-21,CU0520,SP001,ST001,PR037,1,289,10,260.1,Credit Card,Completed,,,
TXN008121,2022-06-09,CU0241,SP015,ST006,PR008,3,449,15,1144.95,Debit Card,Completed,,,
TXN000573,2022-08-01,CU0516,SP009,ST012,PR032,1,69,0,69,Debit Card,Completed,,,
TXN008146,2023-12-24,CU0530,SP011,ST008,PR032,1,69,0,69,Debit Card,Returned,,,
TXN007083,2024-04-04,CU0019,SP002,ST005,PR029,1,169,5,160.55,Credit Card,Completed,,,
TXN007875,2022-03-28,CU0305,SP010,ST005,PR039,1,28,15,23.8,Cash,Completed,,,
TXN002934,2022-05-20,CU0225,SP010,ST010,PR034,2,79,0,158,Cash,Completed,,,
TXN005962,2022-05-03,CU0111,SP002,ST001,PR036,4,249,15,846.6,Debit Card,Completed,,,
TXN007661,2023-12-26,CU0032,SP003,ST009,PR022,5,89,15,378.25,Online Transfer,Completed,,,
TXN003659,2023-06-10,CU0055,SP014,ST011,PR032,1,69,20,55.2,Debit Card,Completed,,,
TXN000535,2022-08-24,CU0254,SP001,ST005,PR031,3,399,10,1077.3,Credit Card,Completed,,,
TXN003016,2023-03-30,CU0017,SP003,ST003,PR002,1,749,0,749,Online Transfer,Completed,,,
TXN007882,2022-08-21,CU0181,SP001,ST002,PR021,3,24,0,72,Credit Card,Completed,,,
TXN005168,2024-05-18,CU0294,SP011,ST010,PR011,1,499,0,499,Cash,Completed,,,
TXN005201,2022-07-21,CU0422,SP010,ST007,PR031,2,399,15,678.3,Online Transfer,Completed,,,
TXN007701,2023-05-07,CU0507,SP009,ST008,PR010,1,199,5,189.05,Credit Card,Completed,,,
TXN006664,2024-03-20,,SP007,ST003,PR028,2,89,5,169.1,Debit Card,Returned,,,
TXN003212,2022-07-05,CU0573,SP014,ST008,PR036,1,249,0,249,Credit Card,Cancelled,,,
TXN002996,2023-07-14,CU0388,SP014,ST009,PR018,2,59,15,100.3,Cash,Cancelled,,,
TXN003193,2022-10-27,CU0593,SP003,ST003,PR001,2,999,15,1698.3,Online Transfer,Completed,,,
TXN008217,2023-07-23,CU0216,SP011,ST005,PR005,2,129,10,232.2,Cash,Completed,,,
TXN000134,2023-04-28,,SP008,ST010,PR012,1,29,10,26.1,Credit Card,Returned,,,
TXN006766,2023-06-04,CU0226,SP014,ST002,PR019,1,119,0,119,Cash,Completed,,,
TXN003401,2022-09-24,CU0326,SP010,ST002,PR002,1,749,10,657.97,Credit Card,Returned,,,
TXN000762,2023-02-21,CU0136,SP006,ST012,PR013,1,89,5,84.55,Online Transfer,Completed,,,
TXN006017,2023-10-07,CU0570,SP012,ST012,PR027,1,129,0,129,Credit Card,Returned,,,
TXN003444,2023-10-17,CU0439,SP010,ST011,PR031,1,399,10,359.1,Cash,Completed,,,
TXN008721,2024-03-25,CU0186,SP003,ST008,PR011,2,499,20,798.4,Debit Card,Completed,,,
TXN001836,2023-12-26,CU0556,SP010,ST012,PR025,2,65,5,123.5,Cash,Completed,,,
TXN004217,2023-02-19,CU0497,SP003,ST003,PR028,3,89,5,253.65,Online Transfer,Completed,,,
TXN008803,2023-01-29,CU0491,SP007,ST011,PR025,1,65,0,65,Credit Card,Completed,,,
TXN000388,2024-05-02,CU0461,SP011,ST010,PR005,1,129,0,129,Debit Card,Completed,,,
TXN001872,2022-12-29,CU0317,SP001,ST012,PR020,5,159,0,795,Credit Card,Completed,,,
TXN006215,2023-10-15,CU0293,SP006,ST004,PR022,3,89,20,213.6,Online Transfer,Returned,,,
TXN005732,2022-08-29,CU0021,SP013,ST003,PR018,1,59,0,59,Cash,Completed,,,
TXN003175,2023-01-04,CU0437,SP014,ST009,PR024,2,45,0,90,Credit Card,Completed,,,
TXN008824,2022-01-24,CU0167,SP009,ST009,PR012,1,29,0,29,Debit Card,Completed,,,
TXN006094,2024-04-13,CU0082,SP002,ST007,PR009,1,379,0,379,Debit Card,Completed,,,
TXN004413,2023-05-31,CU0128,SP014,ST011,PR039,1,28,0,24.56,Credit Card,Completed,,,
TXN001466,2022-10-04,CU0368,SP010,ST009,PR017,1,99,0,99,Cash,Completed,,,
TXN006534,2023-10-08,CU0137,SP011,ST001,PR005,2,129,15,219.3,Online Transfer,Completed,,,
TXN008211,2022-05-21,CU0072,SP005,ST006,PR009,2,379,20,606.4,Online Transfer,Completed,,,
TXN007690,2022-07-22,CU0164,SP004,ST011,PR038,1,39,5,37.05,Debit Card,Completed,,,
TXN006524,2022-04-16,CU0502,SP015,ST002,PR017,1,99,15,84.15,Debit Card,Completed,,,
TXN007539,2023-03-06,CU0278,SP001,ST007,PR039,3,28,0,84,Cash,Returned,,,
TXN007877,2023-03-27,CU0206,,ST010,PR028,1,89,15,75.65,Debit Card,Cancelled,,,
TXN003029,2023-08-22,CU0133,SP005,ST010,PR018,1,59,10,53.1,Credit Card,Completed,,,
TXN007196,2023-06-22,CU0254,SP012,ST006,PR039,2,28,5,53.2,Online Transfer,Completed,,,
TXN000239,2023-02-04,CU0455,SP001,ST010,PR001,2,999,0,1998,Debit Card,Completed,,,
TXN000195,2022-02-26,CU0443,SP002,ST002,PR028,2,89,5,169.1,Debit Card,Returned,,,
TXN007955,2022-03-08,CU0387,SP005,ST003,PR024,2,45,20,72,Debit Card,Completed,,,
TXN002125,2024-06-04,CU0530,SP007,ST011,PR023,3,179,5,510.15,Cash,Completed,,,
TXN003190,2023-12-05,CU0176,SP010,ST009,PR018,1,59,0,59,Cash,Completed,,,
TXN000501,2022-12-10,CU0384,SP008,ST005,PR026,1,189,0,189,Credit Card,Completed,,,
TXN002784,2022-07-02,CU0176,SP001,ST003,PR025,1,65,15,55.25,Credit Card,Completed,,,
TXN005191,2024-06-19,CU0293,SP003,ST012,PR010,1,199,0,199,Debit Card,Completed,,,
TXN005860,2022-04-24,CU0171,SP005,ST006,PR024,1,45,5,42.75,Cash,Completed,,,
TXN001809,2022-11-28,CU0294,SP007,ST009,PR016,3,49,0,147,Credit Card,Completed,,,
TXN002434,2024-03-21,CU0105,SP012,ST010,PR007,1,699,5,664.05,Cash,Completed,,,
TXN007279,2023-09-17,CU0003,SP006,ST012,PR015,2,59,0,118,Cash,Returned,,,
TXN008904,2023-12-16,CU0249,SP012,ST007,PR038,1,39,0,39,Gift Card,Completed,,,
TXN004679,2023-06-15,CU0224,SP010,ST002,PR040,3,22,20,52.8,Credit Card,Completed,,,
TXN007067,2022-08-21,CU0552,SP013,ST007,PR027,1,129,10,116.1,Online Transfer,Completed,,,
TXN003546,2022-11-07,CU0085,SP015,ST006,PR031,3,399,0,1197,Debit Card,Returned,,,
TXN000757,2023-10-12,CU0086,SP006,ST010,PR040,1,22,20,17.6,Debit Card,Completed,,,
TXN003309,2022-07-07,CU0091,SP005,ST010,PR029,2,169,0,338,Cash,Completed,,,
TXN001456,2023-04-05,CU0174,SP001,ST003,PR032,1,69,5,65.55,Credit Card,Returned,,,
TXN005339,2022-11-08,CU0433,SP003,ST008,PR014,1,139,0,139,Credit Card,Completed,,,
TXN000440,2022-09-17,CU0014,SP014,ST006,PR015,1,59,15,50.15,Online Transfer,Cancelled,,,
TXN003678,2022-04-17,CU0292,SP007,ST008,PR002,2,749,10,1348.2,Debit Card,Completed,,,
TXN007866,2023-07-28,CU0081,SP003,ST006,PR020,2,159,15,270.3,Credit Card,Returned,,,
TXN001334,2022-07-23,CU0533,SP003,ST010,PR032,1,69,0,69,Debit Card,Completed,,,
TXN001027,2022-07-29,CU0169,SP011,ST002,PR004,1,299,10,269.1,Online Transfer,Completed,,,
TXN007831,2022-04-26,CU0390,SP003,ST003,PR022,2,89,20,142.4,Credit Card,Completed,,,
TXN006724,2022-07-30,CU0190,SP009,ST009,PR026,1,189,0,189,Debit Card,Completed,,,
TXN005322,2022-08-10,CU0527,SP007,ST001,PR022,2,89,0,178,Credit Card,Cancelled,,,
TXN008898,2023-11-22,CU0565,SP001,ST011,PR030,1,149,5,141.55,Credit Card,Completed,,,
TXN007759,2024-03-13,CU0137,SP009,ST011,PR013,1,89,0,89,Debit Card,Cancelled,,,
TXN008397,2023-08-10,CU0358,SP014,ST011,PR012,1,29,0,29,Debit Card,Completed,,,
TXN000422,2024-04-15,CU0006,SP015,ST012,PR035,1,49,0,49,Gift Card,Completed,,,
TXN008585,2023-01-25,CU0138,SP009,ST012,PR025,1,65,10,58.5,Online Transfer,Completed,,,
TXN006729,2023-09-21,CU0481,SP013,ST005,PR040,2,22,0,44,Cash,Completed,,,
TXN006856,2024-01-03,CU0151,SP008,ST001,PR030,1,149,0,149,Debit Card,Completed,,,
TXN005098,2023-11-22,CU0198,SP011,ST003,PR020,1,159,0,159,Credit Card,Returned,,,
TXN002522,2022-08-28,CU0121,SP014,ST007,PR029,2,169,0,338,Online Transfer,Cancelled,,,
TXN000035,2024-03-19,CU0267,SP004,ST008,PR018,1,59,0,59,Credit Card,Completed,,,
TXN005395,2022-02-05,CU0393,SP014,ST003,PR020,2,159,10,286.2,Credit Card,Cancelled,,,
TXN002923,2023-02-03,CU0190,SP002,ST003,PR035,1,49,15,41.65,Debit Card,Completed,,,
TXN002373,2022-01-08,CU0508,SP005,ST007,PR037,2,289,0,578,Cash,Cancelled,,,
TXN006609,2022-08-22,CU0500,SP014,ST005,PR025,2,65,0,130,Gift Card,Cancelled,,,
TXN006621,2022-09-19,,SP005,ST009,PR019,2,119,10,214.2,Debit Card,Completed,,,
TXN006320,2022-11-22,CU0533,SP005,ST002,PR040,1,22,0,22,Credit Card,Completed,,,
TXN001969,2022-02-22,CU0288,SP003,ST010,PR031,2,399,10,718.2,Online Transfer,Cancelled,,,
TXN004404,2022-06-23,CU0574,SP014,ST004,PR036,3,249,0,747,Online Transfer,Completed,,,
TXN006138,2023-10-20,CU0596,SP013,ST008,PR024,4,45,0,180,Online Transfer,Completed,,,
TXN008075,2023-04-05,CU0226,SP013,ST005,PR004,1,299,10,269.1,Debit Card,Completed,,,
TXN007749,2022-06-02,CU0351,SP014,ST012,PR017,1,99,5,94.05,Online Transfer,Completed,,,
TXN006374,2023-08-28,CU0206,SP013,ST005,PR007,2,699,20,1118.4,Debit Card,Completed,,,
TXN004983,2023-04-13,CU0597,SP001,ST011,PR004,1,299,5,284.05,Debit Card,Cancelled,,,
TXN003412,2024-02-29,CU0039,SP002,ST005,PR025,4,65,0,260,Gift Card,Completed,,,
TXN000846,2023-06-15,CU0286,SP005,ST010,PR019,2,119,20,190.4,Credit Card,Completed,,,
TXN000312,2022-09-08,CU0541,SP011,ST010,PR003,1,549,0,549,Online Transfer,Completed,,,
TXN005108,2024-02-12,CU0034,SP008,ST001,PR034,1,79,15,67.15,Credit Card,Completed,,,
TXN000826,2024-02-17,CU0487,SP005,ST009,PR005,1,129,0,129,Cash,Completed,,,
TXN003385,2024-01-24,CU0178,SP014,ST008,PR028,1,89,10,80.1,Cash,Completed,,,
TXN006083,2023-04-03,CU0128,SP002,ST003,PR006,1,79,0,79,Debit Card,Completed,,,
TXN008950,2022-04-21,CU0387,SP002,ST012,PR034,1,79,10,71.1,Debit Card,Completed,,,
TXN003624,2022-11-13,CU0319,SP015,ST012,PR013,1,89,10,80.1,Online Transfer,Returned,,,
TXN006760,2022-12-26,CU0246,SP005,ST009,PR032,1,69,10,62.1,Cash,Completed,,,
TXN008544,2024-03-13,CU0544,SP009,ST007,PR030,1,149,0,149,Credit Card,Completed,,,
TXN003651,2023-09-28,CU0446,SP014,ST004,PR018,3,59,15,150.45,Credit Card,Completed,,,
TXN005999,2022-02-26,CU0259,SP004,ST003,PR018,2,59,5,112.1,Gift Card,Cancelled,,,
TXN002641,2024-06-04,CU0169,SP008,ST009,PR032,2,69,0,138,Cash,Completed,,,
TXN006457,2024-06-18,CU0565,SP013,ST012,PR039,1,28,5,26.6,Cash,Completed,,,
TXN005950,2022-01-27,CU0279,SP007,ST012,PR018,1,59,5,56.05,Online Transfer,Returned,,,
TXN000588,2023-11-03,CU0013,SP003,ST006,PR007,1,699,10,658.13,Cash,Returned,,,
TXN004608,2023-09-03,CU0456,SP008,ST006,PR018,1,59,0,59,Online Transfer,Completed,,,
TXN006614,2023-06-10,CU0002,SP003,ST010,PR021,2,24,10,43.2,Online Transfer,Completed,,,
TXN000959,2022-09-30,CU0569,SP015,ST011,PR023,4,179,20,572.8,Online Transfer,Completed,,,
TXN004335,2024-06-19,CU0289,SP009,ST005,PR027,2,129,5,245.1,Debit Card,Completed,,,
TXN006385,2023-10-08,CU0148,SP005,ST011,PR023,3,179,5,510.15,Debit Card,Completed,,,
TXN008953,2022-12-27,CU0124,SP014,ST002,PR021,2,24,0,48,Credit Card,Completed,,,
TXN005891,2023-12-03,,SP006,ST007,PR037,2,289,0,578,Credit Card,Returned,,,
TXN000054,2022-04-09,CU0361,SP014,ST003,PR001,1,999,5,949.05,Debit Card,Completed,,,
TXN005202,2022-03-31,CU0015,SP012,ST001,PR029,1,169,0,169,Online Transfer,Returned,,,
TXN004695,2022-07-09,CU0169,SP002,ST004,PR006,1,79,5,75.05,Credit Card,Completed,,,
TXN008275,2022-08-05,CU0188,SP001,ST003,PR029,1,169,5,160.55,Credit Card,Returned,,,
TXN001757,2023-11-29,CU0326,SP008,ST011,PR037,1,289,0,289,Cash,Completed,,,
TXN001309,2022-07-06,CU0149,SP001,ST003,PR006,1,79,0,79,Debit Card,Returned,,,
TXN001826,2022-09-22,CU0338,SP005,ST009,PR013,1,89,0,89,Credit Card,Returned,,,
TXN007581,2023-01-08,CU0289,SP009,ST009,PR020,1,159,10,143.1,Online Transfer,Completed,,,
TXN004075,2022-11-21,CU0164,SP002,ST007,PR021,3,24,15,61.2,Debit Card,Completed,,,
TXN003293,2023-08-08,CU0411,SP011,ST004,PR022,3,89,10,240.3,Debit Card,Cancelled,,,
TXN003934,2023-03-06,CU0424,SP001,ST001,PR024,1,45,15,38.25,Online Transfer,Completed,,,
TXN001325,2024-01-22,CU0342,SP014,ST007,PR035,2,49,20,78.4,Debit Card,Completed,,,
TXN001423,2024-02-18,CU0536,SP007,ST009,PR006,1,79,0,79,Credit Card,Completed,,,
TXN003880,2023-11-30,CU0104,SP010,ST008,PR004,1,299,20,239.2,Credit Card,Completed,,,
TXN004003,2023-05-17,CU0203,SP007,ST003,PR025,1,65,20,52,Cash,Cancelled,,,
TXN007747,2023-02-12,CU0577,SP009,ST008,PR034,1,79,15,67.15,Online Transfer,Completed,,,
TXN007812,2022-04-25,CU0419,SP014,ST010,PR040,1,22,10,19.8,Gift Card,Completed,,,
TXN006640,2024-06-30,CU0509,SP012,ST005,PR034,1,79,0,79,Debit Card,Completed,,,
TXN001191,2023-07-09,CU0409,SP010,ST010,PR014,1,139,0,139,Credit Card,Completed,,,
TXN005452,2022-08-30,CU0071,SP015,ST012,PR038,2,39,5,74.1,Credit Card,Completed,,,
TXN000098,2023-02-02,,SP007,ST005,PR015,2,59,0,118,Online Transfer,Completed,,,
TXN008923,2023-03-10,CU0304,SP008,ST012,PR036,1,249,0,249,Online Transfer,Completed,,,
TXN001582,2023-04-03,CU0422,SP004,ST010,PR031,3,399,0,1197,Gift Card,Completed,,,
TXN000863,2022-04-02,CU0357,SP004,ST005,PR017,5,99,10,445.5,Credit Card,Completed,,,
TXN008401,2023-04-25,CU0402,SP005,ST011,PR028,2,89,0,178,Credit Card,Completed,,,
TXN004941,2022-03-18,CU0042,SP010,ST002,PR002,1,749,5,711.55,Credit Card,Completed,,,
TXN000866,2022-11-16,CU0069,SP004,ST002,PR026,2,189,0,378,Debit Card,Returned,,,
TXN003697,2023-08-27,CU0355,SP014,ST009,PR038,1,39,5,37.05,Cash,Completed,,,
TXN003163,2022-07-01,CU0328,SP009,ST007,PR003,2,549,5,1043.1,Online Transfer,Returned,,,
TXN008212,2022-09-18,CU0008,SP013,ST001,PR014,1,139,0,139,Cash,Returned,,,
TXN003359,2022-02-17,CU0487,SP008,ST006,PR040,1,22,5,20.9,Credit Card,Completed,,,
TXN005998,2022-06-07,CU0515,SP011,ST002,PR030,1,149,15,126.65,Credit Card,Completed,,,
TXN004198,2024-03-30,CU0175,SP001,ST009,PR024,2,45,0,90,Gift Card,Returned,,,
TXN005419,2022-04-21,CU0399,SP015,ST006,PR030,2,149,15,253.3,Credit Card,Completed,,,
TXN005902,2022-01-01,CU0321,SP013,ST005,PR017,2,99,0,198,Debit Card,Cancelled,,,
TXN003724,2023-06-08,,SP011,ST006,PR040,2,22,5,41.8,Online Transfer,Completed,,,
TXN003217,2024-06-23,CU0285,SP015,ST004,PR002,2,749,0,1498,Online Transfer,Cancelled,,,
TXN006414,2023-03-24,CU0386,SP011,ST010,PR025,3,65,0,195,Credit Card,Cancelled,,,
TXN004273,2022-02-21,CU0578,SP003,ST003,PR003,1,549,5,521.55,Cash,Completed,,,
TXN001540,2024-03-27,CU0536,SP007,ST010,PR028,1,89,5,84.55,Online Transfer,Completed,,,
TXN003927,2022-02-03,CU0300,SP011,ST008,PR035,2,49,0,98,Online Transfer,Completed,,,
TXN006833,2022-11-15,CU0287,SP015,ST003,PR030,2,149,5,283.1,Cash,Completed,,,
TXN006107,2022-05-04,CU0121,SP012,ST006,PR004,2,299,0,598,Gift Card,Completed,,,
TXN003252,2024-04-06,CU0543,SP011,ST001,PR028,2,89,10,160.2,Credit Card,Completed,,,
TXN003203,2023-05-12,CU0011,SP001,ST004,PR029,1,169,15,143.65,Debit Card,Completed,,,
TXN000766,2023-09-20,CU0143,SP004,ST012,PR038,1,39,0,42.41,Credit Card,Completed,,,
TXN006925,2022-03-01,CU0196,SP005,ST011,PR017,3,99,0,297,Debit Card,Completed,,,
TXN001719,2023-12-16,CU0205,SP012,ST012,PR013,1,89,10,80.1,Cash,Completed,,,
TXN002029,2023-01-16,CU0341,SP009,ST004,PR017,2,99,0,198,Online Transfer,Completed,,,
TXN006910,2023-04-28,CU0259,SP014,ST003,PR004,3,299,5,852.15,Debit Card,Completed,,,
TXN006997,2022-06-09,,SP012,ST007,PR017,3,99,20,237.6,Cash,Completed,,,
TXN006082,2022-08-26,CU0564,SP001,ST001,PR031,2,399,10,718.2,Credit Card,Completed,,,
TXN007615,2023-12-04,CU0021,SP006,ST011,PR023,2,179,0,358,Credit Card,Cancelled,,,
TXN002623,2024-04-23,CU0323,SP005,ST005,PR031,1,399,5,379.05,Credit Card,Cancelled,,,
TXN002332,2023-12-08,CU0245,SP007,ST009,PR010,2,199,20,318.4,Debit Card,Cancelled,,,
TXN002182,2022-07-09,CU0511,SP003,ST001,PR014,1,139,15,118.15,Credit Card,Completed,,,
TXN001161,2023-07-01,CU0398,SP001,ST001,PR031,4,399,0,1596,Cash,Returned,,,
TXN007061,2024-04-03,CU0223,SP008,ST012,PR009,1,379,10,341.1,Cash,Completed,,,
TXN002948,2023-12-26,CU0217,SP006,ST002,PR038,4,39,15,132.6,Debit Card,Completed,,,
TXN008642,2022-07-29,CU0479,SP010,ST011,PR035,1,49,10,44.1,Credit Card,Returned,,,
TXN001814,2023-08-11,CU0135,SP002,ST005,PR018,1,59,5,56.05,Debit Card,Completed,,,
TXN006835,2023-05-11,CU0187,SP014,ST008,PR008,1,449,0,449,Debit Card,Completed,,,
TXN008000,2022-05-10,CU0225,SP009,ST007,PR023,3,179,0,537,Cash,Completed,,,
TXN002223,2024-01-19,CU0004,SP002,ST012,PR036,1,249,5,236.55,Credit Card,Completed,,,
TXN006254,2022-03-15,CU0239,SP002,ST010,PR006,2,79,0,158,Debit Card,Completed,,,
TXN007314,2023-07-19,CU0351,SP012,ST002,PR020,2,159,5,302.1,Cash,Completed,,,
TXN002685,2024-02-19,CU0309,SP008,ST009,PR030,2,149,0,298,Credit Card,Completed,,,
TXN007997,2024-06-11,CU0572,SP010,ST003,PR012,1,29,0,29,Credit Card,Completed,,,
TXN001283,2022-02-07,,SP003,ST008,PR035,1,49,0,49,Credit Card,Cancelled,,,
TXN000341,2022-09-20,CU0551,SP011,ST010,PR006,2,79,10,142.2,Credit Card,Completed,,,
TXN002062,2023-09-18,CU0446,SP010,ST009,PR016,4,49,5,186.2,Online Transfer,Completed,,,
TXN006211,2022-03-11,CU0204,SP002,ST003,PR004,1,299,0,299,Credit Card,Completed,,,
TXN001581,2022-06-26,CU0359,SP001,ST002,PR023,1,179,10,161.1,Online Transfer,Completed,,,
TXN004326,2024-06-26,CU0114,SP014,ST006,PR018,2,59,5,112.1,Debit Card,Completed,,,
TXN001883,2022-05-10,CU0549,SP012,ST005,PR006,1,79,0,79,Debit Card,Completed,,,
TXN002103,2023-01-07,CU0056,SP002,ST006,PR011,1,499,5,474.05,Debit Card,Completed,,,
TXN006113,2023-05-05,CU0037,SP009,ST002,PR016,2,49,0,98,Online Transfer,Cancelled,,,
TXN003527,2023-10-24,CU0158,SP004,ST010,PR038,1,39,0,39,Credit Card,Cancelled,,,
TXN006523,2023-11-22,CU0001,SP006,ST004,PR001,2,999,0,1998,Debit Card,Completed,,,
TXN004309,2023-06-01,CU0303,SP002,ST007,PR007,1,699,0,699,Cash,Completed,,,
TXN008935,2023-08-08,CU0538,SP007,ST008,PR033,2,119,0,238,Cash,Completed,,,
TXN004824,2023-06-15,CU0318,SP007,ST009,PR024,1,45,15,38.25,Credit Card,Returned,,,
TXN001854,2023-12-16,CU0558,SP013,ST005,PR010,2,199,0,398,Cash,Returned,,,
TXN007156,2022-09-20,CU0227,SP013,ST002,PR018,1,59,0,59,Credit Card,Completed,,,
TXN003299,2023-09-27,CU0529,SP004,ST001,PR039,1,28,10,25.2,Debit Card,Completed,,,
TXN006841,2022-05-01,CU0332,SP005,ST004,PR006,1,79,0,79,Cash,Completed,,,
TXN000635,2024-06-01,CU0552,SP014,ST003,PR010,1,199,0,199,Debit Card,Completed,,,
TXN007003,2022-06-09,CU0279,SP001,ST010,PR006,1,79,15,67.15,Cash,Cancelled,,,
TXN004305,2023-05-13,CU0330,SP002,ST009,PR019,1,119,0,119,Cash,Returned,,,
TXN003486,2023-12-09,CU0430,SP008,ST005,PR001,2,999,0,1998,Debit Card,Cancelled,,,
TXN005000,2023-02-03,CU0514,SP001,ST003,PR024,1,45,0,45,Credit Card,Completed,,,
TXN003564,2022-07-20,CU0475,SP015,ST005,PR032,1,69,15,58.65,Credit Card,Completed,,,
TXN006575,2022-12-27,CU0416,SP005,ST009,PR037,3,289,0,867,Credit Card,Completed,,,
TXN000534,2022-01-14,CU0021,SP013,ST009,PR005,1,129,10,116.1,Credit Card,Completed,,,
TXN004627,2023-08-07,CU0580,SP004,ST011,PR023,1,179,20,143.2,Credit Card,Completed,,,
TXN001326,2023-10-06,CU0483,SP001,ST009,PR038,4,39,0,156,Cash,Completed,,,
TXN005269,2022-09-03,CU0182,SP007,ST006,PR028,3,89,10,240.3,Credit Card,Completed,,,
TXN004869,2023-05-04,CU0008,SP005,ST005,PR021,2,24,10,43.2,Credit Card,Completed,,,
TXN001777,2024-01-13,CU0434,SP009,ST004,PR036,1,249,20,199.2,Credit Card,Cancelled,,,
TXN003069,2023-07-28,CU0362,SP012,ST012,PR008,1,449,0,449,Gift Card,Completed,,,
TXN001353,2023-09-19,CU0321,SP004,ST011,PR020,1,159,0,159,Cash,Completed,,,
TXN003805,2023-03-13,CU0486,SP005,ST002,PR029,2,169,5,321.1,Gift Card,Returned,,,
TXN003932,2023-09-12,CU0399,SP006,ST009,PR031,1,399,20,319.2,Debit Card,Completed,,,
TXN001984,2024-04-27,CU0570,SP009,ST001,PR016,1,49,0,49,Cash,Completed,,,
TXN003526,2024-04-09,CU0237,SP010,ST012,PR040,4,22,20,70.4,Gift Card,Returned,,,
TXN008734,2022-04-16,CU0039,SP009,ST008,PR036,1,249,0,249,Online Transfer,Completed,,,
TXN007524,2023-08-25,CU0195,SP004,ST009,PR040,2,22,5,41.8,Online Transfer,Completed,,,
TXN006596,2022-04-02,CU0147,SP005,ST006,PR025,3,65,0,195,Online Transfer,Completed,,,
TXN008756,2023-05-31,CU0419,SP007,ST011,PR011,1,499,0,499,Credit Card,Completed,,,
TXN007632,2024-06-09,CU0143,SP012,ST011,PR039,1,28,0,28,Debit Card,Returned,,,
TXN002667,2024-03-04,CU0454,SP008,ST003,PR025,1,65,5,61.75,Cash,Returned,,,
TXN007797,2024-05-24,CU0491,SP008,ST011,PR021,1,24,5,22.8,Credit Card,Completed,,,
TXN002243,2022-04-13,CU0152,SP008,ST004,PR006,2,79,10,142.2,Credit Card,Completed,,,
TXN007804,2023-11-30,CU0591,SP012,ST008,PR009,1,379,0,379,Debit Card,Completed,,,
TXN001880,2023-10-25,CU0425,SP004,ST008,PR005,1,129,0,129,Credit Card,Completed,,,
TXN005488,2022-04-18,CU0255,SP007,ST001,PR015,1,59,0,59,Credit Card,Completed,,,
TXN008464,2024-06-09,CU0294,SP008,ST001,PR009,1,379,10,341.1,Credit Card,Completed,,,
TXN002355,2024-06-04,CU0426,SP012,ST007,PR011,1,499,10,449.1,Online Transfer,Cancelled,,,
TXN006476,2023-10-03,CU0577,SP007,ST011,PR007,2,699,10,1258.2,Credit Card,Returned,,,
TXN000495,2024-05-17,CU0474,SP001,ST008,PR001,1,999,5,949.05,Online Transfer,Completed,,,
TXN004591,2022-07-26,CU0504,SP009,ST002,PR001,1,999,0,999,Debit Card,Completed,,,
TXN003129,2022-12-18,CU0017,SP013,ST012,PR039,3,28,20,67.2,Cash,Completed,,,
TXN005814,2023-03-09,CU0538,SP011,ST002,PR002,1,749,5,711.55,Debit Card,Completed,,,
TXN007426,2024-01-05,CU0470,SP005,ST004,PR006,2,79,0,158,Debit Card,Cancelled,,,
TXN007464,2023-02-03,CU0439,SP012,ST001,PR033,1,119,5,113.05,Online Transfer,Completed,,,
TXN003370,2023-05-12,CU0227,SP004,ST006,PR004,2,299,5,568.1,Cash,Completed,,,
TXN001631,2022-01-07,CU0012,SP012,ST012,PR015,1,59,0,59,Cash,Completed,,,
TXN002179,2022-03-03,CU0114,SP003,ST008,PR009,1,379,10,290.1,Debit Card,Returned,,,
TXN003896,2024-04-04,CU0092,SP007,ST004,PR023,1,179,0,179,Online Transfer,Completed,,,
TXN002064,2022-07-02,CU0446,SP002,ST008,PR034,2,79,0,158,Online Transfer,Completed,,,
TXN005745,2024-01-07,CU0293,SP001,ST001,PR014,1,139,0,139,Online Transfer,Cancelled,,,
TXN004485,2023-03-08,CU0376,SP007,ST003,PR039,2,28,10,50.4,Cash,Completed,,,
TXN003532,2023-12-09,CU0405,,ST012,PR020,3,159,20,381.6,Cash,Completed,,,
TXN000692,2024-04-12,CU0443,SP011,ST001,PR011,1,499,5,474.05,Online Transfer,Completed,,,
TXN000227,2022-06-10,CU0133,SP009,ST007,PR021,1,24,0,24,Credit Card,Returned,,,
TXN003512,2023-01-01,CU0345,SP012,ST011,PR027,1,129,10,116.1,Online Transfer,Completed,,,
TXN001470,2023-08-02,CU0034,SP008,ST005,PR026,2,189,0,378,Credit Card,Returned,,,
TXN000373,2022-02-10,CU0397,SP004,ST004,PR040,2,22,0,44,Gift Card,Completed,,,
TXN005875,2022-01-25,CU0144,SP013,ST008,PR012,1,29,0,29,Credit Card,Completed,,,
TXN002210,2022-10-22,CU0238,SP004,ST011,PR038,1,39,0,39,Cash,Completed,,,
TXN007170,2023-09-10,CU0292,SP013,ST002,PR015,2,59,10,106.2,Cash,Completed,,,
TXN004380,2024-02-03,CU0172,SP007,ST012,PR021,1,24,5,22.8,Cash,Completed,,,
TXN002726,2023-02-21,CU0609,SP013,ST011,PR016,1,49,15,41.65,Online Transfer,Completed,,,
TXN003499,2023-10-10,CU0286,SP013,ST008,PR038,2,39,0,78,Debit Card,Completed,,,
TXN000831,2022-08-17,CU0598,SP014,ST008,PR012,1,29,0,29,Credit Card,Completed,,,
TXN007538,2024-04-25,CU0196,SP003,ST009,PR025,1,65,0,65,Online Transfer,Completed,,,
TXN001142,2022-12-16,CU0255,SP001,ST005,PR016,2,49,10,88.2,Online Transfer,Completed,,,
TXN004406,2022-01-06,CU0475,SP007,ST010,PR022,2,89,0,178,Gift Card,Completed,,,
TXN003026,2023-06-07,CU0200,SP011,ST011,PR005,2,129,5,245.1,Debit Card,Completed,,,
TXN003602,2023-11-25,CU0138,SP003,ST011,PR014,1,139,20,111.2,Gift Card,Cancelled,,,
TXN003860,2024-04-27,CU0218,SP006,ST011,PR013,1,89,10,80.1,Gift Card,Returned,,,
TXN003682,2023-12-14,CU0037,SP010,ST012,PR020,4,159,5,604.2,Debit Card,Completed,,,
TXN008131,2023-07-26,CU0142,SP009,ST007,PR038,3,39,10,105.3,Debit Card,Completed,,,
TXN005903,2022-08-08,CU0171,SP015,ST007,PR035,2,49,5,93.1,Credit Card,Completed,,,
TXN005092,2022-04-30,CU0296,SP003,ST010,PR031,1,399,15,339.15,Online Transfer,Completed,,,
TXN005884,2024-03-31,CU0518,SP013,ST002,PR017,2,99,0,198,Online Transfer,Completed,,,
TXN006655,2024-04-19,CU0033,,ST012,PR012,1,29,20,23.2,Debit Card,Completed,,,
TXN002838,2023-07-02,CU0166,SP004,ST001,PR033,2,119,5,226.1,Cash,Completed,,,
TXN006413,2024-06-14,CU0172,SP014,ST007,PR039,1,28,15,23.8,Credit Card,Completed,,,
TXN004044,2023-12-17,CU0152,SP014,ST005,PR010,2,199,10,358.2,Cash,Completed,,,
TXN005836,2024-05-31,CU0436,SP004,ST004,PR018,2,59,0,124.95,Credit Card,Completed,,,
TXN004792,2023-12-09,CU0358,SP003,ST005,PR037,2,289,10,520.2,Credit Card,Completed,,,
TXN007883,2022-02-28,CU0573,SP002,ST009,PR012,2,29,10,52.2,Online Transfer,Returned,,,
TXN008640,2024-06-16,CU0352,SP011,ST011,PR003,1,549,0,549,Credit Card,Completed,,,
TXN000383,2022-10-04,CU0181,SP002,ST003,PR004,1,299,5,284.05,Debit Card,Returned,,,
TXN003533,2024-05-31,CU0176,SP014,ST009,PR039,1,28,15,23.8,Credit Card,Returned,,,
TXN007097,2024-05-22,CU0392,SP008,ST011,PR009,1,379,10,341.1,Credit Card,Cancelled,,,
TXN005230,2024-01-22,CU0283,SP010,ST002,PR039,2,28,5,53.2,Debit Card,Completed,,,
TXN006262,2022-07-22,CU0174,SP011,ST001,PR039,3,28,0,84,Credit Card,Completed,,,
TXN006368,2022-01-12,CU0497,SP013,ST005,PR014,1,139,0,139,Online Transfer,Completed,,,
TXN008270,2024-06-29,CU0033,SP008,ST004,PR014,1,139,10,125.1,Debit Card,Completed,,,
TXN006779,2024-02-11,CU0410,SP003,ST002,PR006,2,79,0,158,Credit Card,Completed,,,
TXN001658,2023-12-10,CU0424,,ST002,PR032,2,69,10,124.2,Gift Card,Completed,,,
TXN000546,2023-05-23,CU0538,SP008,ST003,PR031,2,399,10,635.8,Gift Card,Completed,,,
TXN001559,2023-08-02,CU0176,SP010,ST001,PR009,2,379,5,720.1,Gift Card,Completed,,,
TXN005289,2022-05-07,CU0179,SP006,ST007,PR029,1,169,5,160.55,Credit Card,Completed,,,
TXN003182,2022-04-08,CU0101,SP007,ST007,PR012,1,29,0,29,Gift Card,Completed,,,
TXN003740,2022-09-08,CU0372,SP011,ST002,PR033,3,119,0,357,Cash,Completed,,,
TXN001578,2023-10-14,CU0368,SP012,ST009,PR023,3,179,15,456.45,Online Transfer,Returned,,,
TXN007673,2024-02-15,CU0582,SP010,ST002,PR034,2,79,0,158,Credit Card,Completed,,,
TXN006807,2022-09-06,CU0412,SP015,ST001,PR005,2,129,5,245.1,Cash,Completed,,,
TXN002544,2023-03-30,CU0011,SP010,ST012,PR031,4,399,10,1436.4,Online Transfer,Completed,,,
TXN008921,2022-01-11,CU0194,SP014,ST003,PR022,1,89,0,89,Credit Card,Completed,,,
TXN007499,2023-10-11,CU0061,SP006,ST007,PR008,1,449,20,359.2,Credit Card,Completed,,,
TXN002699,2023-05-13,CU0193,SP013,ST009,PR035,1,49,5,46.55,Cash,Completed,,,
TXN007133,2024-02-08,CU0257,SP003,ST011,PR023,2,179,5,340.1,Credit Card,Completed,,,
TXN002774,2024-06-21,CU0108,SP010,ST006,PR019,2,119,20,190.4,Debit Card,Completed,,,
TXN001875,2024-02-15,CU0107,SP015,ST002,PR028,4,89,10,320.4,Cash,Completed,,,
TXN003803,2024-04-15,CU0570,SP007,ST012,PR004,2,299,0,598,Debit Card,Returned,,,
TXN006796,2024-04-05,CU0336,SP013,ST001,PR021,3,24,0,72,Cash,Completed,,,
TXN002770,2024-03-17,CU0067,SP002,ST009,PR020,4,159,0,636,Credit Card,Completed,,,
TXN002028,2023-08-16,CU0047,SP005,ST012,PR025,1,65,10,58.5,Cash,Completed,,,
TXN001173,2024-06-21,CU0037,SP014,ST012,PR032,2,69,15,117.3,Online Transfer,Cancelled,,,
TXN000907,2024-02-28,CU0041,SP008,ST012,PR025,1,65,10,58.5,Debit Card,Returned,,,
TXN007795,2022-06-18,CU0508,SP009,ST004,PR032,2,69,20,110.4,Credit Card,Completed,,,
TXN008471,2023-10-11,CU0324,SP004,ST008,PR009,1,379,0,379,Cash,Completed,,,
TXN008614,2023-08-03,CU0550,SP011,ST002,PR001,2,999,10,1798.2,Gift Card,Completed,,,
TXN001388,2022-05-02,CU0033,SP003,ST007,PR007,1,699,10,629.1,Cash,Completed,,,
TXN004957,2023-06-07,CU0216,SP015,ST012,PR016,2,49,20,78.4,Debit Card,Completed,,,
TXN004842,2023-06-02,CU0168,SP009,ST011,PR022,1,89,0,89,Credit Card,Returned,,,
TXN000176,2022-11-08,CU0457,SP002,ST011,PR022,3,89,0,267,Gift Card,Completed,,,
TXN008863,2024-02-01,CU0468,SP011,ST005,PR039,2,28,10,50.4,Credit Card,Cancelled,,,
TXN000755,2023-03-28,CU0187,SP008,ST001,PR039,3,28,20,67.2,Debit Card,Completed,,,
TXN003946,2022-12-03,CU0555,SP002,ST002,PR024,2,45,0,90,Credit Card,Completed,,,
TXN002870,2022-12-29,CU0481,SP005,ST001,PR039,2,28,5,53.2,Credit Card,Completed,,,
TXN000761,2022-07-24,CU0390,SP007,ST001,PR029,1,169,10,152.1,Online Transfer,Returned,,,
TXN007406,2023-08-24,CU0339,SP010,ST012,PR030,1,149,0,149,Credit Card,Completed,,,
TXN006947,2023-07-16,CU0309,SP011,ST006,PR007,1,699,15,594.15,Debit Card,Completed,,,
TXN004126,2023-07-09,CU0062,SP010,ST010,PR030,2,149,0,298,Credit Card,Completed,,,
TXN004251,2023-03-16,CU0327,SP005,ST004,PR012,1,29,10,26.1,Online Transfer,Completed,,,
TXN003560,2022-12-23,CU0114,SP012,ST012,PR023,1,179,10,161.1,Cash,Completed,,,
TXN001268,2023-01-14,CU0400,SP015,ST012,PR024,1,45,5,42.75,Debit Card,Completed,,,
TXN006548,2023-06-12,CU0208,SP004,ST012,PR001,1,999,0,999,Credit Card,Cancelled,,,
TXN006140,2023-08-27,CU0442,SP013,ST010,PR020,1,159,0,159,Debit Card,Completed,,,
TXN003463,2023-06-22,CU0296,SP012,ST012,PR036,1,249,0,249,Credit Card,Completed,,,
TXN008802,2022-12-04,CU0511,SP015,ST009,PR030,1,149,0,149,Credit Card,Completed,,,
TXN006822,2023-12-06,CU0266,SP006,ST004,PR033,2,119,5,226.1,Online Transfer,Returned,,,
TXN003140,2023-12-04,CU0336,SP009,ST001,PR015,2,59,5,112.1,Online Transfer,Cancelled,,,
TXN002129,2023-05-07,CU0288,SP010,ST006,PR034,1,79,0,79,Debit Card,Completed,,,
TXN004034,2022-04-25,CU0108,SP011,ST007,PR039,1,28,5,26.6,Online Transfer,Completed,,,
TXN005921,2023-09-04,CU0524,SP011,ST001,PR009,1,379,20,303.2,Cash,Completed,,,
TXN004972,2024-06-19,CU0325,SP001,ST003,PR018,4,59,5,224.2,Credit Card,Completed,,,
TXN002894,2023-05-03,CU0473,SP007,ST005,PR029,2,169,5,321.1,Credit Card,Returned,,,
TXN004833,2023-05-26,CU0415,SP014,ST006,PR020,2,159,15,270.3,Debit Card,Returned,,,
TXN005522,2023-12-23,CU0175,SP015,ST010,PR023,3,179,10,483.3,Cash,Completed,,,
TXN000889,2022-04-11,CU0518,SP006,ST007,PR030,1,149,5,141.55,Credit Card,Cancelled,,,
TXN005350,2022-09-30,CU0473,SP009,ST004,PR005,3,129,10,348.3,Debit Card,Completed,,,
TXN008127,2024-06-08,CU0303,SP010,ST006,PR020,2,159,20,254.4,Online Transfer,Cancelled,,,
TXN006710,2024-04-15,CU0260,SP011,ST007,PR023,1,179,0,179,Debit Card,Completed,,,
TXN006777,2023-02-12,CU0570,SP015,ST006,PR034,3,79,0,237,Credit Card,Completed,,,
TXN005438,2024-05-22,CU0070,SP004,ST002,PR035,1,49,5,46.55,Cash,Completed,,,
TXN007125,2024-03-28,CU0404,SP003,ST012,PR014,1,139,5,132.05,Online Transfer,Completed,,,
TXN007281,2024-05-13,CU0422,SP011,ST010,PR032,2,69,10,124.2,Debit Card,Completed,,,
TXN002285,2023-05-19,CU0285,SP002,ST008,PR040,2,22,10,39.6,Credit Card,Returned,,,
TXN001686,2022-02-01,CU0304,SP008,ST011,PR008,1,449,10,367.34,Online Transfer,Completed,,,
TXN008523,2022-04-05,CU0515,SP006,ST001,PR016,3,49,20,117.6,Gift Card,Completed,,,
TXN001626,2024-05-02,CU0540,SP006,ST001,PR027,1,129,0,129,Cash,Completed,,,
TXN006077,2024-03-01,CU0432,SP005,ST011,PR020,2,159,15,270.3,Credit Card,Returned,,,
TXN008979,2023-12-12,CU0194,SP010,ST009,PR034,2,79,0,158,Cash,Returned,,,
TXN002968,2023-09-26,CU0553,SP010,ST011,PR036,2,249,5,473.1,Debit Card,Completed,,,
TXN000540,2023-04-09,CU0026,SP007,ST004,PR020,2,159,0,318,Debit Card,Completed,,,
TXN004615,2023-06-30,CU0579,SP013,ST012,PR030,1,149,5,141.55,Gift Card,Cancelled,,,
TXN007739,2022-07-13,CU0267,SP007,ST011,PR025,4,65,20,208,Debit Card,Completed,,,
TXN001888,2023-06-08,CU0437,SP003,ST003,PR014,2,139,5,264.1,Online Transfer,Completed,,,
TXN006825,2024-01-11,CU0051,SP010,ST010,PR018,1,59,10,53.1,Cash,Completed,,,
TXN007152,2022-03-20,CU0203,SP007,ST007,PR040,3,22,0,66,Credit Card,Cancelled,,,
TXN005565,2023-11-03,CU0560,SP015,ST003,PR009,1,379,15,322.15,Gift Card,Completed,,,
TXN003427,2023-01-12,CU0511,SP006,ST004,PR008,2,449,20,718.4,Online Transfer,Cancelled,,,
TXN008124,2022-06-03,CU0272,SP013,ST006,PR008,1,449,20,359.2,Credit Card,Completed,,,
TXN008563,2022-07-08,CU0275,SP009,ST004,PR025,1,65,0,65,Cash,Completed,,,
TXN005313,2022-01-15,CU0565,SP007,ST006,PR023,1,179,0,179,Credit Card,Cancelled,,,
TXN007367,2023-06-30,CU0217,SP013,ST001,PR032,1,69,15,58.65,Credit Card,Completed,,,
TXN001019,2022-04-30,CU0397,SP009,ST004,PR004,1,299,20,239.2,Gift Card,Completed,,,
TXN000318,2022-07-06,CU0276,SP002,ST008,PR027,1,129,0,129,Debit Card,Completed,,,
TXN004780,2023-05-31,CU0139,SP007,ST004,PR028,2,89,10,160.2,Online Transfer,Cancelled,,,
TXN002519,2023-03-15,CU0301,SP003,ST002,PR040,2,22,10,39.6,Cash,Completed,,,
TXN000207,2024-05-01,CU0389,SP011,ST002,PR016,1,49,10,44.1,Online Transfer,Completed,,,
TXN003271,2023-08-14,CU0038,SP009,ST004,PR017,2,99,5,188.1,Cash,Cancelled,,,
TXN007227,2023-09-07,CU0412,SP010,ST007,PR023,1,179,0,179,Cash,Completed,,,
TXN008691,2022-03-02,CU0083,SP010,ST011,PR011,2,499,0,998,Cash,Completed,,,
TXN001318,2024-02-03,CU0264,SP013,ST002,PR032,1,69,0,69,Online Transfer,Completed,,,
TXN007848,2023-10-28,CU0436,SP011,ST011,PR016,1,49,10,44.1,Credit Card,Cancelled,,,
TXN004540,2022-08-29,CU0301,SP010,ST010,PR018,3,59,10,159.3,Online Transfer,Cancelled,,,
TXN007906,2022-08-23,CU0211,SP011,ST010,PR005,1,129,0,129,Credit Card,Completed,,,
TXN000335,2023-08-03,CU0195,SP012,ST007,PR022,2,89,15,151.3,Credit Card,Returned,,,
TXN004284,2022-06-07,CU0242,SP015,ST009,PR024,4,45,20,144,Online Transfer,Completed,,,
TXN005042,2023-02-03,CU0334,SP004,ST010,PR001,2,999,15,1698.3,Credit Card,Completed,,,
TXN001411,2023-07-11,CU0010,SP005,ST009,PR020,1,159,0,159,Credit Card,Completed,,,
TXN000304,2022-01-11,CU0228,SP007,ST002,PR032,1,69,15,58.65,Debit Card,Cancelled,,,
TXN004626,2023-06-06,CU0081,SP010,ST012,PR018,2,59,15,100.3,Gift Card,Returned,,,
TXN008624,2023-01-18,CU0608,SP014,ST005,PR020,2,159,0,318,Credit Card,Returned,,,
TXN000333,2023-03-05,CU0259,SP015,ST009,PR040,3,22,10,59.4,Credit Card,Returned,,,
TXN006862,2023-12-19,CU0340,SP006,ST002,PR024,3,45,10,121.5,Cash,Completed,,,
TXN003466,2023-07-30,CU0532,SP004,ST008,PR026,1,189,0,189,Gift Card,Completed,,,
TXN001100,2024-05-09,CU0002,SP013,ST004,PR029,2,169,5,321.1,Cash,Cancelled,,,
TXN008679,2022-11-05,CU0459,SP005,ST008,PR026,2,189,10,340.2,Cash,Returned,,,
TXN008020,2023-05-21,CU0049,SP008,ST011,PR022,4,89,0,356,Credit Card,Cancelled,,,
TXN006032,2024-05-03,CU0437,SP011,ST004,PR005,1,129,20,103.2,Debit Card,Completed,,,
TXN005260,2024-01-10,CU0148,SP005,ST001,PR019,4,119,5,452.2,Credit Card,Completed,,,
TXN006809,2024-01-07,CU0530,SP005,ST006,PR019,3,119,0,357,Debit Card,Completed,,,
TXN006447,2022-10-24,CU0425,SP010,ST012,PR023,2,179,15,304.3,Debit Card,Completed,,,
TXN003824,2023-08-26,CU0052,SP009,ST012,PR032,3,69,0,207,Online Transfer,Completed,,,
TXN000453,2024-02-25,CU0144,SP010,ST005,PR032,2,69,5,131.1,Debit Card,Completed,,,
TXN007501,2022-04-06,CU0439,SP001,ST005,PR025,3,65,0,195,Credit Card,Completed,,,
TXN001714,2023-01-26,CU0104,SP003,ST012,PR023,3,179,15,456.45,Credit Card,Completed,,,
TXN006206,2022-06-10,CU0107,SP006,ST003,PR005,1,129,20,103.2,Credit Card,Returned,,,
TXN007038,2024-04-23,CU0433,SP007,ST012,PR034,3,79,5,225.15,Gift Card,Completed,,,
TXN001137,2022-06-05,CU0012,SP003,ST009,PR016,1,49,0,49,Debit Card,Completed,,,
TXN004696,2024-04-30,CU0240,SP001,ST005,PR031,1,399,20,319.2,Cash,Completed,,,
TXN001853,2024-04-21,CU0590,SP001,ST006,PR033,2,119,5,226.1,Online Transfer,Completed,,,
TXN003746,2024-06-07,CU0524,SP012,ST011,PR030,4,149,10,536.4,Credit Card,Completed,,,
TXN001587,2023-08-30,CU0006,SP012,ST001,PR019,1,119,15,101.15,Debit Card,Completed,,,
TXN001200,2022-06-16,CU0489,SP006,ST009,PR025,2,65,5,123.5,Debit Card,Completed,,,
TXN001429,2024-05-28,CU0588,SP008,ST005,PR007,2,699,5,1328.1,Cash,Completed,,,
TXN006310,2022-02-23,CU0144,SP004,ST004,PR015,1,59,5,56.05,Cash,Completed,,,
TXN006952,2023-03-31,CU0341,SP004,ST001,PR014,1,139,10,125.1,Online Transfer,Completed,,,
TXN003405,2024-05-14,CU0596,SP008,ST011,PR001,1,999,20,799.2,Credit Card,Cancelled,,,
TXN004040,2023-12-26,CU0602,SP003,ST011,PR029,2,169,0,338,Debit Card,Completed,,,
TXN004554,2022-11-25,CU0054,SP009,ST004,PR031,2,399,0,798,Credit Card,Completed,,,
TXN003159,2024-05-26,CU0430,SP011,ST010,PR024,1,45,0,45,Debit Card,Completed,,,
TXN007112,2023-07-10,CU0037,SP015,ST009,PR017,1,99,0,99,Debit Card,Completed,,,
TXN001623,2024-06-22,CU0146,SP015,ST011,PR022,1,89,0,89,Online Transfer,Completed,,,
TXN005067,2023-04-16,CU0140,SP003,ST010,PR039,1,28,10,25.2,Credit Card,Returned,,,
TXN001860,2024-02-01,CU0257,SP003,ST004,PR015,1,59,0,59,Debit Card,Completed,,,
TXN006974,2024-02-03,CU0422,SP007,ST011,PR037,1,289,10,260.1,Online Transfer,Completed,,,
TXN006908,2022-04-19,CU0484,SP008,ST002,PR003,1,549,10,494.1,Debit Card,Completed,,,
TXN001940,2023-03-04,CU0249,SP013,ST007,PR018,2,59,0,118,Online Transfer,Completed,,,
TXN004286,2022-03-13,CU0194,SP006,ST005,PR037,1,289,0,289,Credit Card,Returned,,,
TXN007087,2023-10-23,CU0064,SP014,ST003,PR040,2,22,0,44,Debit Card,Returned,,,
TXN003215,2023-04-07,CU0395,SP002,ST001,PR027,2,129,5,245.1,Debit Card,Returned,,,
TXN000262,2022-04-22,CU0353,SP014,ST003,PR014,1,139,10,125.1,Credit Card,Completed,,,
TXN003382,2022-12-20,CU0513,SP012,ST011,PR007,2,699,10,1258.2,Credit Card,Completed,,,
TXN000423,2022-09-28,CU0389,SP005,ST012,PR009,1,379,10,341.1,Debit Card,Completed,,,
TXN006712,2022-08-18,CU0123,SP007,ST002,PR003,1,549,0,549,Gift Card,Cancelled,,,
TXN005835,2023-10-22,CU0601,SP013,ST004,PR014,3,139,10,375.3,Debit Card,Completed,,,
TXN002256,2024-01-02,CU0162,SP001,ST004,PR012,1,29,0,29,Credit Card,Completed,,,
TXN003933,2022-05-10,CU0327,SP009,ST008,PR039,2,28,0,56,Online Transfer,Completed,,,
TXN008117,2023-05-24,CU0200,SP014,ST009,PR021,4,24,0,96,Debit Card,Completed,,,
TXN005708,2023-06-08,CU0128,SP004,ST012,PR035,2,49,0,98,Credit Card,Completed,,,
TXN006771,2024-06-28,CU0469,SP014,ST009,PR040,3,22,15,56.1,Cash,Completed,,,
TXN005473,2023-08-25,CU0053,SP008,ST011,PR030,1,149,10,134.1,Credit Card,Completed,,,
TXN004470,2022-04-09,CU0003,SP002,ST009,PR039,1,28,5,26.6,Cash,Completed,,,
TXN001167,2022-02-18,CU0440,SP005,ST005,PR027,1,129,10,116.1,Credit Card,Completed,,,
TXN004639,2023-12-22,CU0273,SP008,ST011,PR014,1,139,20,111.2,Online Transfer,Returned,,,
TXN007863,2022-04-12,CU0592,SP011,ST002,PR036,1,249,0,249,Debit Card,Cancelled,,,
TXN001099,2022-06-03,CU0385,SP003,ST001,PR034,2,79,5,150.1,Debit Card,Returned,,,
TXN001147,2024-05-09,CU0190,SP015,ST007,PR026,3,189,15,481.95,Cash,Completed,,,
TXN004858,2022-05-11,CU0226,SP003,ST009,PR019,2,119,0,238,Cash,Completed,,,
TXN000896,2022-04-21,CU0299,SP010,ST009,PR004,1,299,0,299,Cash,Completed,,,
TXN002271,2023-06-21,CU0491,SP003,ST012,PR021,3,24,15,61.2,Cash,Completed,,,
TXN004765,2024-03-26,CU0044,SP010,ST003,PR020,2,159,20,254.4,Cash,Completed,,,
TXN002061,2022-01-21,CU0394,SP008,ST011,PR015,1,59,0,59,Cash,Completed,,,
TXN004145,2023-05-11,CU0205,SP010,ST012,PR033,2,119,0,238,Credit Card,Cancelled,,,
TXN004887,2023-02-20,CU0513,SP012,ST008,PR013,1,89,5,84.55,Online Transfer,Completed,,,
TXN008581,2022-01-22,CU0254,SP011,ST004,PR038,3,39,10,105.3,Credit Card,Completed,,,
TXN001263,2024-04-28,CU0569,SP012,ST006,PR013,1,89,15,75.65,Cash,Completed,,,
TXN007413,2023-10-27,,SP007,ST002,PR039,4,28,20,89.6,Credit Card,Completed,,,
TXN005830,2022-06-07,CU0206,SP012,ST006,PR019,1,119,0,119,Credit Card,Completed,,,
TXN008975,2023-02-07,CU0509,SP014,ST011,PR011,1,499,15,424.15,Debit Card,Completed,,,
TXN000747,2022-02-22,CU0346,SP009,ST003,PR027,3,129,10,348.3,Debit Card,Completed,,,
TXN005563,2024-02-04,CU0354,SP001,ST009,PR007,1,699,5,664.05,Cash,Returned,,,
TXN008805,2022-09-28,CU0444,SP010,ST012,PR005,1,129,5,122.55,Credit Card,Completed,,,
TXN007239,2022-12-11,CU0527,SP008,ST012,PR033,1,119,15,101.15,Cash,Completed,,,
TXN004746,2022-10-08,CU0490,SP011,ST008,PR020,2,159,10,286.2,Cash,Completed,,,
TXN004477,2024-06-08,CU0200,SP005,ST002,PR012,1,29,0,29,Debit Card,Cancelled,,,
TXN002803,2022-01-01,CU0170,SP005,ST011,PR006,1,79,0,79,Credit Card,Completed,,,
TXN001822,2024-04-25,CU0272,SP002,ST012,PR004,1,299,10,269.1,Credit Card,Completed,,,
TXN004863,2023-03-19,CU0557,SP014,ST008,PR030,2,149,5,283.1,Cash,Completed,,,
TXN008235,2023-12-14,CU0075,SP014,ST001,PR031,2,399,0,798,Cash,Completed,,,
TXN003776,2022-12-01,CU0329,SP011,ST002,PR038,1,39,0,39,Credit Card,Cancelled,,,
TXN001831,2024-03-02,CU0219,SP007,ST008,PR035,1,49,10,44.1,Debit Card,Completed,,,
TXN008365,2022-01-31,CU0525,SP010,ST002,PR004,2,299,5,568.1,Debit Card,Completed,,,
TXN001545,2022-07-04,CU0181,SP003,ST011,PR008,1,449,0,449,Online Transfer,Cancelled,,,
TXN008947,2022-05-23,CU0249,SP002,ST002,PR038,1,39,10,35.1,Cash,Cancelled,,,
TXN001232,2023-05-04,CU0248,SP008,ST009,PR014,1,139,0,139,Cash,Completed,,,
TXN000164,2022-08-09,CU0501,SP001,ST002,PR023,1,179,0,179,Cash,Cancelled,,,
TXN000368,2022-09-04,CU0584,SP010,ST001,PR024,3,45,0,135,Credit Card,Completed,,,
TXN000313,2022-06-29,CU0137,SP009,ST006,PR039,1,28,10,25.2,Gift Card,Completed,,,
TXN007553,2022-04-13,CU0090,SP010,ST010,PR022,2,89,15,151.3,Cash,Cancelled,,,
TXN004038,2023-11-20,,,ST010,PR030,2,149,0,298,Online Transfer,Completed,,,
TXN005798,2023-12-08,CU0393,SP013,ST003,PR017,2,99,10,178.2,Credit Card,Returned,,,
TXN006789,2023-11-17,CU0433,SP006,ST002,PR021,2,24,10,43.2,Debit Card,Completed,,,
TXN008450,2022-09-26,CU0595,SP010,ST009,PR033,1,119,10,107.1,Credit Card,Completed,,,
TXN008028,2023-09-20,CU0005,SP012,ST011,PR037,1,289,10,260.1,Cash,Completed,,,
TXN008062,2024-06-29,CU0272,SP013,ST005,PR033,3,119,5,339.15,Debit Card,Completed,,,
TXN001931,2023-10-11,CU0291,SP011,ST004,PR033,1,119,0,119,Gift Card,Cancelled,,,
TXN005133,2023-03-04,CU0352,SP005,ST004,PR016,1,49,10,44.1,Online Transfer,Completed,,,
TXN000718,2022-04-21,CU0185,SP010,ST009,PR009,1,379,0,379,Gift Card,Completed,,,
TXN004655,2024-01-13,CU0458,SP013,ST010,PR024,3,45,20,108,Debit Card,Cancelled,,,
TXN000031,2023-04-08,CU0068,SP004,ST008,PR005,1,129,0,129,Gift Card,Completed,,,
TXN001577,2022-12-29,CU0059,SP003,ST006,PR021,2,24,5,45.6,Credit Card,Completed,,,
TXN000263,2024-04-15,CU0100,SP002,ST012,PR019,2,119,5,226.1,Credit Card,Completed,,,
TXN005868,2023-08-03,CU0237,SP011,ST012,PR014,2,139,5,264.1,Credit Card,Completed,,,
TXN000869,2024-02-24,CU0022,SP009,ST009,PR036,1,249,0,249,Credit Card,Completed,,,
TXN007221,2022-04-29,CU0548,SP001,ST010,PR024,2,45,0,90,Debit Card,Completed,,,
TXN008080,2022-05-17,CU0541,SP010,ST008,PR019,2,119,15,202.3,Debit Card,Completed,,,
TXN006642,2022-04-16,CU0446,SP003,ST009,PR018,3,59,0,177,Credit Card,Cancelled,,,
TXN004280,2023-10-17,CU0249,SP014,ST005,PR038,1,39,10,35.1,Cash,Completed,,,
TXN002782,2023-08-23,CU0216,SP006,ST004,PR028,1,89,0,89,Cash,Completed,,,
TXN000289,2022-02-27,CU0486,SP003,ST001,PR006,1,79,5,75.05,Gift Card,Returned,,,
TXN004233,2023-10-19,CU0405,SP012,ST005,PR037,1,289,0,289,Credit Card,Completed,,,
TXN007840,2022-04-11,CU0266,SP012,ST003,PR010,2,199,0,398,Credit Card,Returned,,,
TXN007146,2024-03-03,CU0253,SP002,ST005,PR017,1,99,5,94.05,Debit Card,Returned,,,
TXN008510,2024-06-03,CU0434,SP004,ST005,PR038,1,39,0,39,Cash,Returned,,,
TXN003536,2022-09-28,CU0009,SP008,ST002,PR024,1,45,5,42.75,Cash,Cancelled,,,
TXN004457,2024-01-03,CU0419,SP004,ST003,PR012,1,29,0,29,Online Transfer,Completed,,,
TXN003050,2024-01-31,CU0394,SP003,ST005,PR011,1,499,0,499,Cash,Completed,,,
TXN006202,2023-03-18,CU0304,SP004,ST012,PR012,3,29,5,82.65,Online Transfer,Returned,,,
TXN004095,2023-04-08,CU0007,SP013,ST003,PR023,3,179,10,483.3,Online Transfer,Returned,,,
TXN001193,2023-09-14,CU0016,SP009,ST004,PR023,2,179,15,304.3,Cash,Cancelled,,,
TXN003768,2023-07-04,CU0126,SP014,ST010,PR032,2,69,5,131.1,Online Transfer,Completed,,,
TXN005249,2022-01-13,CU0383,SP010,ST008,PR023,2,179,0,358,Online Transfer,Completed,,,
TXN000432,2024-01-20,CU0199,SP005,ST004,PR019,2,119,15,202.3,Debit Card,Completed,,,
TXN004372,2023-08-23,CU0487,SP011,ST004,PR023,4,179,10,644.4,Online Transfer,Completed,,,
TXN001140,2023-09-09,CU0436,SP001,ST010,PR034,1,79,0,79,Online Transfer,Completed,,,
TXN008288,2023-07-28,CU0118,SP011,ST004,PR034,1,79,10,71.1,Online Transfer,Completed,,,
TXN002901,2024-06-17,CU0392,SP013,ST006,PR011,1,499,5,474.05,Debit Card,Completed,,,
TXN003410,2023-10-31,CU0536,SP012,ST009,PR034,2,79,0,158,Debit Card,Completed,,,
TXN003661,2022-10-21,CU0395,SP013,ST003,PR009,2,379,20,606.4,Credit Card,Completed,,,
TXN003975,2022-12-23,CU0315,SP002,ST003,PR030,2,149,5,283.1,Cash,Completed,,,
TXN000433,2023-11-29,CU0255,SP002,ST004,PR006,2,79,20,126.4,Credit Card,Completed,,,
TXN008024,2022-02-11,CU0384,SP014,ST005,PR007,1,699,15,594.15,Debit Card,Completed,,,
TXN005082,2022-05-09,CU0602,SP003,ST001,PR003,1,549,10,494.1,Credit Card,Completed,,,
TXN004915,2024-03-27,CU0582,SP011,ST006,PR005,1,129,5,122.55,Online Transfer,Completed,,,
TXN001365,2024-03-04,CU0446,SP012,ST003,PR011,1,499,0,499,Cash,Returned,,,
TXN006062,2023-10-23,CU0220,SP007,ST001,PR039,1,28,0,28,Debit Card,Completed,,,
TXN008015,2024-02-22,CU0040,SP015,ST009,PR020,1,159,0,159,Cash,Completed,,,
TXN008165,2023-09-06,CU0175,SP010,ST004,PR028,3,89,5,253.65,Online Transfer,Completed,,,
TXN008436,2023-02-20,CU0526,SP002,ST010,PR034,1,79,15,67.15,Debit Card,Completed,,,
TXN004366,2023-05-23,CU0553,SP010,ST007,PR038,4,39,0,156,Online Transfer,Completed,,,
TXN005183,2022-02-05,CU0210,SP013,ST008,PR003,1,549,10,494.1,Debit Card,Returned,,,
TXN006855,2023-10-20,CU0495,SP013,ST009,PR028,1,89,20,71.2,Cash,Completed,,,
TXN002876,2024-05-21,CU0323,SP004,ST008,PR031,4,399,5,1516.2,Credit Card,Completed,,,
TXN008302,2024-01-06,CU0311,SP013,ST008,PR001,2,999,10,1798.2,Debit Card,Completed,,,
TXN004376,2023-03-28,,SP001,ST007,PR032,2,69,15,117.3,Credit Card,Completed,,,
TXN004147,2022-07-30,CU0468,SP005,ST009,PR020,2,159,0,318,Credit Card,Completed,,,
TXN003346,2023-08-18,CU0528,SP012,ST004,PR035,3,49,10,132.3,Debit Card,Cancelled,,,
TXN003885,2022-03-02,CU0505,SP005,ST002,PR033,1,119,10,107.1,Credit Card,Completed,,,
TXN008374,2023-11-04,CU0292,SP012,ST001,PR038,1,39,10,35.1,Debit Card,Completed,,,
TXN004541,2023-04-13,CU0165,SP003,ST012,PR019,4,119,10,428.4,Credit Card,Completed,,,
TXN004136,2022-10-26,CU0307,SP006,ST011,PR034,1,79,5,75.05,Debit Card,Completed,,,
TXN005305,2023-06-07,CU0375,SP009,ST010,PR026,1,189,20,151.2,Online Transfer,Completed,,,
TXN002765,2024-04-25,CU0388,SP010,ST009,PR010,2,199,0,398,Credit Card,Returned,,,
TXN003080,2023-06-26,CU0256,SP007,ST011,PR033,1,119,0,119,Cash,Completed,,,
TXN001260,2023-01-06,CU0596,SP005,ST005,PR015,1,59,10,53.1,Credit Card,Completed,,,
TXN005734,2023-04-26,CU0562,SP005,ST007,PR007,1,699,5,664.05,Cash,Completed,,,
TXN002151,2024-05-30,CU0578,SP003,ST003,PR030,3,149,5,424.65,Online Transfer,Completed,,,
TXN006079,2022-03-10,CU0139,SP009,ST012,PR026,1,189,0,189,Online Transfer,Completed,,,
TXN001647,2023-10-22,CU0393,SP005,ST003,PR030,2,149,0,298,Credit Card,Completed,,,
TXN002642,2023-09-06,CU0012,SP015,ST005,PR030,1,149,20,119.2,Debit Card,Completed,,,
TXN000315,2022-08-11,CU0528,SP014,ST001,PR038,3,39,10,105.3,Credit Card,Cancelled,,,
TXN004159,2023-06-09,CU0586,SP013,ST011,PR001,2,999,5,2048.03,Online Transfer,Completed,,,
TXN007225,2023-04-03,CU0566,SP007,ST010,PR022,2,89,0,178,Debit Card,Returned,,,
TXN002684,2024-05-15,CU0122,SP015,ST001,PR033,1,119,10,107.1,Debit Card,Completed,,,
TXN007345,2024-01-29,CU0382,SP011,ST009,PR025,4,65,15,221,Debit Card,Completed,,,
TXN006033,2023-09-04,CU0286,SP003,ST003,PR037,1,289,0,289,Credit Card,Cancelled,,,
TXN001850,2023-11-03,CU0481,SP009,ST007,PR033,1,119,0,119,Credit Card,Completed,,,
TXN007348,2024-03-01,CU0045,SP009,ST011,PR001,2,999,10,1798.2,Cash,Completed,,,
TXN002564,2022-01-08,CU0577,SP006,ST006,PR032,1,69,5,65.55,Cash,Completed,,,
TXN003313,2024-06-11,CU0514,SP002,ST002,PR010,1,199,0,199,Cash,Cancelled,,,
TXN007040,2022-06-12,CU0533,SP007,ST009,PR023,2,179,15,304.3,Debit Card,Completed,,,
TXN004011,2022-12-15,CU0034,SP010,ST011,PR031,1,399,10,359.1,Debit Card,Completed,,,
TXN007846,2024-03-22,CU0580,SP013,ST002,PR029,1,169,0,169,Debit Card,Completed,,,
TXN003276,2023-06-11,,SP014,ST008,PR022,2,89,0,178,Cash,Completed,,,
TXN005671,2022-04-17,CU0517,SP003,ST002,PR031,2,399,0,798,Online Transfer,Completed,,,
TXN001020,2022-02-19,CU0385,SP009,ST001,PR025,1,65,5,61.75,Credit Card,Completed,,,
TXN001276,2023-08-04,CU0469,SP004,ST002,PR039,2,28,0,56,Cash,Completed,,,
TXN000044,2024-06-14,CU0221,SP012,ST008,PR030,1,149,10,134.1,Online Transfer,Returned,,,
TXN007306,2022-07-02,CU0473,SP015,ST004,PR018,4,59,5,224.2,Online Transfer,Completed,,,
TXN005788,2024-02-10,CU0309,SP014,ST012,PR040,2,22,0,44,Credit Card,Completed,,,
TXN004254,2022-05-24,CU0437,SP008,ST003,PR035,1,49,15,41.65,Cash,Completed,,,
TXN007871,2022-09-27,CU0532,SP007,ST006,PR019,1,119,5,113.05,Online Transfer,Completed,,,
TXN000880,2022-12-22,CU0292,SP006,ST001,PR033,2,119,10,214.2,Debit Card,Completed,,,
TXN008588,2024-02-17,CU0140,SP010,ST005,PR027,1,129,0,129,Debit Card,Completed,,,
TXN003853,2023-10-30,CU0492,SP008,ST012,PR039,2,28,0,56,Credit Card,Completed,,,
TXN002650,2024-03-18,CU0074,SP004,ST005,PR005,1,129,20,103.2,Debit Card,Completed,,,
TXN004662,2023-02-04,CU0191,SP007,ST010,PR022,3,89,0,267,Credit Card,Completed,,,
TXN005901,2024-06-04,CU0565,SP008,ST009,PR024,2,45,5,85.5,Cash,Completed,,,
TXN003322,2023-09-15,CU0242,SP006,ST003,PR023,2,179,20,286.4,Debit Card,Completed,,,
TXN002933,2022-09-14,CU0516,SP009,ST008,PR009,1,379,5,360.05,Credit Card,Completed,,,
TXN005039,2023-02-22,,SP004,ST012,PR038,4,39,5,148.2,Debit Card,Completed,,,
TXN007229,2022-08-09,CU0403,SP001,ST001,PR009,1,379,5,360.05,Credit Card,Completed,,,
TXN002946,2023-11-16,,SP006,ST005,PR022,1,89,15,75.65,Debit Card,Completed,,,
TXN005768,2022-01-01,CU0491,SP009,ST011,PR015,1,59,0,59,Online Transfer,Completed,,,
TXN008022,2022-08-19,CU0317,SP008,ST012,PR037,2,289,0,578,Gift Card,Completed,,,
TXN005107,2022-01-19,CU0392,SP008,ST004,PR025,1,65,0,65,Online Transfer,Returned,,,
TXN002122,2024-01-18,CU0173,SP012,ST010,PR015,1,59,0,59,Online Transfer,Completed,,,
TXN002895,2022-12-11,CU0102,SP002,ST003,PR023,1,179,0,179,Gift Card,Completed,,,
TXN004465,2022-03-25,CU0431,SP009,ST010,PR019,1,119,0,119,Online Transfer,Completed,,,
TXN008638,2023-03-15,CU0527,SP014,ST010,PR030,1,149,0,149,Debit Card,Completed,,,
TXN005041,2022-04-07,CU0298,SP013,ST007,PR032,2,69,20,110.4,Debit Card,Completed,,,
TXN000077,2022-01-29,CU0132,SP014,ST006,PR017,3,99,0,297,Cash,Returned,,,
TXN007481,2023-10-10,CU0072,SP009,ST012,PR017,1,99,10,89.1,Credit Card,Cancelled,,,
TXN007126,2022-08-16,CU0051,SP010,ST008,PR039,1,28,5,26.6,Gift Card,Completed,,,
TXN006307,2024-02-27,CU0284,SP011,ST006,PR038,1,39,0,39,Cash,Completed,,,
TXN005081,2024-04-16,CU0393,SP003,ST007,PR019,3,119,20,285.6,Debit Card,Completed,,,
TXN003837,2024-02-03,CU0293,SP010,ST001,PR028,2,89,5,169.1,Credit Card,Completed,,,
TXN000260,2022-01-13,CU0095,SP011,ST012,PR037,1,289,20,231.2,Credit Card,Completed,,,
TXN000622,2022-01-29,CU0598,SP005,ST003,PR024,1,45,15,38.25,Gift Card,Returned,,,
TXN000252,2022-06-30,CU0311,SP005,ST010,PR020,2,159,5,302.1,Debit Card,Completed,,,
TXN003398,2022-07-24,CU0327,SP013,ST011,PR038,2,39,15,64.27,Credit Card,Completed,,,
TXN008542,2022-09-18,CU0521,SP015,ST005,PR034,1,79,0,79,Debit Card,Returned,,,
TXN005840,2024-04-13,CU0103,SP011,ST002,PR027,2,129,15,219.3,Cash,Completed,,,
TXN003433,2022-01-08,CU0093,SP015,ST008,PR019,4,119,10,428.4,Credit Card,Completed,,,
TXN003198,2022-10-30,CU0238,,ST011,PR018,1,59,20,47.2,Credit Card,Completed,,,
TXN008801,2023-02-27,CU0151,SP009,ST002,PR030,1,149,0,149,Debit Card,Completed,,,
TXN006810,2022-01-24,CU0216,SP011,ST012,PR025,1,65,5,61.75,Debit Card,Completed,,,
TXN007636,2023-02-22,CU0156,SP005,ST001,PR006,1,79,5,75.05,Gift Card,Returned,,,
TXN004864,2024-01-06,CU0029,SP010,ST005,PR006,2,79,10,142.2,Online Transfer,Completed,,,
TXN002116,2022-02-12,CU0024,SP005,ST002,PR026,4,189,20,604.8,Debit Card,Completed,,,
TXN004511,2022-05-06,CU0590,SP010,ST010,PR039,3,28,20,67.2,Debit Card,Cancelled,,,
TXN001338,2024-01-23,CU0265,SP014,ST008,PR009,1,379,5,360.05,Gift Card,Completed,,,
TXN008339,2022-08-26,CU0326,SP001,ST005,PR037,2,289,10,520.2,Debit Card,Completed,,,
TXN001179,2022-04-18,CU0461,SP011,ST003,PR013,1,89,0,89,Gift Card,Returned,,,
TXN001088,2023-12-11,CU0382,SP011,ST009,PR017,1,99,15,84.15,Credit Card,Completed,,,
TXN005518,2022-03-21,CU0263,SP001,ST011,PR030,1,149,10,134.1,Cash,Completed,,,
TXN008911,2023-07-13,CU0334,SP010,ST009,PR026,1,189,10,170.1,Cash,Completed,,,
TXN004266,2023-12-22,CU0342,SP006,ST012,PR026,1,189,20,151.2,Online Transfer,Completed,,,
TXN004979,2023-05-01,CU0525,SP014,ST002,PR003,1,549,5,521.55,Gift Card,Completed,,,
TXN004841,2023-01-18,CU0049,SP010,ST005,PR006,2,79,10,142.2,Credit Card,Completed,,,
TXN007141,2023-12-02,CU0534,SP007,ST008,PR038,1,39,0,39,Cash,Completed,,,
TXN002666,2022-12-24,CU0245,SP005,ST008,PR037,3,289,0,867,Credit Card,Completed,,,
TXN007477,2022-09-16,CU0032,SP004,ST004,PR013,1,89,5,84.55,Debit Card,Returned,,,
TXN001747,2023-05-24,CU0208,SP010,ST009,PR004,2,299,15,508.3,Cash,Cancelled,,,
TXN001494,2023-03-06,CU0308,SP007,ST001,PR006,1,79,0,78.98,Cash,Completed,,,
TXN002750,2022-06-29,CU0412,SP002,ST007,PR039,1,28,0,28,Credit Card,Cancelled,,,
TXN004110,2022-07-04,CU0584,SP011,ST011,PR009,1,379,10,341.1,Online Transfer,Returned,,,
TXN008728,2022-11-07,CU0402,SP010,ST011,PR011,1,499,0,499,Credit Card,Completed,,,
TXN002269,2023-12-26,CU0361,SP002,ST009,PR033,1,119,10,107.1,Credit Card,Completed,,,
TXN008095,2023-11-30,CU0151,SP001,ST009,PR018,1,59,10,53.1,Online Transfer,Completed,,,
TXN006053,2024-04-06,CU0149,SP012,ST012,PR003,1,549,0,549,Online Transfer,Cancelled,,,
TXN004390,2024-04-06,CU0464,SP009,ST011,PR036,3,249,10,672.3,Online Transfer,Completed,,,
TXN002915,2023-09-12,CU0588,SP015,ST005,PR006,2,79,10,142.2,Gift Card,Cancelled,,,
TXN002134,2023-03-28,CU0438,SP004,ST012,PR001,2,999,20,1598.4,Debit Card,Completed,,,
TXN000364,2023-12-28,CU0161,SP005,ST002,PR022,5,89,0,445,Debit Card,Completed,,,
TXN004223,2023-05-26,CU0234,SP010,ST003,PR026,2,189,15,321.3,Online Transfer,Completed,,,
TXN005444,2023-07-04,CU0195,SP003,ST005,PR021,1,24,0,27.03,Gift Card,Returned,,,
TXN000146,2022-05-06,CU0450,SP007,ST001,PR012,2,29,5,55.1,Credit Card,Completed,,,
TXN008920,2022-02-27,CU0202,SP009,ST009,PR040,1,22,0,22,Credit Card,Completed,,,
TXN000178,2022-03-03,CU0494,SP005,ST010,PR013,1,89,5,84.55,Credit Card,Completed,,,
TXN004546,2022-12-23,CU0355,SP015,ST010,PR011,1,499,0,499,Online Transfer,Completed,,,
TXN000029,2022-09-02,CU0490,SP012,ST010,PR035,2,49,0,98,Online Transfer,Returned,,,
TXN000400,2022-07-28,CU0027,SP007,ST001,PR026,2,189,0,378,Debit Card,Completed,,,
TXN006811,2023-02-08,CU0211,SP011,ST010,PR030,1,149,0,149,Cash,Completed,,,
TXN002474,2023-11-16,CU0513,SP003,ST002,PR018,1,59,0,59,Cash,Completed,,,
TXN005493,2023-02-25,CU0064,SP010,ST009,PR017,4,99,15,336.6,Debit Card,Completed,,,
TXN003897,2022-02-23,CU0358,SP009,ST003,PR005,2,129,0,258,Gift Card,Completed,,,
TXN002975,2023-07-13,CU0494,SP002,ST001,PR025,1,65,15,55.25,Credit Card,Completed,,,
TXN002266,2022-11-10,CU0221,SP012,ST007,PR002,2,749,0,1498,Cash,Completed,,,
TXN002380,2024-04-30,CU0582,SP002,ST012,PR018,4,59,5,224.2,Cash,Completed,,,
TXN005800,2023-02-11,CU0393,SP006,ST006,PR022,1,89,0,89,Debit Card,Returned,,,
TXN003446,2023-01-16,CU0481,SP004,ST007,PR031,1,399,0,399,Debit Card,Completed,,,
TXN006163,2023-01-17,CU0508,SP010,ST006,PR028,1,89,0,89,Debit Card,Completed,,,
TXN002980,2022-12-07,CU0321,SP008,ST004,PR016,5,49,0,245,Debit Card,Completed,,,
TXN002274,2022-04-16,CU0355,SP005,ST010,PR023,2,179,0,358,Debit Card,Completed,,,
TXN000543,2024-06-11,,SP012,ST004,PR031,2,399,15,678.3,Gift Card,Completed,,,
TXN008486,2022-06-21,CU0365,SP015,ST011,PR033,2,119,20,190.4,Cash,Completed,,,
TXN000729,2023-11-28,CU0318,SP004,ST011,PR030,1,149,0,149,Debit Card,Completed,,,
TXN002400,2022-06-17,CU0392,SP003,ST012,PR004,1,299,0,299,Online Transfer,Completed,,,
TXN000626,2024-01-30,CU0034,SP007,ST011,PR005,1,129,0,129,Gift Card,Completed,,,
TXN005449,2022-06-17,CU0166,SP005,ST007,PR034,3,79,0,237,Credit Card,Completed,,,
TXN004304,2024-02-28,CU0557,SP007,ST005,PR040,1,22,20,17.6,Cash,Cancelled,,,
TXN007922,2023-06-09,CU0303,SP001,ST007,PR022,2,89,15,151.3,Credit Card,Completed,,,
TXN008879,2024-03-08,CU0423,SP008,ST010,PR019,3,119,0,357,Online Transfer,Cancelled,,,
TXN000467,2022-03-11,CU0163,SP004,ST002,PR027,1,129,10,116.1,Credit Card,Completed,,,
TXN001320,2022-05-30,CU0608,SP006,ST009,PR019,2,119,10,214.2,Credit Card,Completed,,,
TXN003873,2023-06-28,CU0543,SP014,ST001,PR028,2,89,10,160.2,Online Transfer,Completed,,,
TXN001374,2024-06-22,CU0395,SP011,ST004,PR011,1,499,0,499,Cash,Returned,,,
TXN001361,2023-01-17,CU0524,SP011,ST002,PR029,2,169,10,304.2,Debit Card,Returned,,,
TXN002797,2022-02-08,CU0307,SP008,ST006,PR018,2,59,10,106.2,Gift Card,Completed,,,
TXN003206,2023-07-11,,SP007,ST009,PR025,2,65,0,130,Online Transfer,Completed,,,
TXN006595,2023-11-20,CU0030,SP008,ST005,PR026,2,189,5,359.1,Debit Card,Completed,,,
TXN000275,2023-05-09,CU0247,SP004,ST004,PR009,2,379,0,758,Gift Card,Completed,,,
TXN004862,2022-08-31,CU0335,SP010,ST002,PR013,1,89,0,89,Debit Card,Completed,,,
TXN005870,2023-01-19,CU0063,SP014,ST009,PR032,2,69,15,117.3,Online Transfer,Completed,,,
TXN004347,2024-01-23,CU0145,SP006,ST005,PR021,1,24,0,24,Credit Card,Completed,,,
TXN004921,2023-01-13,CU0485,SP008,ST009,PR012,1,29,0,29,Cash,Completed,,,
TXN004967,2023-05-15,CU0301,SP010,ST011,PR019,1,119,20,95.2,Credit Card,Completed,,,
TXN007592,2022-10-14,CU0128,SP011,ST006,PR021,1,24,10,21.6,Debit Card,Completed,,,
TXN002101,2023-08-12,CU0248,SP013,ST001,PR034,2,79,0,158,Debit Card,Completed,,,
TXN008479,2023-12-06,CU0247,SP010,ST006,PR038,1,39,15,33.15,Credit Card,Completed,,,
TXN003289,2023-02-22,CU0430,SP012,ST011,PR029,1,169,5,160.55,Gift Card,Cancelled,,,
TXN002521,2023-10-26,CU0210,SP005,ST005,PR020,2,159,5,302.1,Debit Card,Completed,,,
TXN006081,2022-08-04,CU0541,SP002,ST010,PR014,2,139,0,278,Credit Card,Returned,,,
TXN000932,2022-06-23,CU0522,SP004,ST007,PR001,1,999,5,949.05,Cash,Completed,,,
TXN001178,2023-08-24,CU0159,SP015,ST012,PR025,1,65,5,61.75,Cash,Cancelled,,,
TXN007027,2022-10-25,CU0131,SP013,ST001,PR037,1,289,10,260.1,Gift Card,Completed,,,
TXN001956,2023-08-27,CU0127,SP002,ST012,PR036,1,249,0,249,Debit Card,Completed,,,
TXN006009,2022-08-16,CU0439,SP009,ST004,PR008,1,449,5,426.55,Credit Card,Completed,,,
TXN003415,2023-09-06,CU0248,SP008,ST006,PR017,2,99,5,188.1,Credit Card,Completed,,,
TXN004320,2022-01-17,CU0167,SP001,ST011,PR022,1,89,0,89,Credit Card,Returned,,,
TXN000979,2023-09-26,CU0175,SP009,ST010,PR027,2,129,5,245.1,Credit Card,Completed,,,
TXN000159,2023-05-03,CU0080,SP006,ST011,PR023,2,179,15,304.3,Online Transfer,Cancelled,,,
TXN006255,2024-03-08,,SP005,ST007,PR033,2,119,10,214.2,Debit Card,Returned,,,
TXN005326,2024-02-03,CU0543,SP014,ST001,PR040,3,22,20,52.8,Debit Card,Completed,,,
TXN008595,2022-09-10,CU0530,SP014,ST004,PR040,2,22,0,44,Online Transfer,Completed,,,
TXN004087,2024-03-25,CU0393,SP012,ST001,PR027,1,129,10,116.1,Gift Card,Completed,,,
TXN003580,2022-12-19,CU0189,SP001,ST006,PR029,4,169,5,642.2,Online Transfer,Completed,,,
TXN008931,2023-12-12,CU0118,SP003,ST005,PR040,2,22,0,44,Cash,Completed,,,
TXN005655,2023-08-05,CU0440,SP006,ST010,PR006,3,79,0,237,Credit Card,Completed,,,
TXN002871,2024-06-15,CU0159,SP004,ST002,PR004,1,299,0,299,Credit Card,Completed,,,
TXN002604,2023-08-09,CU0499,SP005,ST003,PR025,1,65,5,61.75,Cash,Completed,,,
TXN006273,2022-02-17,CU0400,SP005,ST006,PR016,2,49,0,98,Cash,Completed,,,
TXN005411,2022-09-24,CU0310,SP001,ST012,PR021,2,24,5,45.6,Debit Card,Completed,,,
TXN007918,2024-01-16,CU0496,SP005,ST007,PR035,3,49,10,132.3,Online Transfer,Completed,,,
TXN001335,2022-08-09,CU0011,SP004,ST001,PR011,1,499,10,449.1,Cash,Completed,,,
TXN008432,2023-06-23,CU0164,SP013,ST007,PR007,2,699,0,1398,Cash,Returned,,,
TXN008566,2024-01-22,CU0126,SP010,ST003,PR022,1,89,5,84.55,Credit Card,Cancelled,,,
TXN001994,2023-01-18,CU0058,SP005,ST005,PR016,1,49,0,53.06,Debit Card,Completed,,,
TXN003983,2023-07-03,CU0398,SP001,ST011,PR036,1,249,0,249,Cash,Completed,,,
TXN001576,2022-02-12,CU0392,SP014,ST010,PR010,1,199,0,199,Cash,Returned,,,
TXN004985,2022-11-09,CU0322,SP011,ST010,PR010,3,199,15,507.45,Debit Card,Returned,,,
TXN007710,2023-10-02,CU0450,SP008,ST012,PR024,1,45,10,40.5,Debit Card,Completed,,,
TXN003156,2022-04-24,CU0174,SP005,ST010,PR021,4,24,10,86.4,Online Transfer,Cancelled,,,
TXN007291,2022-09-26,CU0304,SP010,ST008,PR017,2,99,10,178.2,Online Transfer,Completed,,,
TXN002452,2024-04-14,CU0569,SP014,ST008,PR005,2,129,0,258,Credit Card,Completed,,,
TXN007327,2022-08-29,CU0430,SP001,ST006,PR027,2,129,0,258,Online Transfer,Completed,,,
TXN001431,2022-11-03,CU0473,SP004,ST007,PR004,1,299,15,254.15,Debit Card,Returned,,,
TXN004433,2022-05-30,CU0423,SP011,ST004,PR023,3,179,15,456.45,Online Transfer,Completed,,,
TXN001966,2023-06-05,CU0298,SP004,ST003,PR032,2,69,20,110.4,Cash,Completed,,,
TXN001650,2023-10-27,CU0379,SP007,ST009,PR007,1,699,10,629.1,Credit Card,Completed,,,
TXN006402,2024-06-08,CU0109,SP013,ST010,PR013,1,89,10,80.1,Cash,Cancelled,,,
TXN005608,2024-02-06,CU0532,SP007,ST004,PR010,1,199,5,189.05,Credit Card,Completed,,,
TXN005726,2024-01-08,CU0546,SP002,ST008,PR014,1,139,5,132.05,Debit Card,Completed,,,
TXN004880,2022-06-21,CU0024,SP001,ST011,PR037,1,289,20,231.2,Online Transfer,Completed,,,
TXN000698,2023-02-12,CU0078,SP004,ST002,PR005,1,129,10,116.1,Credit Card,Completed,,,
TXN002045,2022-11-04,CU0096,SP011,ST011,PR026,2,189,0,378,Credit Card,Completed,,,
TXN008434,2024-01-01,CU0024,SP012,ST009,PR031,2,399,10,718.2,Credit Card,Completed,,,
TXN001682,2022-02-14,CU0571,SP010,ST005,PR029,3,169,0,507,Credit Card,Completed,,,
TXN006048,2023-01-12,CU0042,SP003,ST009,PR039,1,28,10,25.2,Debit Card,Completed,,,
TXN008786,2023-07-22,CU0037,SP013,ST004,PR036,3,249,5,709.65,Credit Card,Completed,,,
TXN006367,2022-06-01,CU0227,SP002,ST010,PR002,1,749,0,749,Gift Card,Completed,,,
TXN005559,2022-10-01,CU0090,SP001,ST003,PR026,1,189,0,189,Online Transfer,Returned,,,
TXN003134,2023-02-10,CU0439,SP004,ST008,PR008,1,449,10,404.1,Online Transfer,Completed,,,
TXN007496,2022-12-27,CU0439,SP008,ST002,PR017,1,99,10,89.1,Debit Card,Completed,,,
TXN004042,2024-04-20,CU0415,SP007,ST005,PR027,1,129,15,109.65,Debit Card,Returned,,,
TXN008189,2022-08-11,CU0354,SP015,ST009,PR024,5,45,5,213.75,Credit Card,Completed,,,
TXN003375,2022-08-17,CU0236,,ST011,PR023,1,179,0,179,Debit Card,Completed,,,
TXN007270,2022-01-25,CU0496,SP012,ST012,PR040,2,22,0,44,Online Transfer,Completed,,,
TXN008285,2022-08-20,CU0269,SP008,ST012,PR009,1,379,10,341.1,Gift Card,Completed,,,
TXN002367,2023-01-12,CU0337,SP012,ST005,PR027,1,129,0,129,Cash,Completed,,,
TXN004942,2022-07-10,CU0048,SP005,ST010,PR017,1,99,10,89.1,Debit Card,Completed,,,
TXN006453,2023-10-22,CU0073,SP006,ST004,PR018,1,59,5,56.05,Cash,Completed,,,
TXN002925,2024-06-15,CU0503,SP013,ST009,PR011,1,499,0,499,Credit Card,Completed,,,
TXN006497,2023-10-23,CU0327,SP011,ST002,PR006,1,79,15,67.15,Credit Card,Completed,,,
TXN007417,2022-05-30,CU0401,SP008,ST011,PR026,3,189,0,567,Credit Card,Completed,,,
TXN008307,2024-03-23,CU0008,SP012,ST002,PR038,1,39,5,37.05,Online Transfer,Cancelled,,,
TXN000654,2022-11-12,CU0027,SP009,ST010,PR038,1,39,0,39,Gift Card,Completed,,,
TXN007163,2022-07-10,CU0288,SP015,ST003,PR029,1,169,0,169,Debit Card,Cancelled,,,
TXN001479,2024-05-25,CU0561,SP007,ST008,PR040,1,22,0,22,Online Transfer,Completed,,,
TXN006881,2022-01-02,CU0483,SP001,ST012,PR020,2,159,0,318,Cash,Completed,,,
TXN002293,2022-07-15,CU0251,SP014,ST008,PR012,1,29,5,27.55,Gift Card,Completed,,,
TXN000886,2023-10-09,CU0540,SP003,ST011,PR028,2,89,15,151.3,Online Transfer,Completed,,,
TXN001469,2023-05-28,CU0320,SP008,ST005,PR002,2,749,10,1348.2,Cash,Completed,,,
TXN003339,2022-05-10,CU0609,SP001,ST011,PR032,3,69,5,196.65,Debit Card,Completed,,,
TXN006507,2022-07-15,CU0385,SP001,ST008,PR039,1,28,0,28,Credit Card,Cancelled,,,
TXN004728,2023-07-13,CU0077,SP015,ST005,PR001,1,999,5,949.05,Debit Card,Completed,,,
TXN007383,2023-09-12,,SP004,ST001,PR018,3,59,0,177,Cash,Completed,,,
TXN007169,2023-12-13,CU0093,,ST003,PR021,3,24,0,72,Cash,Completed,,,
TXN007726,2024-03-26,CU0549,SP002,ST006,PR025,1,65,0,65,Cash,Completed,,,
TXN007596,2023-10-28,CU0315,SP010,ST001,PR025,4,65,15,221,Debit Card,Completed,,,
TXN008414,2022-12-26,CU0561,SP011,ST007,PR038,3,39,10,105.3,Debit Card,Completed,,,
TXN000138,2023-08-25,CU0348,SP015,ST010,PR035,2,49,10,88.2,Credit Card,Returned,,,
TXN000168,2023-07-29,CU0573,SP002,ST004,PR039,2,28,0,56,Debit Card,Cancelled,,,
TXN003767,2022-11-27,CU0145,SP001,ST004,PR010,2,199,15,338.3,Debit Card,Completed,,,
TXN004493,2024-03-30,CU0585,SP013,ST006,PR005,1,129,0,129,Online Transfer,Returned,,,
TXN001258,2022-05-02,CU0015,SP009,ST001,PR017,2,99,5,188.1,Debit Card,Returned,,,
TXN005431,2022-06-15,CU0548,SP004,ST001,PR023,3,179,0,537,Gift Card,Completed,,,
TXN004462,2023-02-16,CU0180,SP015,ST006,PR011,2,499,0,998,Credit Card,Completed,,,
TXN008930,2022-10-05,CU0389,SP005,ST001,PR008,2,449,5,853.1,Debit Card,Completed,,,
TXN005676,2022-07-04,CU0396,SP009,ST011,PR031,1,399,0,399,Debit Card,Completed,,,
TXN008849,2023-06-25,CU0204,SP001,ST011,PR040,2,22,0,44,Debit Card,Completed,,,
TXN000242,2023-03-15,CU0219,SP002,ST006,PR016,1,49,5,42.54,Credit Card,Completed,,,
TXN005310,2024-01-18,CU0185,SP014,ST010,PR020,5,159,0,795,Online Transfer,Cancelled,,,
TXN007627,2022-04-22,CU0048,SP010,ST011,PR029,3,169,15,430.95,Online Transfer,Completed,,,
TXN008524,2022-01-23,CU0229,SP008,ST003,PR003,2,549,0,1098,Debit Card,Returned,,,
TXN005466,2024-06-30,CU0572,SP003,ST009,PR024,1,45,5,42.75,Credit Card,Completed,,,
TXN004760,2023-06-21,CU0529,SP014,ST008,PR011,1,499,10,449.1,Debit Card,Completed,,,
TXN001611,2023-02-14,,SP014,ST006,PR033,2,119,0,238,Cash,Completed,,,
TXN006012,2023-04-01,CU0454,SP001,ST006,PR021,3,24,10,64.8,Cash,Completed,,,
TXN003778,2022-02-04,CU0089,SP010,ST002,PR021,1,24,5,22.8,Credit Card,Completed,,,
TXN008646,2024-04-09,CU0276,SP007,ST010,PR009,1,379,10,341.1,Credit Card,Completed,,,
TXN004808,2023-03-21,CU0308,SP002,ST009,PR020,3,159,0,477,Debit Card,Returned,,,
TXN000217,2023-01-04,CU0206,SP006,ST004,PR028,1,89,5,84.55,Cash,Completed,,,
TXN006937,2024-06-29,CU0429,SP002,ST008,PR014,1,139,0,139,Cash,Completed,,,
TXN007132,2023-01-15,CU0180,SP004,ST004,PR032,1,69,0,69,Gift Card,Completed,,,
TXN003467,2022-05-24,CU0056,SP009,ST001,PR026,3,189,0,567,Debit Card,Completed,,,
TXN006636,2022-07-11,CU0490,SP011,ST010,PR022,1,89,10,80.1,Cash,Completed,,,
TXN008053,2023-01-23,CU0185,SP005,ST002,PR038,1,39,5,37.05,Credit Card,Completed,,,
TXN008575,2023-03-09,CU0548,SP007,ST005,PR029,3,169,10,456.3,Cash,Returned,,,
TXN007106,2022-06-16,CU0275,SP001,ST001,PR018,1,59,5,56.05,Gift Card,Returned,,,
TXN001569,2022-03-19,CU0103,SP008,ST006,PR012,1,29,10,26.1,Credit Card,Completed,,,
TXN005904,2022-10-08,CU0488,SP012,ST002,PR008,1,449,20,359.2,Credit Card,Completed,,,
TXN006727,2022-04-30,CU0071,,ST012,PR018,1,59,5,56.05,Credit Card,Completed,,,
TXN001995,2023-07-28,CU0036,SP015,ST004,PR031,1,399,5,379.05,Credit Card,Completed,,,
TXN003455,2022-05-07,CU0472,SP012,ST002,PR039,1,28,0,28,Credit Card,Cancelled,,,
TXN003027,2022-11-12,CU0557,SP011,ST002,PR038,2,39,15,66.3,Credit Card,Completed,,,
TXN001304,2022-03-17,CU0586,SP004,ST012,PR019,4,119,10,428.4,Cash,Cancelled,,,
TXN005556,2023-08-22,CU0440,SP015,ST004,PR020,2,159,0,318,Online Transfer,Cancelled,,,
TXN008856,2023-07-31,CU0149,SP015,ST010,PR002,1,749,5,711.55,Credit Card,Completed,,,
TXN005283,2023-08-23,CU0409,SP013,ST011,PR005,2,129,0,258,Cash,Completed,,,
TXN008090,2024-04-05,CU0340,,ST003,PR027,3,129,10,348.3,Debit Card,Completed,,,
TXN007393,2023-05-02,CU0580,SP013,ST001,PR035,1,49,5,46.55,Gift Card,Cancelled,,,
TXN000739,2022-01-07,CU0577,SP001,ST007,PR031,1,399,0,399,Credit Card,Completed,,,
TXN006104,2023-02-16,CU0485,SP015,ST002,PR025,5,65,5,308.75,Cash,Completed,,,
TXN005981,2023-01-10,,SP011,ST012,PR012,1,29,15,24.65,Cash,Completed,,,
TXN004570,2024-06-20,CU0221,SP009,ST002,PR016,3,49,0,147,Online Transfer,Completed,,,
TXN007074,2022-03-31,CU0016,SP010,ST009,PR034,1,79,5,75.05,Credit Card,Completed,,,
TXN007364,2023-10-21,CU0046,SP010,ST003,PR039,1,28,0,28,Debit Card,Completed,,,
TXN006944,2022-04-19,CU0364,SP011,ST009,PR037,3,289,0,867,Credit Card,Completed,,,
TXN001206,2022-01-07,CU0061,SP013,ST006,PR038,2,39,0,78,Cash,Completed,,,
TXN000883,2022-07-19,CU0199,SP007,ST003,PR019,2,119,0,207.03,Online Transfer,Completed,,,
TXN001713,2023-09-04,CU0213,SP003,ST007,PR032,1,69,0,69,Cash,Completed,,,
TXN006343,2023-06-17,,SP005,ST003,PR019,2,119,0,238,Credit Card,Cancelled,,,
TXN004876,2022-06-26,CU0244,SP001,ST006,PR031,2,399,0,798,Cash,Completed,,,
TXN001177,2023-07-04,CU0515,SP009,ST011,PR013,1,89,10,80.1,Cash,Returned,,,
TXN005620,2023-04-28,CU0099,SP002,ST009,PR022,1,89,5,84.55,Online Transfer,Completed,,,
TXN006207,2024-02-03,CU0244,SP007,ST001,PR024,2,45,10,81,Cash,Completed,,,
TXN000013,2023-09-26,CU0553,SP009,ST004,PR021,2,24,0,48,Credit Card,Completed,,,
TXN005985,2022-04-24,CU0395,SP010,ST010,PR039,3,28,5,79.8,Cash,Completed,,,
TXN008940,2023-11-13,CU0392,SP014,ST011,PR037,1,289,10,260.1,Credit Card,Completed,,,
TXN002194,2022-08-14,CU0465,SP002,ST008,PR038,1,39,10,35.1,Credit Card,Completed,,,
TXN000124,2023-04-02,CU0488,SP005,ST010,PR025,1,65,10,58.5,Cash,Returned,,,
TXN007450,2023-03-02,CU0341,SP010,ST009,PR037,3,289,10,780.3,Gift Card,Completed,,,
TXN004401,2023-02-14,CU0454,SP008,ST005,PR003,1,549,10,494.1,Debit Card,Completed,,,
TXN004051,2022-08-12,CU0355,SP001,ST007,PR018,2,59,10,106.2,Online Transfer,Completed,,,
TXN001727,2022-01-06,CU0207,SP004,ST009,PR019,2,119,10,231.91,Online Transfer,Cancelled,,,
TXN006231,2022-02-28,CU0390,SP007,ST007,PR016,5,49,0,245,Credit Card,Completed,,,
TXN008924,2022-01-20,CU0007,SP003,ST009,PR032,1,69,10,62.1,Online Transfer,Completed,,,
TXN007317,2022-05-21,CU0012,SP001,ST009,PR023,1,179,0,179,Credit Card,Cancelled,,,
TXN002506,2023-08-12,CU0410,SP001,ST002,PR013,1,89,0,89,Credit Card,Completed,,,
TXN006717,2023-02-19,CU0347,SP014,ST009,PR040,3,22,15,56.1,Credit Card,Completed,,,
TXN008317,2022-06-30,CU0585,SP002,ST004,PR030,4,149,15,506.6,Debit Card,Completed,,,
TXN000749,2023-02-26,CU0252,SP014,ST012,PR007,2,699,5,1328.1,Online Transfer,Completed,,,
TXN000199,2022-11-16,CU0526,SP011,ST006,PR016,4,49,0,196,Debit Card,Completed,,,
TXN003254,2024-02-28,CU0155,SP013,ST003,PR007,1,699,5,664.05,Online Transfer,Completed,,,
TXN003752,2022-01-11,CU0004,SP005,ST009,PR040,1,22,0,22,Debit Card,Completed,,,
TXN008295,2023-06-19,CU0542,SP002,ST003,PR027,1,129,15,109.65,Online Transfer,Completed,,,
TXN001349,2022-08-14,CU0187,SP003,ST001,PR017,1,99,0,99,Credit Card,Completed,,,
TXN004663,2022-07-31,CU0500,SP010,ST009,PR030,3,149,15,379.95,Online Transfer,Cancelled,,,
TXN007224,2024-05-09,CU0063,SP015,ST008,PR002,1,749,0,749,Online Transfer,Cancelled,,,
TXN002296,2024-04-30,CU0595,SP013,ST010,PR007,1,699,10,629.1,Cash,Completed,,,
TXN006662,2023-03-06,CU0368,SP008,ST010,PR018,1,59,10,53.1,Online Transfer,Completed,,,
TXN004958,2022-12-14,,SP001,ST007,PR022,1,89,0,89,Credit Card,Completed,,,
TXN002087,2023-07-15,CU0017,SP012,ST006,PR029,1,169,5,160.55,Cash,Completed,,,
TXN006775,2022-09-07,CU0537,SP007,ST004,PR028,2,89,5,169.1,Credit Card,Completed,,,
TXN006116,2024-06-05,CU0573,SP010,ST012,PR020,3,159,0,477,Debit Card,Completed,,,
TXN008709,2023-06-22,CU0048,SP008,ST011,PR005,1,129,10,116.1,Debit Card,Completed,,,
TXN005215,2024-03-23,CU0443,SP014,ST011,PR037,2,289,0,578,Online Transfer,Cancelled,,,
TXN000593,2023-07-10,CU0301,,ST007,PR001,1,999,0,999,Debit Card,Completed,,,
TXN003991,2024-03-11,CU0040,SP011,ST007,PR016,4,49,20,156.8,Online Transfer,Completed,,,
TXN002330,2024-03-01,CU0561,SP003,ST003,PR002,1,749,0,749,Gift Card,Completed,,,
TXN003265,2024-01-12,CU0444,SP006,ST007,PR039,1,28,0,28,Debit Card,Cancelled,,,
TXN004475,2023-03-10,CU0065,SP002,ST009,PR036,1,249,10,224.1,Debit Card,Returned,,,
TXN004235,2023-01-09,CU0421,,ST004,PR020,2,159,15,270.3,Online Transfer,Completed,,,
TXN004785,2024-06-22,CU0521,SP008,ST001,PR028,4,89,0,356,Credit Card,Completed,,,
TXN003529,2023-10-05,CU0333,SP001,ST012,PR012,2,29,0,58,Debit Card,Completed,,,
TXN002742,2024-05-24,CU0606,SP012,ST012,PR003,1,549,0,549,Credit Card,Returned,,,
TXN005320,2024-04-03,CU0328,SP015,ST001,PR037,2,289,20,462.4,Cash,Completed,,,
TXN003957,2023-06-02,,SP005,ST003,PR003,1,549,0,595.28,Cash,Completed,,,
TXN005100,2022-09-26,CU0607,SP012,ST010,PR017,1,99,5,94.05,Credit Card,Completed,,,
TXN001498,2023-09-29,CU0419,SP014,ST009,PR020,4,159,5,604.2,Credit Card,Cancelled,,,
TXN004843,2023-03-11,CU0065,SP011,ST010,PR004,1,299,10,269.1,Credit Card,Completed,,,
TXN004155,2022-05-15,CU0423,SP012,ST010,PR015,1,59,0,51.29,Cash,Completed,,,
TXN003464,2024-05-26,CU0035,SP009,ST008,PR032,2,69,5,131.1,Online Transfer,Cancelled,,,
TXN001558,2024-02-06,CU0373,SP013,ST007,PR035,1,49,0,49,Cash,Completed,,,
TXN008820,2022-02-12,CU0070,SP012,ST012,PR011,1,499,0,499,Credit Card,Completed,,,
TXN006850,2023-05-01,CU0112,SP009,ST009,PR016,2,49,10,88.2,Credit Card,Completed,,,
TXN000583,2023-12-25,CU0099,SP007,ST003,PR016,4,49,10,176.4,Online Transfer,Returned,,,
TXN008822,2023-01-26,CU0573,SP012,ST009,PR012,1,29,5,27.55,Debit Card,Completed,,,
TXN007550,2022-06-22,CU0540,SP012,ST007,PR020,1,159,10,143.1,Debit Card,Returned,,,
TXN004750,2022-08-03,CU0417,SP006,ST002,PR023,2,179,5,340.1,Debit Card,Completed,,,
TXN001244,2023-12-04,CU0097,SP007,ST002,PR032,2,69,0,138,Debit Card,Completed,,,
TXN003995,2022-04-22,CU0148,SP004,ST003,PR023,2,179,0,358,Cash,Completed,,,
TXN007933,2023-10-14,CU0374,SP012,ST005,PR038,1,39,0,39,Credit Card,Returned,,,
TXN006740,2022-05-17,CU0084,SP011,ST003,PR006,2,79,5,150.1,Debit Card,Returned,,,
TXN001663,2022-05-01,CU0019,SP013,ST004,PR025,3,65,15,165.75,Credit Card,Completed,,,
TXN003200,2024-04-29,CU0048,SP009,ST006,PR033,1,119,0,119,Credit Card,Cancelled,,,
TXN005636,2022-07-30,CU0504,SP001,ST004,PR027,1,129,10,116.1,Online Transfer,Returned,,,
TXN002577,2024-04-01,CU0170,SP005,ST004,PR015,2,59,5,112.1,Debit Card,Completed,,,
TXN003192,2024-02-22,CU0467,SP010,ST006,PR017,3,99,0,297,Online Transfer,Completed,,,
TXN006956,2022-05-30,CU0066,SP010,ST008,PR031,1,399,10,359.1,Cash,Completed,,,
TXN004688,2024-03-22,CU0061,SP015,ST003,PR034,2,79,5,150.1,Online Transfer,Completed,,,
TXN005780,2022-11-24,CU0103,SP006,ST007,PR031,1,399,5,379.05,Credit Card,Completed,,,
TXN006793,2023-08-31,CU0046,SP007,ST007,PR024,2,45,5,85.5,Credit Card,Returned,,,
TXN000732,2022-10-19,CU0292,SP014,ST010,PR013,2,89,10,160.2,Online Transfer,Completed,,,
TXN008925,2023-02-02,CU0567,SP004,ST002,PR010,1,199,15,169.15,Gift Card,Cancelled,,,
TXN004370,2023-04-23,CU0061,SP002,ST011,PR035,1,49,10,44.1,Online Transfer,Completed,,,
TXN003862,2023-12-30,CU0342,SP014,ST002,PR012,2,29,0,58,Credit Card,Completed,,,
TXN004174,2022-03-09,CU0496,SP014,ST001,PR030,1,149,5,141.55,Cash,Completed,,,
TXN007161,2023-11-10,CU0164,SP010,ST002,PR016,1,49,20,39.2,Credit Card,Completed,,,
TXN005118,2023-03-27,CU0361,SP008,ST006,PR017,2,99,5,188.1,Credit Card,Completed,,,
TXN000394,2023-11-15,CU0431,SP004,ST004,PR032,2,69,0,138,Debit Card,Completed,,,
TXN001004,2022-02-24,CU0380,SP008,ST012,PR029,2,169,0,338,Gift Card,Completed,,,
TXN006178,2023-10-14,CU0093,SP006,ST001,PR008,1,449,0,449,Debit Card,Completed,,,
TXN001697,2024-04-03,CU0472,SP007,ST010,PR035,2,49,5,93.1,Debit Card,Completed,,,
TXN001063,2023-09-12,CU0135,SP013,ST008,PR001,1,999,0,999,Debit Card,Completed,,,
TXN001543,2023-05-28,CU0475,SP008,ST012,PR017,1,99,10,89.1,Cash,Completed,,,
TXN000319,2024-06-23,CU0204,SP002,ST004,PR014,1,139,10,125.1,Online Transfer,Completed,,,
TXN001537,2022-02-16,CU0439,SP005,ST003,PR001,1,999,10,899.1,Credit Card,Completed,,,
TXN004539,2023-05-31,CU0229,SP006,ST012,PR025,1,65,0,65,Gift Card,Completed,,,
TXN004788,2022-10-20,CU0550,SP003,ST005,PR033,3,119,20,285.6,Credit Card,Completed,,,
TXN003591,2023-01-26,CU0111,SP009,ST008,PR026,2,189,10,340.2,Credit Card,Completed,,,
TXN000850,2024-04-11,CU0507,SP008,ST009,PR024,1,45,20,36,Credit Card,Returned,,,
TXN004903,2023-02-15,CU0096,SP010,ST009,PR029,1,169,0,169,Debit Card,Completed,,,
TXN002010,2024-02-05,CU0048,SP003,ST012,PR007,1,699,5,664.05,Gift Card,Completed,,,
TXN002491,2023-03-17,,SP008,ST002,PR013,1,89,10,80.1,Online Transfer,Cancelled,,,
TXN007411,2023-01-29,CU0318,SP003,ST005,PR024,1,45,15,38.25,Cash,Completed,,,
TXN003968,2023-03-26,CU0265,SP004,ST011,PR019,3,119,10,321.3,Cash,Completed,,,
TXN005571,2022-10-15,CU0187,SP010,ST006,PR031,4,399,0,1596,Online Transfer,Returned,,,
TXN005643,2023-03-05,CU0333,SP014,ST006,PR026,1,189,5,179.55,Online Transfer,Cancelled,,,
TXN001106,2022-02-03,CU0128,SP001,ST010,PR017,4,99,10,356.4,Online Transfer,Cancelled,,,
TXN001705,2022-01-29,CU0454,SP001,ST004,PR024,1,45,10,40.5,Debit Card,Completed,,,
TXN000912,2024-03-09,CU0241,SP015,ST007,PR024,1,45,15,38.25,Credit Card,Returned,,,
TXN008010,2024-05-22,CU0213,SP006,ST003,PR029,2,169,0,338,Debit Card,Completed,,,
TXN000716,2023-07-03,CU0354,SP002,ST011,PR037,2,289,20,462.4,Debit Card,Completed,,,
TXN004799,2023-06-27,CU0167,SP011,ST012,PR014,1,139,0,139,Cash,Completed,,,
TXN006653,2022-08-26,CU0252,SP015,ST011,PR017,1,99,5,94.05,Credit Card,Completed,,,
TXN006355,2024-02-11,CU0191,SP002,ST003,PR012,2,29,0,58,Credit Card,Completed,,,
TXN001486,2022-01-02,CU0401,SP003,ST001,PR023,2,179,0,358,Cash,Completed,,,
TXN008083,2022-10-14,CU0109,SP015,ST005,PR027,2,129,0,258,Credit Card,Cancelled,,,
TXN002976,2022-02-14,CU0062,SP011,ST007,PR011,3,499,5,1422.15,Online Transfer,Cancelled,,,
TXN004293,2023-10-12,CU0373,SP011,ST005,PR015,1,59,5,56.05,Credit Card,Cancelled,,,
TXN001796,2022-05-12,CU0140,SP005,ST001,PR002,1,749,20,599.2,Cash,Completed,,,
TXN006768,2024-04-13,CU0160,SP011,ST002,PR016,1,49,0,49,Gift Card,Completed,,,
TXN005967,2022-09-30,CU0561,SP004,ST005,PR038,1,39,0,39,Credit Card,Completed,,,
TXN002508,2023-03-01,CU0122,SP002,ST005,PR018,1,59,0,59,Credit Card,Completed,,,
TXN000186,2022-01-08,CU0406,SP002,ST005,PR024,2,45,15,76.5,Cash,Completed,,,
TXN007662,2023-07-06,CU0249,SP013,ST002,PR032,1,69,20,55.2,Online Transfer,Completed,,,
TXN005558,2022-01-03,CU0451,SP008,ST001,PR035,1,49,0,49,Debit Card,Completed,,,
TXN002615,2023-01-16,CU0018,SP006,ST010,PR039,2,28,5,53.2,Credit Card,Completed,,,
TXN000615,2024-06-01,CU0428,SP005,ST012,PR023,3,179,20,429.6,Debit Card,Completed,,,
TXN000238,2022-06-07,CU0183,SP004,ST012,PR002,1,749,0,749,Credit Card,Completed,,,
TXN003139,2022-08-06,CU0140,SP010,ST003,PR019,4,119,0,476,Gift Card,Completed,,,
TXN003925,2022-09-20,CU0294,SP014,ST009,PR023,1,179,0,179,Online Transfer,Completed,,,
TXN006479,2023-01-18,CU0307,SP001,ST008,PR022,3,89,15,226.95,Gift Card,Completed,,,
TXN002104,2023-11-19,CU0049,SP010,ST012,PR019,2,119,5,226.1,Debit Card,Cancelled,,,
TXN006336,2023-10-30,CU0161,SP001,ST005,PR007,1,699,5,664.05,Online Transfer,Cancelled,,,
TXN005084,2022-12-03,CU0552,SP004,ST009,PR022,3,89,0,267,Credit Card,Completed,,,
TXN007212,2022-03-31,CU0029,SP003,ST010,PR004,1,299,20,239.2,Gift Card,Completed,,,
TXN001921,2022-05-25,CU0298,SP008,ST004,PR036,4,249,5,946.2,Debit Card,Cancelled,,,
TXN004859,2023-12-27,CU0588,SP012,ST002,PR007,2,699,0,1199.45,Credit Card,Completed,,,
TXN005117,2023-05-31,CU0540,SP007,ST006,PR016,2,49,0,98,Credit Card,Cancelled,,,
TXN004756,2022-05-23,,SP014,ST003,PR008,2,449,0,898,Cash,Completed,,,
TXN006545,2022-01-15,CU0112,SP012,ST009,PR020,2,159,0,318,Credit Card,Completed,,,
TXN003953,2022-05-19,CU0354,SP002,ST010,PR029,1,169,10,152.1,Debit Card,Completed,,,
TXN000055,2022-04-15,CU0516,SP004,ST004,PR033,2,119,15,202.3,Cash,Completed,,,
TXN007773,2022-03-24,CU0176,SP008,ST012,PR001,1,999,5,949.05,Debit Card,Completed,,,
TXN002311,2023-03-29,CU0434,SP014,ST001,PR040,1,22,0,22,Credit Card,Completed,,,
TXN007439,2023-01-26,CU0334,SP005,ST007,PR014,1,139,15,118.15,Cash,Cancelled,,,
TXN001794,2024-04-30,CU0296,SP012,ST002,PR005,2,129,0,258,Debit Card,Completed,,,
TXN000386,2024-04-22,,SP013,ST010,PR010,2,199,20,318.4,Debit Card,Completed,,,
TXN003982,2022-12-26,CU0098,SP008,ST003,PR027,2,129,15,219.3,Credit Card,Completed,,,
TXN007008,2023-10-24,CU0558,SP002,ST002,PR034,1,79,5,75.05,Debit Card,Cancelled,,,
TXN008565,2022-07-05,CU0154,SP015,ST004,PR035,1,49,5,46.55,Gift Card,Completed,,,
TXN005508,2023-01-24,CU0409,SP001,ST002,PR021,2,24,5,45.6,Debit Card,Completed,,,
TXN001859,2023-04-16,CU0511,SP014,ST003,PR016,4,49,0,196,Cash,Completed,,,
TXN001036,2023-02-17,CU0122,SP008,ST008,PR029,1,169,10,152.1,Debit Card,Completed,,,
TXN005287,2024-03-10,CU0053,SP002,ST002,PR020,4,159,15,540.6,Credit Card,Cancelled,,,
TXN005894,2022-03-25,CU0207,SP002,ST010,PR018,2,59,5,112.1,Cash,Completed,,,
TXN004807,2022-03-22,CU0547,SP003,ST007,PR009,1,379,10,341.1,Online Transfer,Completed,,,
TXN006159,2022-11-27,,SP012,ST011,PR015,1,59,0,59,Credit Card,Completed,,,
TXN007485,2024-06-24,CU0317,SP007,ST009,PR035,4,49,0,196,Online Transfer,Completed,,,
TXN001428,2022-07-19,CU0405,SP001,ST012,PR031,1,399,0,399,Credit Card,Completed,,,
TXN008188,2022-08-08,CU0549,SP005,ST008,PR021,1,24,10,21.6,Debit Card,Completed,,,
TXN007775,2023-05-08,CU0073,SP008,ST003,PR027,1,129,20,103.2,Online Transfer,Completed,,,
TXN005575,2023-11-15,CU0489,SP004,ST005,PR029,3,169,0,507,Gift Card,Completed,,,
TXN005102,2022-09-20,CU0602,SP010,ST002,PR013,1,89,0,76.65,Online Transfer,Cancelled,,,
TXN001660,2022-02-07,CU0076,SP009,ST006,PR022,1,89,15,75.65,Cash,Completed,,,
TXN002180,2022-10-26,CU0495,SP001,ST012,PR024,5,45,10,202.5,Gift Card,Completed,,,
TXN002498,2022-07-22,CU0222,SP005,ST004,PR034,2,79,10,142.2,Debit Card,Cancelled,,,
TXN008060,2022-01-18,CU0195,SP009,ST003,PR024,1,45,5,42.75,Cash,Completed,,,
TXN004948,2023-11-27,CU0558,SP011,ST002,PR024,1,45,0,45,Credit Card,Completed,,,
TXN003924,2023-03-23,CU0549,SP013,ST004,PR010,1,199,15,169.15,Online Transfer,Completed,,,
TXN005634,2023-03-28,CU0363,SP006,ST008,PR033,1,119,20,95.2,Cash,Completed,,,
TXN003607,2022-11-01,CU0592,SP008,ST011,PR028,1,89,0,89,Cash,Completed,,,
TXN001699,2022-01-23,CU0258,SP012,ST001,PR004,1,299,0,299,Credit Card,Completed,,,
TXN001319,2024-02-11,CU0265,SP005,ST010,PR020,1,159,5,151.05,Credit Card,Completed,,,
TXN007573,2023-10-31,CU0166,SP001,ST008,PR026,4,189,5,718.2,Credit Card,Returned,,,
TXN000387,2022-01-15,CU0470,SP015,ST003,PR022,1,89,10,80.1,Cash,Cancelled,,,
TXN001656,2022-11-02,CU0301,SP014,ST005,PR014,1,139,15,118.15,Online Transfer,Cancelled,,,
TXN004250,2022-04-13,CU0530,SP007,ST002,PR032,1,69,5,65.55,Credit Card,Completed,,,
TXN000334,2022-03-11,CU0537,SP015,ST009,PR032,1,69,5,65.55,Credit Card,Completed,,,
TXN004654,2022-11-29,CU0528,SP013,ST011,PR007,1,699,5,664.05,Online Transfer,Completed,,,
TXN007724,2023-07-02,CU0552,SP007,ST004,PR024,1,45,20,36,Credit Card,Returned,,,
TXN002902,2022-01-27,CU0005,SP009,ST010,PR024,1,45,10,40.5,Cash,Completed,,,
TXN000967,2022-01-31,CU0012,SP013,ST001,PR032,2,69,0,138,Credit Card,Completed,,,
TXN003092,2023-08-29,CU0604,SP005,ST010,PR017,1,99,5,94.05,Credit Card,Completed,,,
TXN000905,2022-02-09,CU0370,SP012,ST006,PR033,1,119,0,119,Online Transfer,Completed,,,
TXN001554,2023-12-17,CU0231,,ST008,PR029,4,169,10,608.4,Online Transfer,Completed,,,
TXN004532,2023-01-06,CU0498,SP005,ST001,PR028,1,89,5,84.55,Credit Card,Completed,,,
TXN001708,2023-03-15,CU0142,SP006,ST010,PR038,3,39,10,105.3,Credit Card,Completed,,,
TXN002636,2022-08-04,CU0165,SP003,ST003,PR012,1,29,5,27.55,Online Transfer,Cancelled,,,
TXN008830,2023-03-20,CU0557,SP013,ST008,PR034,3,79,0,237,Cash,Completed,,,
TXN001002,2022-10-25,CU0042,SP002,ST004,PR015,1,59,15,50.15,Online Transfer,Completed,,,
TXN001841,2022-09-24,CU0525,SP008,ST002,PR036,1,249,10,224.1,Cash,Completed,,,
TXN000316,2022-12-03,CU0110,,ST006,PR036,1,249,5,231.64,Credit Card,Completed,,,
TXN006232,2023-01-23,CU0248,SP013,ST004,PR038,4,39,10,140.4,Debit Card,Completed,,,
TXN001369,2023-10-30,CU0204,SP002,ST012,PR023,1,179,10,161.1,Credit Card,Completed,,,
TXN000659,2023-06-05,CU0468,SP001,ST001,PR018,2,59,0,118,Gift Card,Completed,,,
TXN005234,2023-02-10,CU0560,SP004,ST011,PR018,4,59,0,236,Credit Card,Completed,,,
TXN002438,2023-08-27,CU0538,SP008,ST008,PR016,1,49,15,41.65,Debit Card,Completed,,,
TXN004822,2024-01-15,CU0254,SP014,ST011,PR024,1,45,15,38.25,Online Transfer,Completed,,,
TXN000811,2023-12-28,CU0491,SP004,ST005,PR002,1,749,0,749,Debit Card,Completed,,,
TXN002696,2022-11-05,CU0128,SP013,ST012,PR002,1,749,0,749,Debit Card,Completed,,,
TXN008573,2022-01-12,CU0549,SP001,ST003,PR040,2,22,5,41.8,Online Transfer,Completed,,,
TXN004248,2022-06-27,CU0311,SP006,ST008,PR006,1,79,20,63.2,Gift Card,Completed,,,
TXN005616,2022-10-13,CU0263,SP013,ST006,PR019,2,119,0,238,Cash,Returned,,,
TXN000185,2022-04-03,CU0311,SP013,ST012,PR011,3,499,5,1422.15,Debit Card,Completed,,,
TXN004008,2024-04-10,CU0454,SP011,ST001,PR022,3,89,20,213.6,Cash,Completed,,,
TXN000344,2023-10-26,CU0318,SP003,ST003,PR033,2,119,0,238,Credit Card,Completed,,,
TXN003103,2022-02-14,CU0431,SP015,ST012,PR012,1,29,0,29,Online Transfer,Completed,,,
TXN005048,2023-07-26,CU0583,SP013,ST010,PR031,1,399,0,399,Debit Card,Completed,,,
TXN007926,2024-05-21,CU0575,SP010,ST007,PR024,2,45,0,90,Debit Card,Cancelled,,,
TXN006574,2024-04-24,CU0093,SP007,ST005,PR038,3,39,5,111.15,Online Transfer,Completed,,,
TXN006916,2022-01-14,CU0036,SP015,ST012,PR031,1,399,10,359.1,Debit Card,Completed,,,
TXN003513,2022-07-08,,SP015,ST006,PR002,1,749,5,711.55,Online Transfer,Cancelled,,,
TXN006399,2022-02-03,CU0103,SP015,ST002,PR018,2,59,0,118,Credit Card,Completed,,,
TXN005689,2024-03-17,CU0173,SP002,ST003,PR020,3,159,5,453.15,Credit Card,Completed,,,
TXN000047,2022-07-24,CU0391,SP005,ST009,PR021,3,24,5,68.4,Debit Card,Cancelled,,,
TXN001426,2023-04-01,CU0049,SP006,ST006,PR008,2,449,10,808.2,Credit Card,Completed,,,
TXN002069,2024-04-05,CU0214,SP001,ST005,PR027,2,129,5,245.1,Online Transfer,Cancelled,,,
TXN001639,2022-05-19,CU0263,SP003,ST010,PR023,1,179,10,161.1,Credit Card,Returned,,,
TXN002924,2024-03-17,CU0377,SP004,ST003,PR029,1,169,10,152.1,Credit Card,Completed,,,
TXN000158,2024-04-22,CU0466,SP002,ST003,PR029,3,169,0,507,Debit Card,Completed,,,
TXN003739,2023-02-16,CU0432,SP003,ST006,PR039,1,28,20,22.4,Gift Card,Cancelled,,,
TXN000305,2022-04-08,CU0586,SP014,ST005,PR023,2,179,0,358,Gift Card,Returned,,,
TXN005866,2022-05-02,CU0453,SP008,ST008,PR034,1,79,0,79,Cash,Completed,,,
TXN008976,2022-07-13,CU0271,SP005,ST004,PR004,1,299,5,284.05,Credit Card,Cancelled,,,
TXN001245,2024-01-18,CU0321,SP010,ST012,PR021,5,24,0,120,Credit Card,Completed,,,
TXN008067,2024-01-03,CU0285,SP002,ST007,PR018,4,59,0,236,Gift Card,Returned,,,
TXN000273,2023-11-06,CU0103,SP012,ST007,PR015,1,59,0,59,Online Transfer,Completed,,,
TXN008736,2022-09-15,CU0266,SP015,ST012,PR009,1,379,15,322.15,Credit Card,Completed,,,
TXN008323,2022-12-12,CU0375,SP002,ST012,PR003,1,549,0,549,Debit Card,Completed,,,
TXN001416,2022-02-19,CU0568,SP006,ST008,PR012,1,29,0,29,Cash,Completed,,,
TXN004113,2022-01-27,CU0194,SP005,ST002,PR011,1,499,5,474.05,Credit Card,Completed,,,
TXN004908,2023-01-30,CU0341,SP005,ST010,PR039,1,28,10,25.2,Credit Card,Completed,,,
TXN003603,2022-01-09,CU0043,SP009,ST001,PR023,1,179,0,179,Online Transfer,Completed,,,
TXN000330,2022-12-06,CU0371,SP012,ST010,PR023,1,179,5,170.05,Debit Card,Completed,,,
TXN001493,2022-08-18,CU0265,SP005,ST007,PR030,4,149,5,566.2,Online Transfer,Cancelled,,,
TXN007814,2023-06-09,CU0158,SP005,ST001,PR025,2,65,20,104,Credit Card,Completed,,,
TXN002229,2022-10-02,CU0545,SP006,ST009,PR029,2,169,10,291.88,Cash,Returned,,,
TXN000764,2022-07-01,CU0158,SP010,ST004,PR032,3,69,0,207,Cash,Completed,,,
TXN003267,2022-08-29,CU0584,SP011,ST007,PR015,1,59,5,56.05,Debit Card,Completed,,,
TXN001391,2022-09-26,CU0109,SP009,ST006,PR019,4,119,0,476,Gift Card,Completed,,,
TXN002952,2023-03-08,CU0173,SP010,ST004,PR018,4,59,15,200.6,Debit Card,Completed,,,
TXN004081,2022-12-19,CU0207,SP001,ST008,PR001,2,999,0,1998,Online Transfer,Cancelled,,,
TXN000809,2022-10-04,,SP010,ST008,PR004,1,299,0,299,Cash,Completed,,,
TXN008926,2023-06-24,CU0087,SP011,ST001,PR033,1,119,10,107.1,Debit Card,Completed,,,
TXN003681,2023-09-29,CU0544,SP012,ST007,PR023,2,179,0,358,Credit Card,Completed,,,
TXN003040,2022-07-01,CU0426,SP004,ST007,PR009,2,379,15,644.3,Online Transfer,Completed,,,
TXN008778,2022-07-20,CU0299,SP014,ST012,PR010,2,199,10,358.2,Gift Card,Completed,,,
TXN002738,2022-02-13,CU0155,SP002,ST011,PR022,2,89,10,160.2,Online Transfer,Completed,,,
TXN004617,2022-07-03,CU0144,SP004,ST010,PR016,1,49,0,49,Online Transfer,Completed,,,
TXN003303,2023-04-27,CU0077,SP011,ST011,PR026,3,189,0,567,Debit Card,Completed,,,
TXN008877,2023-12-18,CU0410,SP002,ST001,PR038,1,39,10,35.1,Cash,Completed,,,
TXN002966,2023-08-18,CU0591,SP012,ST003,PR025,1,65,0,65,Gift Card,Completed,,,
TXN007517,2022-09-09,CU0184,SP008,ST005,PR008,1,449,10,404.1,Credit Card,Completed,,,
TXN000707,2022-12-22,CU0152,SP002,ST011,PR017,5,99,5,470.25,Gift Card,Completed,,,
TXN004435,2023-04-15,CU0516,SP014,ST008,PR040,1,22,5,20.9,Gift Card,Returned,,,
TXN006658,2023-12-02,CU0031,SP002,ST010,PR033,1,119,20,95.2,Cash,Completed,,,
TXN006149,2022-06-12,CU0070,SP002,ST012,PR007,2,699,0,1398,Cash,Completed,,,
TXN007072,2023-11-19,CU0133,SP015,ST002,PR016,2,49,0,98,Credit Card,Completed,,,
TXN004079,2024-02-04,CU0400,SP010,ST001,PR023,5,179,5,850.25,Debit Card,Completed,,,
TXN006888,2022-12-23,CU0153,SP003,ST001,PR016,3,49,5,139.65,Credit Card,Completed,,,
TXN001090,2023-04-17,CU0167,SP004,ST012,PR024,4,45,0,180,Credit Card,Completed,,,
TXN002861,2023-07-20,CU0496,SP002,ST009,PR019,5,119,0,595,Credit Card,Completed,,,
TXN000848,2023-10-16,CU0346,SP003,ST011,PR033,1,119,10,107.1,Credit Card,Cancelled,,,
TXN007772,2022-10-14,CU0266,SP003,ST012,PR038,4,39,15,132.6,Online Transfer,Completed,,,
TXN003275,2022-12-14,CU0482,SP014,ST009,PR034,2,79,0,158,Gift Card,Completed,,,
TXN000193,2024-05-02,CU0342,SP009,ST004,PR038,2,39,20,62.4,Credit Card,Cancelled,,,
TXN002358,2023-07-20,,SP006,ST012,PR027,1,129,5,122.55,Gift Card,Completed,,,
TXN008628,2023-01-09,CU0144,SP001,ST006,PR024,2,45,20,72,Cash,Completed,,,
TXN004324,2022-04-26,CU0374,SP014,ST002,PR009,1,379,15,322.15,Online Transfer,Completed,,,
TXN007183,2023-05-08,CU0119,SP008,ST007,PR033,3,119,20,285.6,Debit Card,Completed,,,
TXN008625,2023-04-02,CU0162,SP006,ST003,PR034,2,79,5,150.1,Online Transfer,Completed,,,
TXN001685,2022-11-19,CU0390,,ST004,PR039,1,28,10,25.2,Debit Card,Returned,,,
TXN002287,2024-03-07,CU0414,SP001,ST001,PR009,1,379,0,379,Gift Card,Completed,,,
TXN000592,2022-05-05,CU0472,SP006,ST001,PR036,2,249,5,473.1,Cash,Completed,,,
TXN003864,2023-11-19,CU0276,SP007,ST012,PR017,1,99,10,89.1,Cash,Returned,,,
TXN001028,2024-04-24,CU0326,SP003,ST008,PR022,2,89,5,169.1,Credit Card,Cancelled,,,
TXN007077,2022-06-19,CU0417,,ST007,PR025,1,65,0,65,Cash,Completed,,,
TXN003396,2023-10-27,CU0450,SP011,ST009,PR011,1,499,0,499,Credit Card,Completed,,,
TXN008196,2023-11-21,CU0190,SP007,ST005,PR001,2,999,10,1798.2,Debit Card,Completed,,,
TXN008155,2024-05-07,CU0364,SP009,ST002,PR014,1,139,0,139,Gift Card,Completed,,,
TXN002601,2023-12-10,CU0105,SP005,ST001,PR033,2,119,0,238,Cash,Completed,,,
TXN003326,2024-02-08,,SP011,ST006,PR023,2,179,5,340.1,Credit Card,Returned,,,
TXN007721,2023-04-06,CU0255,SP004,ST005,PR040,3,22,0,66,Debit Card,Completed,,,
TXN001801,2024-01-18,CU0366,SP004,ST007,PR031,2,399,10,718.2,Online Transfer,Completed,,,
TXN002409,2023-04-15,CU0055,SP007,ST002,PR007,1,699,15,594.15,Gift Card,Completed,,,
TXN004956,2023-07-31,CU0090,SP013,ST011,PR032,2,69,0,138,Credit Card,Completed,,,
TXN001978,2023-12-07,CU0033,SP015,ST007,PR007,1,699,0,699,Credit Card,Cancelled,,,
TXN006442,2024-02-12,CU0334,SP002,ST010,PR023,2,179,5,340.1,Online Transfer,Completed,,,
TXN003109,2023-02-20,CU0011,SP002,ST008,PR018,5,59,20,236,Online Transfer,Returned,,,
TXN008637,2022-04-29,CU0027,SP005,ST002,PR016,1,49,15,41.65,Debit Card,Completed,,,
TXN008526,2022-06-16,CU0026,SP008,ST001,PR009,2,379,10,682.2,Gift Card,Returned,,,
TXN007204,2024-03-28,CU0496,SP011,ST010,PR024,2,45,5,85.5,Cash,Completed,,,
TXN006532,2022-10-22,CU0106,SP007,ST010,PR036,1,249,15,211.65,Debit Card,Completed,,,
TXN008610,2024-01-06,CU0602,SP012,ST003,PR005,1,129,10,116.1,Cash,Completed,,,
TXN000549,2022-01-11,CU0184,SP003,ST008,PR004,3,299,5,852.15,Credit Card,Completed,,,
TXN003992,2022-06-17,CU0297,,ST001,PR013,1,89,10,80.1,Credit Card,Completed,,,
TXN001474,2024-06-06,,SP015,ST006,PR001,1,999,0,855.33,Debit Card,Returned,,,
TXN002240,2023-08-19,CU0052,SP011,ST001,PR030,2,149,0,298,Debit Card,Completed,,,
TXN003324,2022-10-11,CU0329,SP001,ST008,PR028,3,89,0,267,Credit Card,Completed,,,
TXN008599,2022-09-07,CU0421,SP001,ST006,PR010,2,199,20,318.4,Debit Card,Completed,,,
TXN006842,2023-09-28,CU0167,SP015,ST003,PR004,1,299,0,299,Online Transfer,Completed,,,
TXN004412,2023-10-29,CU0429,SP004,ST004,PR039,1,28,0,28,Cash,Completed,,,
TXN006625,2023-10-12,CU0438,SP001,ST004,PR036,2,249,0,498,Online Transfer,Completed,,,
TXN001924,2022-07-19,CU0273,SP001,ST001,PR025,1,65,0,65,Online Transfer,Completed,,,
TXN005101,2022-03-27,CU0397,SP006,ST005,PR024,2,45,5,85.5,Cash,Completed,,,
TXN005472,2022-05-04,CU0539,SP013,ST011,PR033,2,119,0,238,Credit Card,Completed,,,
TXN005391,2023-02-08,CU0291,SP013,ST010,PR022,5,89,20,356,Debit Card,Returned,,,
TXN003963,2022-12-03,CU0395,SP004,ST004,PR021,2,24,5,45.6,Online Transfer,Completed,,,
TXN000513,2024-01-22,CU0604,SP015,ST009,PR005,2,129,20,206.4,Cash,Cancelled,,,
TXN007568,2022-05-19,CU0445,SP003,ST003,PR039,1,28,0,28,Credit Card,Completed,,,
TXN007336,2024-03-27,CU0573,SP003,ST012,PR032,1,69,20,55.2,Debit Card,Cancelled,,,
TXN004945,2023-05-19,CU0420,SP010,ST012,PR029,1,169,10,152.1,Debit Card,Completed,,,
TXN003485,2022-09-27,CU0190,SP001,ST006,PR013,2,89,5,169.1,Gift Card,Completed,,,
TXN001373,2023-02-12,CU0443,SP003,ST008,PR031,3,399,0,1197,Cash,Completed,,,
TXN006105,2022-09-29,CU0236,SP009,ST007,PR033,1,119,10,107.1,Gift Card,Completed,,,
TXN007113,2023-09-30,CU0233,SP002,ST003,PR040,2,22,15,37.4,Credit Card,Cancelled,,,
TXN000712,2024-04-04,CU0486,SP003,ST006,PR009,1,379,0,379,Online Transfer,Cancelled,,,
TXN002433,2022-06-08,CU0508,SP011,ST003,PR001,2,999,5,1898.1,Credit Card,Cancelled,,,
TXN007100,2023-02-27,CU0546,SP010,ST004,PR034,1,79,10,71.1,Online Transfer,Completed,,,
TXN002287,2024-03-07,CU0414,SP001,ST001,PR009,1,379,0,379,Gift Card,Completed,,,
TXN006311,2024-06-13,CU0558,SP004,ST004,PR039,1,28,15,23.8,Cash,Completed,,,
TXN002432,2024-01-11,CU0282,SP012,ST009,PR001,2,999,0,1998,Online Transfer,Completed,,,
TXN006885,2024-01-13,CU0026,SP015,ST003,PR039,1,28,10,25.2,Cash,Returned,,,
TXN006469,2023-08-13,CU0280,SP006,ST010,PR017,2,99,10,178.2,Credit Card,Cancelled,,,
TXN002908,2022-12-26,CU0370,SP008,ST010,PR002,1,749,0,749,Cash,Completed,,,
TXN001527,2024-01-01,CU0237,SP011,ST010,PR035,1,49,15,41.65,Credit Card,Completed,,,
TXN001242,2022-04-28,CU0353,SP014,ST003,PR012,2,29,0,58,Debit Card,Completed,,,
TXN000438,2024-06-13,CU0113,SP001,ST001,PR024,5,45,0,225,Credit Card,Completed,,,
TXN007969,2023-08-09,CU0154,SP005,ST011,PR033,1,119,10,107.1,Gift Card,Returned,,,
TXN000968,2022-03-26,CU0493,SP013,ST002,PR020,4,159,5,604.2,Cash,Completed,,,
TXN006818,2022-07-20,CU0186,SP001,ST012,PR031,1,399,10,373.74,Cash,Completed,,,
TXN007793,2022-02-02,CU0108,SP014,ST009,PR020,2,159,0,318,Online Transfer,Completed,,,
TXN003004,2023-05-11,CU0116,SP003,ST010,PR017,1,99,0,99,Online Transfer,Cancelled,,,
TXN002387,2024-04-21,CU0403,SP006,ST004,PR008,1,449,5,426.55,Credit Card,Cancelled,,,
TXN006938,2022-05-04,CU0100,SP012,ST006,PR005,2,129,0,233.93,Credit Card,Returned,,,
TXN007620,2024-06-28,CU0059,SP013,ST011,PR027,1,129,10,116.1,Online Transfer,Completed,,,
TXN001608,2024-04-17,CU0124,SP009,ST003,PR009,1,379,10,341.1,Debit Card,Completed,,,
TXN001176,2023-04-07,CU0566,SP002,ST001,PR027,2,129,5,245.1,Cash,Completed,,,
TXN004361,2022-12-14,CU0317,SP004,ST004,PR014,1,139,0,139,Debit Card,Completed,,,
TXN006109,2023-12-02,CU0001,SP004,ST006,PR037,1,289,10,260.1,Credit Card,Completed,,,
TXN005342,2022-08-26,,SP010,ST011,PR026,3,189,5,538.65,Online Transfer,Completed,,,
TXN003307,2022-11-30,CU0389,SP008,ST004,PR016,1,49,15,41.65,Cash,Cancelled,,,
TXN004064,2023-05-30,CU0246,SP005,ST002,PR033,1,119,20,95.2,Credit Card,Cancelled,,,
TXN000112,2023-05-31,CU0348,SP015,ST008,PR007,1,699,15,594.15,Credit Card,Completed,,,
TXN003122,2022-02-25,CU0514,SP008,ST009,PR004,2,299,0,598,Online Transfer,Completed,,,
TXN002268,2023-07-05,CU0040,SP005,ST007,PR027,1,129,0,129,Credit Card,Cancelled,,,
TXN003028,2022-04-13,CU0281,SP014,ST006,PR029,1,169,10,152.1,Debit Card,Completed,,,
TXN007571,2024-03-26,CU0212,SP011,ST009,PR005,2,129,5,245.1,Debit Card,Returned,,,
TXN007337,2023-03-21,CU0592,SP005,ST002,PR039,3,28,0,84,Online Transfer,Cancelled,,,
TXN005614,2024-02-15,CU0605,SP013,ST004,PR027,3,129,20,309.6,Debit Card,Completed,,,
TXN006506,2022-01-14,CU0532,SP012,ST012,PR015,2,59,10,106.2,Cash,Completed,,,
TXN000571,2022-07-01,CU0266,SP012,ST008,PR013,1,89,20,71.2,Online Transfer,Cancelled,,,
TXN006362,2023-09-10,CU0596,SP002,ST009,PR003,2,549,0,1098,Credit Card,Completed,,,
TXN007531,2023-11-20,CU0365,SP009,ST003,PR014,2,139,5,264.1,Credit Card,Completed,,,
TXN002912,2022-06-30,CU0401,SP007,ST010,PR015,1,59,10,53.1,Debit Card,Completed,,,
TXN003901,2022-05-17,CU0415,SP009,ST002,PR001,1,999,0,999,Online Transfer,Cancelled,,,
TXN006061,2024-04-05,CU0487,SP007,ST004,PR028,2,89,0,178,Online Transfer,Completed,,,
TXN007770,2023-05-30,CU0093,SP005,ST012,PR034,1,79,0,79,Cash,Completed,,,
TXN001476,2022-05-05,CU0416,SP013,ST001,PR002,3,749,0,2247,Online Transfer,Completed,,,
TXN001599,2022-01-04,CU0233,SP009,ST006,PR026,1,189,5,179.55,Debit Card,Completed,,,
TXN002729,2023-09-22,CU0157,SP011,ST007,PR032,2,69,0,138,Gift Card,Returned,,,
TXN004452,2023-11-08,CU0488,SP009,ST005,PR008,1,449,10,404.1,Debit Card,Returned,,,
TXN000074,2023-03-30,CU0034,SP003,ST009,PR027,2,129,0,258,Credit Card,Returned,,,
TXN005640,2024-02-20,CU0575,SP013,ST009,PR009,1,379,0,379,Debit Card,Cancelled,,,
TXN002236,2022-07-02,CU0589,SP013,ST008,PR030,1,149,10,134.1,Debit Card,Completed,,,
TXN007805,2022-04-13,CU0373,SP015,ST008,PR008,1,449,20,359.2,Cash,Returned,,,
TXN008334,2022-07-10,CU0552,SP003,ST011,PR008,2,449,0,898,Debit Card,Completed,,,
TXN006170,2023-11-04,CU0120,SP012,ST002,PR035,1,49,10,44.1,Online Transfer,Cancelled,,,
TXN003849,2024-06-03,CU0256,SP015,ST005,PR037,1,289,0,289,Online Transfer,Completed,,,
TXN004748,2022-02-26,CU0553,SP009,ST009,PR028,1,89,5,84.55,Credit Card,Completed,,,
TXN006940,2024-02-22,CU0113,SP009,ST002,PR017,2,99,10,178.2,Credit Card,Completed,,,
TXN004422,2023-03-15,CU0351,SP011,ST005,PR027,1,129,0,129,Credit Card,Completed,,,
TXN001688,2023-03-10,CU0097,SP006,ST007,PR003,1,549,20,439.2,Credit Card,Completed,,,
TXN004520,2024-01-19,CU0586,SP005,ST006,PR018,3,59,10,159.3,Credit Card,Completed,,,
TXN000451,2022-11-09,CU0581,SP015,ST011,PR020,1,159,10,143.1,Debit Card,Completed,,,
TXN007368,2022-05-31,CU0268,SP001,ST001,PR031,1,399,0,399,Cash,Completed,,,
TXN000658,2022-05-04,CU0367,SP012,ST006,PR019,1,119,0,119,Debit Card,Completed,,,
TXN000041,2022-01-26,CU0226,SP008,ST006,PR005,1,129,0,129,Credit Card,Completed,,,
TXN004180,2023-04-02,CU0288,SP008,ST011,PR023,1,179,0,179,Credit Card,Cancelled,,,
TXN003284,2023-11-06,CU0539,,ST006,PR010,1,199,5,189.05,Debit Card,Completed,,,
TXN001870,2023-09-26,CU0499,SP002,ST010,PR004,1,299,0,299,Cash,Completed,,,
TXN006383,2022-02-28,CU0357,SP015,ST001,PR018,4,59,20,188.8,Online Transfer,Completed,,,
TXN001180,2023-12-29,CU0275,SP003,ST004,PR034,2,79,20,126.4,Debit Card,Completed,,,
TXN002584,2024-02-07,,SP014,ST001,PR009,1,379,10,341.1,Debit Card,Completed,,,
TXN005543,2022-04-02,CU0567,SP011,ST002,PR004,1,299,10,269.1,Debit Card,Completed,,,
TXN005596,2022-12-13,CU0559,SP002,ST002,PR005,2,129,5,245.1,Debit Card,Cancelled,,,
TXN002368,2023-08-01,CU0329,SP008,ST008,PR025,5,65,0,325,Credit Card,Cancelled,,,
TXN008817,2022-12-24,CU0295,SP013,ST003,PR030,2,149,5,283.1,Online Transfer,Completed,,,
TXN002060,2022-04-16,CU0492,SP014,ST006,PR019,3,119,0,357,Credit Card,Returned,,,
TXN001500,2023-05-28,CU0309,SP003,ST003,PR012,2,29,0,58,Debit Card,Returned,,,
TXN002873,2024-06-11,CU0078,SP011,ST005,PR013,1,89,10,80.1,Debit Card,Completed,,,
TXN002545,2024-01-21,CU0344,SP002,ST007,PR022,1,89,0,89,Debit Card,Cancelled,,,
TXN004168,2022-09-12,CU0490,SP009,ST011,PR036,1,249,5,236.55,Online Transfer,Completed,,,
TXN004535,2023-04-29,CU0479,SP007,ST004,PR025,1,65,0,65,Cash,Completed,,,
TXN000803,2022-08-11,CU0318,SP001,ST004,PR034,3,79,0,237,Cash,Completed,,,
TXN003314,2024-02-06,CU0253,SP010,ST007,PR017,1,99,0,99,Cash,Returned,,,
TXN002512,2023-11-22,CU0435,SP001,ST001,PR012,1,29,0,29,Gift Card,Completed,,,
TXN001823,2022-09-15,CU0094,SP002,ST007,PR001,1,999,20,799.2,Credit Card,Completed,,,
TXN004416,2023-09-19,CU0033,SP012,ST010,PR037,1,289,10,260.1,Debit Card,Returned,,,
TXN003972,2022-07-18,CU0138,SP007,ST001,PR018,2,59,10,106.2,Credit Card,Completed,,,
TXN005306,2023-03-01,CU0561,SP002,ST009,PR024,1,45,10,40.5,Credit Card,Completed,,,
TXN004314,2022-12-06,CU0301,SP010,ST010,PR026,2,189,20,302.4,Credit Card,Completed,,,
TXN005121,2023-06-06,CU0282,SP010,ST009,PR020,2,159,0,318,Cash,Completed,,,
TXN004156,2023-12-14,,SP007,ST008,PR024,1,45,5,42.75,Debit Card,Cancelled,,,
TXN000491,2024-02-15,,SP012,ST010,PR020,2,159,0,318,Cash,Completed,,,
TXN000800,2024-02-12,CU0343,SP004,ST006,PR037,1,289,5,274.55,Debit Card,Returned,,,
TXN002222,2022-11-28,CU0043,SP003,ST009,PR021,1,24,0,24,Credit Card,Completed,,,
TXN006687,2023-12-08,CU0421,SP007,ST001,PR025,1,65,5,61.75,Credit Card,Completed,,,
TXN008917,2022-12-23,CU0560,SP003,ST012,PR010,1,199,0,199,Debit Card,Completed,,,
TXN003815,2024-06-06,CU0515,SP004,ST010,PR032,2,69,0,138,Debit Card,Completed,,,
TXN008210,2022-06-26,CU0161,SP013,ST006,PR002,1,749,20,599.2,Gift Card,Completed,,,
TXN002142,2023-10-02,CU0110,SP010,ST012,PR008,1,449,5,426.55,Cash,Completed,,,
TXN003429,2023-02-15,CU0568,SP014,ST004,PR005,3,129,5,367.65,Credit Card,Completed,,,
TXN006256,2022-10-31,CU0079,SP001,ST012,PR020,2,159,0,318,Debit Card,Completed,,,
TXN005633,2023-11-24,CU0242,SP008,ST001,PR034,1,79,0,79,Credit Card,Completed,,,
TXN003779,2023-03-29,CU0221,SP008,ST004,PR023,1,179,0,179,Credit Card,Completed,,,
TXN005669,2024-05-28,CU0225,SP004,ST006,PR038,1,39,5,37.05,Cash,Completed,,,
TXN002262,2023-01-02,CU0125,SP015,ST007,PR020,1,159,15,135.15,Credit Card,Completed,,,
TXN004249,2023-03-14,CU0379,SP005,ST010,PR025,1,65,5,61.75,Cash,Completed,,,
TXN002517,2023-07-30,CU0486,SP014,ST008,PR002,1,749,0,749,Online Transfer,Completed,,,
TXN003255,2024-01-30,CU0098,SP001,ST002,PR014,1,139,0,139,Debit Card,Completed,,,
TXN001350,2023-12-03,CU0606,SP015,ST011,PR018,5,59,0,295,Credit Card,Completed,,,
TXN002120,2024-03-29,CU0199,SP009,ST007,PR001,1,999,20,799.2,Online Transfer,Completed,,,
TXN000607,2022-11-24,CU0109,SP011,ST011,PR039,2,28,5,53.2,Debit Card,Completed,,,
TXN001415,2024-06-28,CU0441,SP005,ST006,PR003,1,549,20,439.2,Cash,Completed,,,
TXN006183,2022-09-26,CU0416,SP004,ST007,PR019,1,119,20,95.2,Credit Card,Completed,,,
TXN001271,2022-07-01,CU0379,SP001,ST009,PR029,1,169,5,160.55,Gift Card,Completed,,,
TXN005917,2024-04-22,CU0199,SP001,ST011,PR020,2,159,5,302.1,Online Transfer,Returned,,,
TXN004782,2024-05-24,CU0561,SP001,ST008,PR013,3,89,5,253.65,Debit Card,Returned,,,
TXN001065,2024-03-22,CU0552,SP008,ST005,PR015,1,59,10,53.1,Debit Card,Completed,,,
TXN004741,2022-07-29,CU0284,SP002,ST005,PR022,1,89,15,75.65,Gift Card,Completed,,,
TXN000516,2022-02-12,CU0216,SP007,ST009,PR014,2,139,5,264.1,Credit Card,Completed,,,
TXN005893,2024-01-03,CU0512,SP007,ST004,PR002,2,749,15,1273.3,Credit Card,Completed,,,
TXN003570,2023-01-31,CU0056,SP003,ST006,PR012,2,29,15,49.3,Online Transfer,Completed,,,
TXN000502,2022-04-19,CU0321,SP009,ST012,PR032,2,69,20,110.4,Gift Card,Returned,,,
TXN004965,2023-02-22,CU0607,SP008,ST001,PR033,3,119,10,321.3,Credit Card,Completed,,,
TXN002893,2024-05-20,CU0287,SP015,ST001,PR008,1,449,0,449,Cash,Completed,,,
TXN000948,2022-04-09,CU0201,SP015,ST004,PR016,4,49,5,186.2,Credit Card,Completed,,,
TXN005774,2023-09-17,CU0383,SP011,ST012,PR029,1,169,5,160.55,Debit Card,Cancelled,,,
TXN004255,2023-09-23,CU0109,SP011,ST007,PR036,2,249,10,448.2,Cash,Returned,,,
TXN004120,2022-02-13,CU0492,SP001,ST006,PR019,2,119,0,238,Credit Card,Completed,,,
TXN002313,2023-11-11,CU0417,SP012,ST006,PR018,1,59,20,47.2,Debit Card,Completed,,,
TXN004454,2023-12-02,CU0132,SP012,ST009,PR016,4,49,10,176.4,Cash,Completed,,,
TXN007663,2022-05-21,CU0446,,ST006,PR029,3,169,0,507,Debit Card,Completed,,,
TXN004776,2024-05-11,CU0260,SP015,ST012,PR033,1,119,10,107.1,Cash,Cancelled,,,
TXN004588,2023-11-18,CU0390,SP005,ST010,PR037,1,289,5,274.55,Credit Card,Completed,,,
TXN002929,2024-03-13,CU0606,SP002,ST012,PR035,1,49,5,46.55,Credit Card,Returned,,,
TXN008008,2022-12-09,CU0521,SP005,ST005,PR006,1,79,10,71.1,Cash,Returned,,,
TXN002887,2022-02-01,CU0147,SP007,ST003,PR017,4,99,0,396,Credit Card,Completed,,,
TXN001212,2023-05-01,CU0319,SP013,ST009,PR005,2,129,0,258,Debit Card,Completed,,,
TXN002075,2024-04-13,CU0508,SP013,ST006,PR025,2,65,0,130,Online Transfer,Completed,,,
TXN006287,2022-06-11,,SP005,ST009,PR007,1,699,5,664.05,Debit Card,Completed,,,
TXN004442,2023-04-02,CU0287,SP006,ST004,PR024,3,45,0,135,Debit Card,Returned,,,
TXN000321,2024-02-09,CU0410,SP009,ST012,PR038,3,39,10,105.3,Gift Card,Completed,,,
TXN008123,2024-05-27,CU0015,SP006,ST012,PR007,1,699,0,699,Credit Card,Completed,,,
TXN003954,2024-03-10,CU0369,SP013,ST008,PR028,3,89,5,253.65,Debit Card,Cancelled,,,
TXN000468,2022-04-18,CU0179,SP012,ST007,PR031,1,399,0,399,Credit Card,Completed,,,
TXN005948,2023-11-13,CU0593,SP003,ST010,PR035,1,49,0,49,Debit Card,Cancelled,,,
TXN008665,2022-07-10,CU0109,SP010,ST008,PR019,3,119,5,339.15,Online Transfer,Cancelled,,,
TXN001072,2022-05-13,CU0528,SP012,ST012,PR009,1,379,0,379,Credit Card,Completed,,,
TXN006935,2023-02-16,CU0382,SP002,ST012,PR038,1,39,15,33.15,Debit Card,Completed,,,
TXN007465,2024-01-02,CU0178,SP004,ST004,PR035,1,49,20,39.2,Online Transfer,Cancelled,,,
TXN001945,2023-10-26,,SP012,ST002,PR019,2,119,10,214.2,Credit Card,Cancelled,,,
TXN005818,2024-01-30,CU0066,SP001,ST004,PR001,1,999,20,799.2,Debit Card,Returned,,,
TXN005491,2022-12-31,CU0542,SP009,ST001,PR035,1,49,5,46.55,Debit Card,Completed,,,
TXN002308,2024-06-16,CU0598,SP014,ST009,PR025,2,65,15,110.5,Credit Card,Completed,,,
TXN005155,2023-01-17,CU0216,SP006,ST001,PR032,1,69,5,65.55,Debit Card,Completed,,,
TXN002436,2023-11-30,CU0185,SP002,ST005,PR019,2,119,10,214.2,Credit Card,Completed,,,
TXN005548,2024-01-20,CU0064,SP003,ST004,PR022,2,89,15,151.3,Gift Card,Completed,,,
TXN003542,2024-04-10,CU0046,SP002,ST001,PR005,2,129,5,245.1,Debit Card,Completed,,,
TXN008247,2022-06-12,CU0169,SP003,ST006,PR014,1,139,0,139,Online Transfer,Completed,,,
TXN004152,2023-11-11,CU0578,SP009,ST008,PR003,2,549,0,1098,Cash,Completed,,,
TXN003130,2024-01-08,CU0455,SP009,ST004,PR007,1,699,5,664.05,Online Transfer,Completed,,,
TXN008310,2022-09-27,CU0556,SP003,ST010,PR004,1,299,15,254.15,Cash,Completed,,,
TXN007341,2022-09-01,CU0596,SP007,ST002,PR035,1,49,0,49,Debit Card,Completed,,,
TXN004735,2022-05-26,CU0355,SP008,ST010,PR039,1,28,0,28,Credit Card,Completed,,,
TXN002154,2024-04-18,CU0269,SP012,ST009,PR021,1,24,5,22.8,Debit Card,Returned,,,
TXN005165,2022-06-08,CU0219,SP014,ST001,PR025,5,65,10,292.5,Debit Card,Returned,,,
TXN006167,2022-02-21,CU0182,SP012,ST003,PR008,1,449,5,426.55,Debit Card,Completed,,,
TXN008344,2022-02-15,CU0523,SP010,ST010,PR013,1,89,15,75.65,Online Transfer,Completed,,,
TXN008419,2022-02-17,CU0494,SP002,ST011,PR031,1,399,0,399,Cash,Completed,,,
TXN002095,2022-01-09,CU0527,SP006,ST004,PR014,2,139,10,250.2,Debit Card,Completed,,,
TXN008322,2022-10-29,CU0141,SP012,ST004,PR035,1,49,0,49,Cash,Completed,,,
TXN001266,2023-04-17,CU0192,SP015,ST006,PR028,1,89,0,89,Credit Card,Completed,,,
TXN000971,2022-06-29,CU0296,SP009,ST010,PR032,1,69,10,62.1,Debit Card,Completed,,,
TXN008909,2023-02-20,CU0324,SP012,ST006,PR026,1,189,0,189,Debit Card,Completed,,,
TXN002041,2023-10-27,CU0298,SP005,ST003,PR015,3,59,5,168.15,Gift Card,Completed,,,
TXN006537,2022-09-01,CU0379,SP009,ST002,PR033,2,119,0,238,Cash,Completed,,,
TXN008120,2023-11-22,CU0130,SP009,ST001,PR012,2,29,0,58,Cash,Completed,,,
TXN008871,2022-06-06,CU0586,SP006,ST011,PR026,2,189,10,340.2,Credit Card,Completed,,,
TXN006853,2023-02-07,CU0539,SP013,ST005,PR035,1,49,15,41.65,Credit Card,Completed,,,
TXN008994,2023-08-21,CU0349,SP011,ST008,PR037,2,289,15,491.3,Gift Card,Completed,,,
TXN006395,2022-09-28,CU0317,SP002,ST003,PR021,3,24,10,64.8,Cash,Completed,,,
TXN005329,2022-04-27,CU0134,SP010,ST003,PR026,2,189,15,321.3,Credit Card,Completed,,,
TXN006755,2023-02-11,CU0091,SP007,ST004,PR026,1,189,0,189,Debit Card,Completed,,,
TXN007548,2022-12-28,,SP009,ST009,PR036,1,249,0,249,Debit Card,Completed,,,
TXN002989,2023-07-13,CU0218,SP011,ST011,PR015,1,59,10,53.1,Credit Card,Cancelled,,,
TXN008170,2023-02-21,CU0365,SP009,ST011,PR029,1,169,10,152.1,Online Transfer,Completed,,,
TXN007967,2024-02-14,CU0033,SP013,ST003,PR015,1,59,5,53.41,Cash,Completed,,,
TXN007635,2023-07-09,CU0088,SP002,ST005,PR018,5,59,5,280.25,Credit Card,Completed,,,
TXN005461,2022-03-13,CU0250,SP014,ST012,PR038,2,39,10,70.2,Gift Card,Returned,,,
TXN005992,2023-03-09,CU0433,SP010,ST004,PR023,1,179,0,179,Credit Card,Returned,,,
TXN001074,2023-10-04,CU0095,SP001,ST007,PR030,3,149,15,379.95,Credit Card,Completed,,,
TXN005156,2023-02-17,CU0580,SP005,ST011,PR031,1,399,5,379.05,Cash,Completed,,,
TXN000366,2022-06-18,CU0381,SP011,ST007,PR010,1,199,0,199,Online Transfer,Completed,,,
TXN008068,2023-07-21,CU0335,SP007,ST002,PR001,1,999,0,999,Online Transfer,Returned,,,
TXN007478,2023-11-18,CU0290,SP001,ST003,PR009,1,379,10,341.1,Credit Card,Completed,,,
TXN000091,2022-02-26,CU0086,SP006,ST010,PR015,1,59,10,53.1,Cash,Completed,,,
TXN004348,2022-05-09,CU0459,SP014,ST006,PR019,2,119,20,176.86,Debit Card,Completed,,,
TXN000990,2024-03-08,CU0538,SP015,ST001,PR001,1,999,0,999,Credit Card,Completed,,,
TXN006462,2024-02-03,CU0353,SP007,ST009,PR036,2,249,0,498,Cash,Completed,,,
TXN008742,2024-04-01,CU0251,SP002,ST003,PR008,2,449,0,898,Credit Card,Cancelled,,,
TXN001597,2023-08-10,CU0584,SP013,ST001,PR009,2,379,15,644.3,Credit Card,Completed,,,
TXN001876,2022-03-01,CU0483,SP011,ST007,PR004,1,299,20,239.2,Credit Card,Completed,,,
TXN003636,2022-08-22,CU0149,SP010,ST012,PR016,2,49,15,83.3,Online Transfer,Cancelled,,,
TXN001224,2024-06-02,CU0188,SP015,ST006,PR039,2,28,20,44.8,Cash,Completed,,,
TXN008187,2022-02-08,CU0478,SP005,ST006,PR033,1,119,15,101.15,Debit Card,Returned,,,
TXN001123,2022-07-07,CU0528,SP011,ST010,PR025,2,65,0,130,Debit Card,Completed,,,
TXN001811,2023-03-02,CU0230,SP011,ST009,PR005,1,129,15,109.65,Cash,Completed,,,
TXN002677,2023-08-30,CU0488,SP010,ST011,PR021,2,24,0,48,Credit Card,Completed,,,
TXN007541,2023-06-19,CU0387,SP010,ST008,PR005,1,129,0,129,Debit Card,Completed,,,
TXN003373,2023-05-23,CU0324,SP002,ST005,PR001,1,999,0,999,Credit Card,Cancelled,,,
TXN001941,2022-05-21,CU0440,SP009,ST002,PR017,5,99,20,396,Debit Card,Completed,,,
TXN002496,2023-02-11,CU0252,SP014,ST012,PR007,2,699,0,1398,Credit Card,Cancelled,,,
TXN005698,2022-11-05,CU0208,SP007,ST011,PR004,1,299,5,284.05,Cash,Returned,,,
TXN004896,2023-10-01,CU0396,SP006,ST011,PR024,1,45,0,45,Cash,Returned,,,
TXN005344,2022-10-18,CU0021,SP002,ST003,PR004,1,299,10,269.1,Gift Card,Completed,,,
TXN003825,2022-10-23,CU0021,SP004,ST007,PR040,3,22,15,56.1,Debit Card,Completed,,,
TXN005570,2022-07-04,CU0161,SP001,ST007,PR010,2,199,0,398,Online Transfer,Completed,,,
TXN000656,2022-01-28,CU0451,SP002,ST007,PR002,2,749,0,1498,Debit Card,Returned,,,
TXN003601,2023-08-26,CU0168,SP006,ST003,PR023,1,179,5,170.05,Credit Card,Completed,,,
TXN003056,2024-02-05,CU0562,SP005,ST003,PR018,4,59,20,188.8,Debit Card,Cancelled,,,
TXN002585,2024-06-15,CU0071,SP003,ST005,PR033,3,119,0,357,Credit Card,Completed,,,
TXN004752,2023-06-29,CU0441,SP011,ST009,PR019,3,119,5,339.15,Debit Card,Completed,,,
TXN004586,2022-05-08,CU0039,SP010,ST006,PR013,1,89,20,71.2,Cash,Completed,,,
TXN005285,2023-04-09,CU0237,SP010,ST007,PR018,4,59,0,236,Debit Card,Completed,,,
TXN001776,2022-05-18,CU0132,SP003,ST011,PR029,1,169,20,135.2,Credit Card,Completed,,,
TXN000528,2022-12-22,CU0132,SP013,ST008,PR034,3,79,20,189.6,Credit Card,Completed,,,
TXN005336,2022-06-16,CU0226,SP004,ST004,PR039,2,28,10,50.4,Debit Card,Cancelled,,,
TXN005091,2022-07-27,CU0600,SP015,ST003,PR040,1,22,20,17.6,Debit Card,Returned,,,
TXN001756,2023-12-09,CU0499,SP008,ST004,PR030,2,149,0,298,Debit Card,Completed,,,
TXN002904,2022-07-17,CU0282,SP002,ST012,PR016,1,49,0,49,Debit Card,Completed,,,
TXN008717,2023-09-13,CU0180,SP012,ST012,PR037,1,289,0,289,Debit Card,Completed,,,
TXN002489,2023-12-09,CU0577,SP002,ST010,PR006,1,79,10,71.1,Debit Card,Completed,,,
TXN004261,2023-05-13,CU0317,SP004,ST006,PR023,2,179,5,340.1,Credit Card,Cancelled,,,
TXN000420,2023-12-15,CU0506,SP014,ST011,PR039,1,28,5,26.6,Credit Card,Completed,,,
TXN006781,2022-06-23,,SP003,ST005,PR038,1,39,5,37.05,Credit Card,Returned,,,
TXN007867,2023-04-16,CU0238,SP004,ST009,PR040,1,22,10,19.8,Debit Card,Cancelled,,,
TXN008978,2022-08-28,CU0120,SP006,ST009,PR020,2,159,0,318,Cash,Completed,,,
TXN005675,2024-02-10,CU0131,SP004,ST009,PR002,1,749,0,749,Online Transfer,Returned,,,
TXN005938,2022-12-25,CU0087,SP008,ST001,PR020,2,159,10,286.2,Online Transfer,Completed,,,
TXN002344,2023-04-12,,SP012,ST009,PR019,5,119,10,535.5,Debit Card,Returned,,,
TXN000686,2024-06-16,CU0499,SP013,ST005,PR011,1,499,20,399.2,Online Transfer,Completed,,,
TXN006618,2023-07-08,CU0252,SP013,ST011,PR017,1,99,0,99,Credit Card,Completed,,,
TXN008331,2023-10-06,CU0249,SP010,ST008,PR030,1,149,0,149,Credit Card,Completed,,,
TXN006016,2024-04-18,CU0180,SP014,ST003,PR026,2,189,0,378,Debit Card,Returned,,,
TXN002889,2022-09-10,CU0521,SP015,ST009,PR013,1,89,0,89,Cash,Completed,,,
TXN001643,2023-09-15,CU0098,SP006,ST004,PR025,3,65,20,156,Gift Card,Returned,,,
TXN003562,2023-03-20,CU0135,SP012,ST002,PR025,1,65,0,65,Credit Card,Completed,,,
TXN007162,2024-03-04,CU0572,SP002,ST002,PR007,1,699,20,559.2,Credit Card,Completed,,,
TXN008571,2023-08-25,CU0305,SP004,ST004,PR003,1,549,10,494.1,Debit Card,Completed,,,
TXN008136,2022-09-25,CU0508,SP007,ST003,PR035,2,49,0,98,Debit Card,Completed,,,
TXN003379,2023-10-09,CU0518,SP010,ST008,PR006,2,79,0,158,Debit Card,Cancelled,,,
TXN000487,2024-01-30,CU0126,SP006,ST012,PR033,1,119,0,119,Cash,Cancelled,,,
TXN004802,2023-04-17,CU0218,SP002,ST009,PR038,1,39,15,33.15,Credit Card,Completed,,,
TXN002500,2024-05-10,CU0191,SP003,ST009,PR035,1,49,15,41.65,Credit Card,Completed,,,
TXN007923,2023-11-30,CU0144,SP013,ST005,PR019,2,119,10,214.2,Credit Card,Completed,,,
TXN007897,2024-06-22,CU0085,SP009,ST006,PR025,5,65,20,260,Credit Card,Completed,,,
TXN005729,2024-04-08,CU0221,,ST005,PR038,2,39,10,70.2,Debit Card,Completed,,,
TXN007799,2023-02-22,CU0605,SP001,ST006,PR035,3,49,5,139.65,Cash,Completed,,,
TXN007796,2023-11-28,CU0207,SP012,ST011,PR025,2,65,0,130,Debit Card,Completed,,,
TXN000592,2022-05-05,CU0472,SP006,ST001,PR036,2,249,5,473.1,Cash,Completed,,,
TXN002372,2022-03-04,,SP009,ST004,PR014,1,139,0,139,Debit Card,Completed,,,
TXN000212,2022-11-26,CU0539,SP012,ST008,PR029,1,169,5,160.55,Cash,Completed,,,
TXN007901,2022-10-13,CU0094,SP009,ST003,PR036,1,249,5,236.55,Online Transfer,Cancelled,,,
TXN008606,2022-10-27,CU0314,SP008,ST009,PR039,1,28,5,26.6,Debit Card,Completed,,,
TXN000544,2022-11-26,CU0495,SP009,ST009,PR035,4,49,0,196,Debit Card,Completed,,,
TXN007205,2024-03-26,CU0124,SP012,ST009,PR026,2,189,0,378,Credit Card,Completed,,,
TXN004331,2023-10-07,CU0090,SP002,ST012,PR012,2,29,20,46.4,Cash,Completed,,,
TXN003116,2022-05-23,CU0576,SP006,ST004,PR037,4,289,0,1156,Credit Card,Completed,,,
TXN006525,2024-06-17,CU0247,SP003,ST012,PR034,1,79,15,67.15,Credit Card,Completed,,,
TXN001344,2024-02-16,CU0261,SP015,ST009,PR030,1,149,0,149,Cash,Cancelled,,,
TXN005209,2023-10-02,CU0317,SP005,ST002,PR001,2,999,0,1998,Gift Card,Completed,,,
TXN003865,2022-04-22,CU0358,SP013,ST010,PR020,2,159,0,318,Online Transfer,Completed,,,
TXN003179,2022-01-17,CU0301,SP007,ST001,PR006,1,79,10,71.1,Credit Card,Completed,,,
TXN007830,2022-12-03,CU0381,SP008,ST001,PR009,1,379,20,303.2,Cash,Completed,,,
TXN006316,2023-09-11,CU0299,SP015,ST011,PR014,1,139,0,139,Debit Card,Completed,,,
TXN002816,2022-01-11,CU0321,SP004,ST005,PR008,1,449,10,404.1,Online Transfer,Cancelled,,,
TXN008166,2024-01-03,CU0595,SP004,ST004,PR035,1,49,0,49,Cash,Completed,,,
TXN007031,2023-12-24,CU0396,SP012,ST006,PR017,1,99,5,94.05,Cash,Completed,,,
TXN007753,2023-05-30,CU0426,SP006,ST010,PR037,1,289,5,274.55,Credit Card,Cancelled,,,
TXN005008,2022-09-18,CU0599,SP011,ST010,PR014,2,139,0,278,Credit Card,Completed,,,
TXN006679,2022-10-03,CU0568,SP010,ST001,PR001,1,999,0,999,Credit Card,Completed,,,
TXN000261,2024-06-16,CU0438,SP005,ST012,PR015,3,59,10,159.3,Cash,Completed,,,
TXN004426,2022-11-07,CU0153,SP011,ST001,PR039,4,28,20,89.6,Credit Card,Completed,,,
TXN002807,2023-08-30,CU0088,SP014,ST010,PR035,2,49,0,98,Credit Card,Completed,,,
TXN001641,2023-08-26,CU0562,SP004,ST004,PR016,2,49,10,88.2,Debit Card,Cancelled,,,
TXN005503,2022-07-24,CU0091,SP007,ST006,PR002,1,749,0,749,Credit Card,Completed,,,
TXN000779,2023-12-24,CU0297,SP003,ST004,PR022,2,89,0,178,Credit Card,Completed,,,
TXN006498,2023-10-27,CU0332,SP011,ST011,PR009,1,379,15,364.3,Credit Card,Completed,,,
TXN002034,2022-11-22,CU0322,SP007,ST004,PR032,2,69,0,138,Online Transfer,Returned,,,
TXN004078,2023-10-06,CU0302,SP011,ST006,PR001,1,999,20,799.2,Credit Card,Completed,,,
TXN000817,2024-05-21,CU0143,SP014,ST004,PR034,1,79,10,71.1,Gift Card,Completed,,,
TXN005719,2022-10-07,CU0253,SP014,ST005,PR023,1,179,5,170.05,Debit Card,Returned,,,
TXN008429,2024-05-03,CU0324,SP003,ST007,PR014,1,139,10,125.1,Cash,Completed,,,
TXN003187,2024-04-20,CU0320,SP005,ST002,PR039,1,28,10,25.2,Credit Card,Cancelled,,,
TXN006843,2022-06-27,CU0282,SP001,ST012,PR032,3,69,15,175.95,Credit Card,Completed,,,
TXN005159,2024-06-11,CU0555,SP004,ST002,PR022,2,89,10,160.2,Gift Card,Returned,,,
TXN003264,2023-08-22,CU0329,SP010,ST002,PR035,1,49,20,39.2,Credit Card,Completed,,,
TXN005949,2022-05-25,CU0568,SP005,ST001,PR033,1,119,0,119,Gift Card,Completed,,,
TXN000409,2024-02-03,CU0447,SP009,ST007,PR037,1,289,0,289,Online Transfer,Completed,,,
TXN007606,2023-03-26,CU0004,SP009,ST006,PR016,2,49,5,93.1,Debit Card,Completed,,,
TXN000350,2022-08-20,CU0394,SP011,ST012,PR034,1,79,0,79,Credit Card,Completed,,,
TXN008261,2022-04-22,CU0111,SP008,ST001,PR032,1,69,0,69,Gift Card,Cancelled,,,
TXN000481,2023-03-17,CU0563,SP003,ST002,PR020,4,159,5,604.2,Debit Card,Completed,,,
TXN005677,2023-11-01,CU0175,SP007,ST009,PR016,2,49,5,93.1,Credit Card,Returned,,,
TXN002686,2023-04-19,CU0337,SP011,ST005,PR028,1,89,5,84.55,Cash,Cancelled,,,
TXN008554,2022-03-06,CU0437,SP005,ST007,PR021,1,24,10,21.6,Gift Card,Returned,,,
TXN005648,2022-12-18,CU0062,SP012,ST007,PR015,1,59,0,59,Credit Card,Completed,,,
TXN001149,2022-12-02,CU0268,SP006,ST011,PR003,1,549,0,549,Cash,Completed,,,
TXN002713,2022-02-27,CU0374,SP006,ST009,PR012,1,29,5,27.55,Debit Card,Completed,,,
TXN000842,2023-07-30,CU0150,SP013,ST011,PR002,1,749,5,711.55,Online Transfer,Completed,,,
TXN000105,2022-07-23,CU0173,SP001,ST007,PR026,2,189,0,378,Debit Card,Completed,,,
TXN002450,2023-03-20,CU0324,SP014,ST010,PR014,1,139,20,111.2,Debit Card,Completed,,,
TXN007872,2023-11-13,CU0561,SP001,ST012,PR002,1,749,0,749,Credit Card,Completed,,,
TXN000570,2022-02-24,CU0294,SP003,ST005,PR007,1,699,0,699,Credit Card,Completed,,,
TXN008567,2022-12-31,CU0531,SP013,ST009,PR031,1,399,0,399,Cash,Completed,,,
TXN002426,2022-12-18,CU0091,SP013,ST008,PR015,1,59,5,56.05,Cash,Returned,,,
TXN002051,2022-09-21,CU0380,SP002,ST012,PR023,2,179,20,286.4,Credit Card,Returned,,,
TXN006370,2022-09-07,CU0379,SP004,ST004,PR036,1,249,0,249,Cash,Cancelled,,,
TXN006641,2022-06-11,CU0571,SP007,ST010,PR016,2,49,0,98,Cash,Completed,,,
TXN007164,2022-08-29,CU0184,SP012,ST003,PR025,2,65,0,130,Credit Card,Completed,,,
TXN000037,2023-08-12,CU0267,SP006,ST003,PR011,2,499,5,948.1,Credit Card,Cancelled,,,
TXN004777,2022-03-13,CU0113,SP006,ST012,PR040,3,22,10,59.4,Cash,Completed,,,
TXN008073,2023-08-06,CU0200,SP015,ST011,PR009,1,379,0,379,Credit Card,Completed,,,
TXN004856,2024-02-10,CU0529,SP005,ST008,PR029,2,169,15,287.3,Online Transfer,Completed,,,
TXN007422,2023-09-20,CU0127,SP011,ST007,PR025,4,65,5,247,Debit Card,Cancelled,,,
TXN000759,2023-10-27,CU0314,SP005,ST008,PR040,1,22,5,20.9,Online Transfer,Cancelled,,,
TXN005583,2023-11-07,CU0387,SP007,ST008,PR033,4,119,0,476,Cash,Completed,,,
TXN001990,2023-02-04,CU0348,SP013,ST002,PR037,1,289,0,289,Online Transfer,Completed,,,
TXN003277,2024-06-07,CU0137,SP012,ST007,PR027,2,129,5,245.1,Online Transfer,Completed,,,
TXN003335,2023-06-21,CU0307,SP009,ST012,PR025,2,65,5,123.5,Credit Card,Completed,,,
TXN005797,2024-01-06,CU0293,SP014,ST002,PR013,1,89,10,80.1,Debit Card,Completed,,,
TXN004553,2022-05-19,CU0241,SP001,ST011,PR010,1,199,5,189.05,Debit Card,Completed,,,
TXN007296,2022-12-21,CU0097,SP004,ST009,PR008,2,449,0,898,Cash,Completed,,,
TXN004178,2023-08-20,CU0202,SP008,ST002,PR016,1,49,15,41.65,Credit Card,Completed,,,
TXN000254,2024-02-20,CU0086,SP013,ST005,PR025,1,65,0,65,Debit Card,Cancelled,,,
TXN006638,2022-09-24,CU0189,SP006,ST010,PR038,1,39,0,39,Gift Card,Completed,,,
TXN008335,2022-09-04,CU0098,SP001,ST003,PR016,2,49,5,93.1,Cash,Completed,,,
TXN000756,2024-06-26,CU0182,SP003,ST010,PR015,1,59,0,59,Gift Card,Completed,,,
TXN003911,2023-03-21,CU0522,SP002,ST006,PR030,2,149,10,268.2,Online Transfer,Completed,,,
TXN001752,2024-05-17,CU0101,SP009,ST003,PR033,1,119,10,103.94,Cash,Completed,,,
TXN002192,2022-09-17,CU0223,SP013,ST012,PR029,1,169,0,169,Debit Card,Completed,,,
TXN008933,2023-01-30,CU0607,SP012,ST002,PR007,1,699,10,629.1,Online Transfer,Completed,,,
TXN003754,2022-04-28,CU0597,SP015,ST008,PR038,1,39,0,39,Debit Card,Completed,,,
TXN008179,2023-10-28,CU0570,SP006,ST008,PR039,1,28,0,28,Debit Card,Cancelled,,,
TXN006268,2022-02-26,CU0423,SP002,ST008,PR036,2,249,0,498,Cash,Completed,,,
TXN001293,2024-03-09,CU0206,SP006,ST008,PR031,1,399,0,399,Gift Card,Completed,,,
TXN002312,2022-10-28,CU0366,SP006,ST010,PR019,1,119,0,119,Cash,Completed,,,
TXN007579,2023-12-16,CU0195,SP005,ST002,PR031,1,399,0,399,Cash,Completed,,,
TXN001975,2024-05-10,CU0188,SP013,ST011,PR017,2,99,15,168.3,Credit Card,Completed,,,
TXN006356,2023-06-22,CU0547,SP010,ST012,PR021,1,24,0,24,Cash,Completed,,,
TXN003406,2023-10-20,CU0433,SP009,ST007,PR019,1,119,15,101.15,Cash,Returned,,,
TXN001253,2022-09-07,CU0199,SP001,ST003,PR022,2,89,0,178,Debit Card,Completed,,,
TXN000928,2024-04-11,CU0592,SP014,ST012,PR023,4,179,5,680.2,Debit Card,Completed,,,
TXN008718,2023-08-15,CU0573,SP004,ST003,PR018,1,59,10,53.1,Debit Card,Cancelled,,,
TXN004244,2022-11-22,CU0207,SP011,ST012,PR015,1,59,10,53.1,Cash,Completed,,,
TXN002370,2022-11-29,CU0107,SP002,ST007,PR001,1,999,5,949.05,Cash,Completed,,,
TXN005055,2022-06-07,CU0407,SP011,ST007,PR020,3,159,10,429.3,Credit Card,Completed,,,
TXN008311,2023-09-03,CU0069,SP008,ST001,PR027,1,129,5,122.55,Gift Card,Cancelled,,,
TXN007370,2023-12-18,CU0594,SP011,ST002,PR005,1,129,0,129,Cash,Returned,,,
TXN006553,2023-11-27,CU0047,SP004,ST004,PR030,1,149,0,149,Credit Card,Completed,,,
TXN007783,2023-09-30,CU0511,SP011,ST009,PR003,1,549,10,494.1,Credit Card,Returned,,,
TXN002646,2023-04-24,CU0091,SP008,ST012,PR001,1,999,0,999,Credit Card,Completed,,,
TXN004026,2022-04-18,CU0522,SP008,ST005,PR029,2,169,0,338,Cash,Completed,,,
TXN005109,2022-12-09,CU0193,SP009,ST011,PR037,2,289,5,549.1,Online Transfer,Completed,,,
TXN004196,2024-01-21,,SP012,ST006,PR003,2,549,10,988.2,Credit Card,Completed,,,
TXN002461,2023-10-27,CU0107,SP002,ST007,PR021,2,24,0,48,Cash,Completed,,,
TXN001311,2023-07-29,CU0314,SP005,ST009,PR027,1,129,10,116.1,Debit Card,Cancelled,,,
TXN005650,2022-11-25,CU0466,SP004,ST012,PR008,1,449,0,449,Cash,Completed,,,
TXN006332,2024-02-08,CU0205,SP015,ST011,PR032,1,69,20,55.2,Credit Card,Completed,,,
TXN003437,2022-03-18,CU0287,SP004,ST005,PR031,1,399,0,399,Credit Card,Cancelled,,,
TXN006695,2023-04-20,CU0119,SP008,ST010,PR016,2,49,5,93.1,Cash,Returned,,,
TXN005682,2024-02-26,CU0098,SP008,ST001,PR003,1,549,10,494.1,Credit Card,Cancelled,,,
TXN005495,2022-05-08,CU0182,SP015,ST010,PR017,1,99,0,99,Credit Card,Completed,,,
TXN005687,2023-04-01,CU0323,SP015,ST009,PR029,2,169,0,338,Debit Card,Completed,,,
TXN007500,2023-05-04,,SP013,ST002,PR039,1,28,15,23.8,Gift Card,Completed,,,
TXN006670,2024-03-28,CU0329,SP004,ST009,PR014,2,139,15,236.3,Credit Card,Cancelled,,,
TXN008398,2023-05-21,CU0442,SP002,ST002,PR037,1,289,10,260.1,Online Transfer,Completed,,,
TXN003500,2023-08-12,CU0273,SP015,ST005,PR039,3,28,20,67.2,Credit Card,Completed,,,
TXN004812,2023-06-13,CU0123,SP011,ST008,PR016,1,49,10,44.1,Online Transfer,Completed,,,
TXN003020,2023-07-27,CU0233,SP001,ST011,PR020,1,159,5,151.05,Debit Card,Completed,,,
TXN006857,2024-03-29,CU0509,SP001,ST012,PR027,2,129,5,245.1,Debit Card,Completed,,,
TXN007980,2023-07-01,CU0342,SP011,ST012,PR020,1,159,0,159,Gift Card,Cancelled,,,
TXN007256,2022-02-19,CU0032,SP010,ST012,PR027,3,129,20,309.6,Cash,Completed,,,
TXN002475,2022-11-03,CU0384,SP008,ST005,PR029,1,169,0,169,Credit Card,Completed,,,
TXN005793,2023-06-03,CU0066,SP001,ST012,PR040,2,22,20,35.2,Debit Card,Completed,,,
TXN008806,2022-02-28,CU0389,SP005,ST005,PR015,1,59,5,56.05,Gift Card,Cancelled,,,
TXN004552,2023-12-05,CU0235,SP014,ST009,PR008,1,449,0,449,Online Transfer,Returned,,,
TXN000901,2023-12-28,CU0485,SP011,ST001,PR017,1,99,5,94.05,Credit Card,Completed,,,
TXN002294,2023-06-30,CU0157,SP007,ST011,PR018,2,59,0,118,Online Transfer,Completed,,,
TXN007751,2022-09-14,,SP011,ST005,PR026,2,189,20,302.4,Credit Card,Completed,,,
TXN007806,2023-08-25,CU0393,SP006,ST006,PR005,2,129,10,232.2,Credit Card,Completed,,,
TXN007683,2024-04-16,CU0391,SP006,ST007,PR021,1,24,20,19.2,Online Transfer,Completed,,,
TXN002137,2023-05-07,CU0567,SP001,ST010,PR026,2,189,10,340.2,Credit Card,Completed,,,
TXN005956,2022-07-29,CU0461,SP015,ST012,PR015,1,59,10,53.1,Debit Card,Returned,,,
TXN000930,2022-04-20,CU0044,SP008,ST006,PR019,1,119,0,119,Cash,Completed,,,
TXN008696,2022-07-10,CU0532,SP008,ST003,PR036,1,249,0,249,Gift Card,Completed,,,
TXN007261,2023-12-03,CU0586,SP013,ST002,PR009,2,379,0,758,Credit Card,Returned,,,
TXN001413,2022-12-31,CU0490,SP004,ST005,PR014,1,139,0,139,Debit Card,Returned,,,
TXN005238,2024-06-03,CU0207,SP002,ST008,PR040,1,22,15,18.7,Online Transfer,Completed,,,
TXN001594,2024-06-20,CU0072,SP008,ST006,PR035,1,49,15,41.65,Gift Card,Cancelled,,,
TXN000441,2022-04-26,CU0532,SP012,ST011,PR002,3,749,0,2247,Credit Card,Cancelled,,,
TXN001840,2024-05-29,CU0282,SP002,ST004,PR001,2,999,15,1698.3,Gift Card,Completed,,,
TXN002501,2023-07-18,CU0281,SP006,ST006,PR040,1,22,20,17.6,Online Transfer,Returned,,,
TXN002310,2023-11-01,CU0588,SP015,ST005,PR025,3,65,0,195,Credit Card,Completed,,,
TXN008680,2024-01-29,CU0169,SP015,ST004,PR040,1,22,10,19.8,Credit Card,Returned,,,
TXN008905,2022-02-22,CU0469,SP003,ST005,PR037,3,289,20,693.6,Debit Card,Completed,,,
TXN000448,2022-03-30,CU0147,SP012,ST004,PR020,4,159,5,604.2,Debit Card,Completed,,,
TXN001011,2022-06-28,CU0317,SP009,ST012,PR012,1,29,5,27.55,Cash,Completed,,,
TXN005766,2022-10-17,CU0507,SP004,ST006,PR002,1,749,5,711.55,Online Transfer,Completed,,,
TXN005348,2023-02-21,CU0364,SP004,ST002,PR036,3,249,20,602.11,Gift Card,Completed,,,
TXN002385,2023-05-19,CU0224,SP007,ST010,PR008,1,449,15,381.65,Credit Card,Completed,,,
TXN006015,2022-07-17,CU0143,SP001,ST011,PR026,1,189,0,189,Gift Card,Completed,,,
TXN001900,2023-12-16,CU0009,SP014,ST006,PR026,1,189,5,179.55,Online Transfer,Completed,,,
TXN002649,2022-12-11,CU0182,SP008,ST007,PR020,2,159,10,286.2,Cash,Completed,,,
TXN006317,2023-06-07,,SP005,ST008,PR032,1,69,0,69,Debit Card,Completed,,,
TXN008393,2022-04-01,CU0534,,ST003,PR036,1,249,5,236.55,Cash,Completed,,,
TXN004774,2022-12-31,CU0375,SP009,ST009,PR025,1,65,20,52,Credit Card,Cancelled,,,
TXN003063,2022-08-31,CU0445,SP012,ST001,PR036,2,249,15,423.3,Cash,Returned,,,
TXN005066,2023-02-15,CU0415,SP013,ST008,PR026,1,189,20,151.2,Online Transfer,Completed,,,
TXN003136,2023-05-18,CU0199,SP010,ST007,PR021,1,24,5,22.8,Debit Card,Completed,,,
TXN006027,2023-07-31,CU0274,SP010,ST008,PR012,2,29,0,58,Credit Card,Completed,,,
TXN003802,2022-02-08,CU0207,SP013,ST007,PR007,1,699,5,664.05,Debit Card,Completed,,,
TXN007940,2023-10-08,CU0291,SP004,ST004,PR005,1,129,5,122.55,Debit Card,Completed,,,
TXN005504,2023-05-18,CU0301,SP010,ST012,PR003,2,549,5,1043.1,Debit Card,Completed,,,
TXN002886,2022-04-05,CU0062,SP010,ST010,PR035,3,49,0,147,Cash,Cancelled,,,
TXN006597,2023-11-08,CU0277,SP003,ST002,PR033,2,119,5,226.1,Credit Card,Completed,,,
TXN007761,2023-08-15,CU0536,SP011,ST007,PR001,1,999,0,999,Debit Card,Completed,,,
TXN002429,2022-08-03,CU0383,SP013,ST004,PR016,5,49,20,196,Online Transfer,Completed,,,
TXN000208,2023-06-24,CU0445,SP015,ST012,PR004,1,299,0,299,Credit Card,Returned,,,
TXN000471,2024-04-13,CU0197,SP002,ST010,PR002,3,749,0,2247,Online Transfer,Completed,,,
TXN005874,2023-11-06,CU0054,SP009,ST002,PR025,1,65,5,61.75,Gift Card,Completed,,,
TXN003687,2022-05-01,CU0065,SP006,ST002,PR022,1,89,0,89,Cash,Completed,,,
TXN003650,2022-02-11,CU0248,SP008,ST010,PR038,1,39,5,37.05,Gift Card,Completed,,,
TXN004657,2022-10-29,,SP007,ST005,PR005,1,129,0,129,Credit Card,Completed,,,
TXN008895,2022-04-30,CU0056,SP004,ST011,PR018,1,59,5,56.05,Credit Card,Returned,,,
TXN007555,2022-05-04,CU0149,SP012,ST004,PR002,2,749,0,1498,Gift Card,Cancelled,,,
TXN003939,2024-05-01,CU0609,SP005,ST003,PR027,1,129,5,122.55,Online Transfer,Completed,,,
TXN008242,2023-07-26,CU0424,SP015,ST009,PR021,2,24,0,48,Credit Card,Completed,,,
TXN004097,2023-11-22,CU0015,SP004,ST005,PR024,5,45,20,180,Debit Card,Completed,,,
TXN000228,2024-04-17,CU0487,SP003,ST010,PR024,1,45,0,45,Cash,Completed,,,
TXN005598,2022-12-25,CU0210,SP006,ST006,PR026,2,189,10,340.2,Credit Card,Completed,,,
TXN003877,2022-02-24,CU0566,SP014,ST001,PR027,1,129,5,122.55,Cash,Completed,,,
TXN002822,2024-02-10,CU0240,SP010,ST009,PR016,1,49,15,41.65,Online Transfer,Completed,,,
TXN008320,2022-06-04,CU0501,SP003,ST005,PR032,1,69,5,65.55,Debit Card,Returned,,,
TXN003668,2023-05-04,CU0108,SP005,ST005,PR034,1,79,10,71.1,Credit Card,Returned,,,
TXN007803,2023-09-07,CU0184,SP008,ST003,PR003,3,549,0,1647,Debit Card,Completed,,,
TXN003792,2024-04-09,CU0572,SP002,ST009,PR004,1,299,0,299,Credit Card,Completed,,,
TXN007381,2024-01-24,CU0525,SP006,ST006,PR032,3,69,5,196.65,Credit Card,Completed,,,
TXN006903,2022-11-25,CU0165,SP015,ST004,PR012,1,29,0,29,Cash,Returned,,,
TXN001799,2022-06-12,CU0261,,ST007,PR028,1,89,0,89,Debit Card,Completed,,,
TXN005229,2023-01-04,CU0359,SP004,ST006,PR001,2,999,0,1998,Debit Card,Completed,,,
TXN004900,2023-10-20,CU0513,SP011,ST011,PR016,1,49,10,44.1,Debit Card,Completed,,,
TXN004708,2024-05-01,CU0398,SP006,ST007,PR035,2,49,0,98,Debit Card,Returned,,,
TXN002248,2023-02-17,CU0044,SP012,ST004,PR007,1,699,20,559.2,Gift Card,Completed,,,
TXN003917,2023-07-28,CU0042,SP009,ST005,PR017,2,99,0,198,Debit Card,Completed,,,
TXN000819,2022-04-30,CU0383,SP009,ST007,PR023,3,179,0,537,Cash,Completed,,,
TXN005852,2023-12-07,CU0515,SP001,ST005,PR032,2,69,10,124.2,Online Transfer,Completed,,,
TXN000005,2023-04-28,CU0047,SP004,ST012,PR027,1,129,0,129,Online Transfer,Completed,,,
TXN004623,2022-03-30,CU0350,SP008,ST002,PR024,1,45,0,45,Credit Card,Completed,,,
TXN000655,2024-06-10,CU0236,SP011,ST004,PR010,1,199,5,189.05,Online Transfer,Completed,,,
TXN005622,2022-12-28,CU0560,SP003,ST011,PR027,1,129,5,122.55,Credit Card,Cancelled,,,
TXN002984,2022-11-30,CU0272,SP006,ST006,PR021,2,24,5,45.6,Credit Card,Completed,,,
TXN003210,2023-01-30,CU0161,SP010,ST009,PR012,1,29,0,29,Cash,Completed,,,
TXN007905,2023-03-08,CU0317,SP004,ST005,PR025,4,65,10,234,Cash,Cancelled,,,
TXN007276,2024-05-17,CU0108,SP008,ST008,PR012,2,29,10,52.2,Debit Card,Cancelled,,,
TXN002384,2024-04-05,CU0478,SP008,ST007,PR005,2,129,0,258,Credit Card,Completed,,,
TXN000538,2023-04-15,CU0271,SP011,ST010,PR021,1,24,0,24,Debit Card,Completed,,,
TXN004616,2024-03-09,CU0108,SP001,ST009,PR003,2,549,0,1098,Online Transfer,Completed,,,
TXN004210,2023-11-09,CU0376,SP005,ST005,PR005,2,129,5,245.1,Debit Card,Completed,,,
TXN003038,2024-04-30,CU0320,SP015,ST001,PR038,2,39,0,78,Debit Card,Completed,,,
TXN003161,2023-04-16,CU0431,SP008,ST001,PR027,1,129,10,116.1,Online Transfer,Completed,,,
TXN005801,2023-04-16,CU0231,SP010,ST003,PR014,1,139,10,125.1,Credit Card,Completed,,,
TXN004680,2023-12-19,CU0449,SP010,ST007,PR013,1,89,5,84.55,Gift Card,Completed,,,
TXN003829,2024-03-11,CU0571,SP008,ST003,PR038,1,39,0,39,Debit Card,Completed,,,
TXN006505,2022-05-24,CU0250,SP001,ST011,PR020,3,159,10,429.3,Cash,Completed,,,
TXN000424,2024-02-11,CU0424,SP011,ST008,PR028,2,89,0,178,Cash,Completed,,,
TXN005667,2022-07-25,CU0427,,ST012,PR035,2,49,20,78.4,Credit Card,Cancelled,,,
TXN000093,2023-05-24,CU0244,SP010,ST002,PR032,1,69,20,55.2,Online Transfer,Completed,,,
TXN008996,2022-05-14,CU0412,SP012,ST012,PR022,1,89,10,80.1,Online Transfer,Returned,,,
TXN003459,2022-08-20,CU0003,SP014,ST010,PR017,2,99,15,168.3,Cash,Completed,,,
TXN008370,2022-09-28,CU0345,SP004,ST002,PR012,2,29,10,52.2,Credit Card,Returned,,,
TXN002003,2022-01-24,CU0083,SP005,ST012,PR029,2,169,10,304.2,Debit Card,Returned,,,
TXN008156,2022-12-24,CU0607,SP010,ST003,PR021,3,24,10,64.8,Cash,Completed,,,
TXN002697,2023-12-27,CU0529,SP006,ST008,PR031,1,399,10,359.1,Cash,Completed,,,
TXN006491,2022-09-10,CU0171,SP015,ST009,PR009,1,379,10,341.1,Online Transfer,Cancelled,,,
TXN000331,2022-05-14,CU0124,,ST010,PR039,3,28,0,84,Debit Card,Completed,,,
TXN000462,2023-04-21,CU0436,SP003,ST001,PR014,1,139,10,117.7,Cash,Cancelled,,,
TXN006917,2023-12-16,CU0262,SP001,ST011,PR021,2,24,0,48,Cash,Completed,,,
TXN006792,2022-05-22,CU0520,SP004,ST005,PR010,1,199,5,189.05,Debit Card,Completed,,,
TXN005031,2023-03-06,CU0284,SP007,ST008,PR024,4,45,0,180,Debit Card,Returned,,,
TXN005550,2024-01-26,CU0148,SP015,ST010,PR039,1,28,20,22.4,Cash,Completed,,,
TXN003274,2022-03-26,CU0482,SP006,ST004,PR037,1,289,0,289,Cash,Completed,,,
TXN002845,2022-12-11,CU0467,SP010,ST005,PR007,2,699,0,1398,Credit Card,Completed,,,
TXN008962,2022-02-08,CU0173,SP001,ST004,PR019,2,119,0,238,Online Transfer,Returned,,,
TXN002111,2022-05-23,CU0361,SP008,ST003,PR031,2,399,10,718.2,Credit Card,Completed,,,
TXN003199,2024-01-26,CU0196,SP004,ST001,PR022,2,89,0,178,Debit Card,Completed,,,
TXN000814,2024-01-23,CU0417,SP003,ST010,PR019,2,119,5,226.1,Credit Card,Cancelled,,,
TXN007362,2022-02-23,CU0442,SP003,ST001,PR022,2,89,0,186,Online Transfer,Completed,,,
TXN007021,2023-12-29,CU0292,SP006,ST001,PR010,2,199,0,398,Cash,Returned,,,
TXN002474,2023-11-16,CU0513,SP003,ST002,PR018,1,59,0,59,Cash,Completed,,,
TXN003623,2023-09-12,CU0581,SP015,ST002,PR001,1,999,10,899.1,Online Transfer,Completed,,,
TXN004359,2023-06-25,CU0103,SP013,ST010,PR026,1,189,0,189,Online Transfer,Completed,,,
TXN007247,2022-08-09,CU0274,SP003,ST002,PR015,1,59,10,53.1,Cash,Completed,,,
TXN008521,2023-04-19,CU0186,SP011,ST005,PR013,1,89,0,89,Debit Card,Completed,,,
TXN006722,2022-08-08,CU0540,SP011,ST006,PR019,2,119,10,214.2,Credit Card,Completed,,,
TXN006598,2024-01-24,CU0121,SP005,ST004,PR015,1,59,0,59,Credit Card,Returned,,,
TXN000997,2024-04-29,CU0022,SP013,ST006,PR012,2,29,10,52.2,Online Transfer,Completed,,,
TXN003341,2022-10-11,CU0190,SP005,ST007,PR007,1,699,10,629.1,Credit Card,Completed,,,
TXN001893,2022-10-21,CU0505,SP012,ST010,PR021,4,24,5,91.2,Debit Card,Completed,,,
TXN002790,2023-04-16,CU0279,SP009,ST001,PR030,1,149,20,119.2,Debit Card,Completed,,,
TXN001864,2022-08-16,CU0330,SP011,ST009,PR037,1,289,10,260.1,Credit Card,Completed,,,
TXN005004,2022-01-15,CU0177,SP010,ST008,PR023,2,179,10,322.2,Cash,Completed,,,
TXN002992,2022-12-10,CU0343,SP013,ST011,PR019,2,119,0,238,Cash,Completed,,,
TXN005463,2022-09-05,CU0242,SP013,ST002,PR022,2,89,20,142.4,Credit Card,Returned,,,
TXN004934,2023-10-07,CU0485,SP015,ST007,PR030,3,149,10,402.3,Credit Card,Cancelled,,,
TXN006174,2022-04-14,CU0479,SP001,ST010,PR011,1,499,0,499,Online Transfer,Completed,,,
TXN005123,2023-12-30,CU0385,,ST004,PR040,3,22,5,62.7,Credit Card,Cancelled,,,
TXN004336,2023-03-02,CU0601,SP006,ST008,PR006,2,79,5,150.1,Cash,Completed,,,
TXN002345,2022-04-17,CU0374,SP009,ST005,PR030,1,149,0,149,Credit Card,Completed,,,
TXN005877,2022-01-13,CU0321,SP003,ST011,PR036,1,249,0,249,Credit Card,Completed,,,
TXN003535,2022-11-18,CU0289,SP002,ST012,PR016,1,49,15,41.65,Credit Card,Completed,,,
TXN000682,2023-02-05,CU0430,SP007,ST010,PR010,2,199,0,398,Gift Card,Completed,,,
TXN001588,2022-11-25,CU0410,SP002,ST011,PR031,3,399,0,1197,Debit Card,Completed,,,
TXN003137,2022-03-19,CU0006,SP010,ST012,PR040,1,22,10,19.8,Cash,Cancelled,,,
TXN007266,2022-05-25,CU0040,SP002,ST005,PR030,2,149,20,238.4,Debit Card,Completed,,,
TXN004103,2024-04-02,CU0160,SP010,ST005,PR033,2,119,0,238,Debit Card,Returned,,,
TXN000107,2022-10-22,CU0392,SP003,ST007,PR035,2,49,5,93.1,Credit Card,Completed,,,
TXN004423,2024-05-20,CU0394,,ST006,PR031,3,399,20,957.6,Online Transfer,Completed,,,
TXN002070,2023-04-16,CU0386,SP013,ST008,PR003,1,549,5,521.55,Credit Card,Completed,,,
TXN007854,2024-04-27,CU0173,SP008,ST003,PR037,1,289,10,260.1,Online Transfer,Completed,,,
TXN002940,2024-05-20,CU0601,SP007,ST005,PR016,1,49,0,49,Debit Card,Completed,,,
TXN000701,2022-09-09,CU0451,SP011,ST004,PR008,1,449,0,449,Debit Card,Cancelled,,,
TXN008942,2024-04-23,CU0024,SP002,ST003,PR031,3,399,15,1017.45,Debit Card,Completed,,,
TXN007834,2023-07-28,CU0141,SP009,ST002,PR022,2,89,10,160.2,Online Transfer,Cancelled,,,
TXN008001,2023-08-02,CU0512,SP013,ST006,PR008,1,449,0,449,Cash,Completed,,,
TXN002305,2022-08-18,CU0462,SP006,ST004,PR038,2,39,15,66.3,Debit Card,Returned,,,
TXN003649,2024-01-01,CU0208,SP003,ST007,PR016,1,49,10,44.1,Credit Card,Cancelled,,,
TXN005171,2023-02-18,CU0258,SP014,ST002,PR027,4,129,10,464.4,Debit Card,Completed,,,
TXN004112,2023-09-17,CU0468,SP009,ST006,PR028,1,89,5,84.55,Cash,Completed,,,
TXN006494,2024-03-14,CU0251,SP003,ST012,PR001,2,999,5,1898.1,Debit Card,Completed,,,
TXN005363,2022-05-17,CU0517,SP003,ST007,PR040,1,22,20,17.6,Online Transfer,Cancelled,,,
TXN007552,2022-12-02,CU0555,SP013,ST012,PR008,1,449,5,426.55,Credit Card,Completed,,,
TXN001102,2023-07-07,CU0315,SP013,ST003,PR011,1,499,0,499,Online Transfer,Completed,,,
TXN007502,2024-06-27,CU0474,SP003,ST007,PR030,2,149,15,253.3,Credit Card,Completed,,,
TXN003951,2023-12-21,CU0275,SP007,ST010,PR030,1,149,5,141.55,Cash,Completed,,,
TXN006552,2022-10-25,CU0196,SP012,ST004,PR017,3,99,15,252.45,Debit Card,Completed,,,
TXN003844,2022-03-10,CU0186,SP007,ST007,PR030,2,149,15,253.3,Debit Card,Completed,,,
TXN004891,2022-03-25,CU0310,SP008,ST011,PR035,1,49,0,49,Credit Card,Completed,,,
TXN003085,2023-07-05,CU0139,SP004,ST012,PR013,1,89,0,89,Cash,Completed,,,
TXN007016,2023-05-12,CU0555,SP004,ST007,PR001,1,999,10,899.1,Gift Card,Completed,,,
TXN008910,2022-06-19,CU0550,SP010,ST004,PR034,1,79,5,75.05,Credit Card,Completed,,,
TXN000640,2024-04-18,CU0214,,ST012,PR013,2,89,0,178,Online Transfer,Completed,,,
TXN001531,2022-06-08,CU0047,SP013,ST011,PR033,1,119,0,119,Credit Card,Completed,,,
TXN004913,2022-11-15,CU0399,SP008,ST007,PR032,2,69,0,138,Online Transfer,Completed,,,
TXN008746,2023-02-25,CU0391,SP006,ST007,PR014,1,139,0,139,Online Transfer,Completed,,,
TXN000717,2023-06-04,CU0456,SP001,ST010,PR002,1,749,0,749,Debit Card,Completed,,,
TXN004399,2023-02-26,CU0606,SP001,ST009,PR021,3,24,0,72,Gift Card,Completed,,,
TXN007789,2023-04-23,CU0412,SP015,ST011,PR037,2,289,0,578,Credit Card,Completed,,,
TXN003705,2023-05-18,CU0229,SP006,ST001,PR001,2,999,5,1898.1,Cash,Completed,,,
TXN000482,2022-09-01,CU0603,SP001,ST004,PR019,3,119,15,303.45,Gift Card,Completed,,,
TXN007718,2023-06-11,CU0123,SP003,ST008,PR030,1,149,5,141.55,Cash,Completed,,,
TXN004373,2024-02-02,CU0276,SP013,ST006,PR022,4,89,0,356,Online Transfer,Completed,,,
TXN007977,2022-03-03,CU0607,SP001,ST003,PR015,2,59,10,106.2,Online Transfer,Completed,,,
TXN003285,2022-08-21,CU0195,SP009,ST004,PR024,1,45,15,38.25,Online Transfer,Completed,,,
TXN000237,2022-06-24,CU0103,SP003,ST005,PR007,2,699,0,1398,Online Transfer,Completed,,,
TXN001482,2022-06-03,CU0194,SP011,ST005,PR033,2,119,0,238,Debit Card,Completed,,,
TXN001114,2023-03-13,CU0260,SP008,ST001,PR010,1,199,5,189.05,Cash,Completed,,,
TXN005573,2024-03-11,CU0504,SP011,ST004,PR004,2,299,20,478.4,Debit Card,Completed,,,
TXN000794,2023-05-20,CU0064,SP009,ST007,PR027,1,129,0,129,Credit Card,Completed,,,
TXN006980,2022-03-15,CU0487,SP001,ST008,PR022,1,89,0,89,Online Transfer,Completed,,,
TXN005635,2023-02-07,CU0130,SP002,ST006,PR028,2,89,10,160.2,Cash,Returned,,,
TXN008868,2022-06-16,CU0389,SP006,ST011,PR022,3,89,0,267,Online Transfer,Completed,,,
TXN001638,2023-09-11,CU0542,SP007,ST005,PR025,1,65,20,52,Online Transfer,Completed,,,
TXN004112,2023-09-17,CU0468,SP009,ST006,PR028,1,89,5,84.55,Cash,Completed,,,
TXN004974,2024-03-23,CU0545,SP011,ST009,PR030,2,149,10,268.2,Debit Card,Completed,,,
TXN005464,2022-08-18,CU0540,SP006,ST006,PR019,4,119,0,476,Credit Card,Returned,,,
TXN005377,2023-06-22,CU0096,SP005,ST010,PR022,1,89,5,84.55,Online Transfer,Completed,,,
TXN006922,2022-10-20,CU0468,SP006,ST011,PR019,1,119,0,119,Online Transfer,Completed,,,
TXN002550,2024-01-05,CU0055,SP001,ST009,PR029,1,169,0,169,Online Transfer,Completed,,,
TXN002360,2023-09-23,CU0426,SP002,ST012,PR030,1,149,5,141.55,Cash,Completed,,,
TXN003755,2022-12-30,,SP009,ST001,PR003,1,549,0,549,Cash,Completed,,,
TXN000191,2024-01-26,CU0434,SP002,ST004,PR010,1,199,0,199,Credit Card,Cancelled,,,
TXN001724,2024-06-28,CU0103,SP003,ST005,PR021,1,24,0,24,Debit Card,Completed,,,
TXN001226,2022-12-29,CU0605,SP011,ST006,PR027,3,129,0,387,Gift Card,Completed,,,
TXN003672,2022-03-27,CU0346,SP001,ST007,PR022,2,89,0,178,Credit Card,Completed,,,
TXN004486,2023-09-14,CU0385,SP008,ST011,PR021,1,24,0,24,Cash,Completed,,,
TXN008343,2024-04-14,CU0121,SP014,ST006,PR011,1,499,10,449.1,Debit Card,Returned,,,
TXN003906,2024-04-10,CU0587,SP006,ST002,PR018,4,59,0,236,Credit Card,Completed,,,
TXN002565,2022-07-23,CU0060,SP009,ST008,PR011,1,499,0,446.08,Online Transfer,Cancelled,,,
TXN004906,2023-01-14,CU0334,SP010,ST003,PR034,1,79,10,71.1,Cash,Completed,,,
TXN003567,2022-06-02,CU0040,SP013,ST002,PR035,3,49,0,147,Cash,Returned,,,
TXN000705,2024-04-06,CU0234,SP012,ST006,PR029,2,169,15,287.3,Credit Card,Completed,,,
TXN005506,2024-04-15,CU0499,SP003,ST006,PR030,1,149,5,141.55,Cash,Completed,,,
TXN005387,2022-07-20,CU0434,SP009,ST005,PR034,3,79,15,201.45,Debit Card,Completed,,,
TXN008939,2022-03-01,CU0440,,ST005,PR024,3,45,0,133.87,Credit Card,Completed,,,
TXN008722,2023-11-10,CU0346,SP015,ST004,PR026,1,189,0,189,Cash,Returned,,,
TXN006685,2022-11-06,CU0248,SP003,ST004,PR007,1,699,5,664.05,Online Transfer,Completed,,,
TXN000297,2023-07-12,CU0001,SP004,ST005,PR003,2,549,5,1043.1,Debit Card,Cancelled,,,
TXN006837,2022-10-09,CU0303,SP011,ST001,PR031,1,399,0,399,Debit Card,Cancelled,,,
TXN006480,2024-06-19,CU0426,SP014,ST009,PR008,1,449,0,449,Debit Card,Completed,,,
TXN002618,2023-06-09,CU0202,SP011,ST011,PR021,3,24,20,57.6,Credit Card,Completed,,,
TXN006179,2024-01-08,CU0457,SP011,ST002,PR027,1,129,0,129,Debit Card,Cancelled,,,
TXN007668,2023-05-22,CU0096,SP006,ST004,PR025,3,65,0,195,Gift Card,Completed,,,
TXN007641,2023-08-10,CU0155,SP001,ST011,PR040,1,22,0,22,Cash,Completed,,,
TXN004753,2024-03-13,CU0507,SP001,ST012,PR017,1,99,10,89.1,Credit Card,Completed,,,
TXN004089,2023-09-23,CU0426,SP012,ST002,PR027,2,129,0,258,Credit Card,Completed,,,
TXN005943,2022-08-31,CU0269,SP005,ST007,PR031,1,399,10,359.1,Online Transfer,Completed,,,
TXN008362,2022-11-30,CU0560,SP013,ST009,PR014,1,139,0,139,Credit Card,Completed,,,
TXN005239,2022-09-19,CU0049,SP001,ST003,PR016,1,49,5,46.55,Credit Card,Completed,,,
TXN008929,2024-04-27,CU0236,SP004,ST001,PR020,5,159,10,715.5,Credit Card,Cancelled,,,
TXN005990,2023-01-07,CU0308,SP002,ST010,PR031,2,399,5,758.1,Credit Card,Completed,,,
TXN001901,2022-01-25,CU0380,SP015,ST007,PR014,2,139,0,278,Credit Card,Completed,,,
TXN008222,2023-02-11,CU0457,SP004,ST004,PR036,3,249,15,634.95,Credit Card,Cancelled,,,
TXN001153,2023-09-01,CU0587,SP005,ST003,PR015,3,59,5,168.15,Credit Card,Returned,,,
TXN006607,2024-01-09,CU0412,SP012,ST002,PR017,1,99,15,84.15,Debit Card,Returned,,,
TXN002170,2024-04-03,CU0448,SP014,ST006,PR024,1,45,0,45,Gift Card,Completed,,,
TXN002828,2022-07-22,CU0468,SP007,ST009,PR019,5,119,0,595,Credit Card,Completed,,,
TXN005957,2023-01-02,CU0485,SP002,ST006,PR039,2,28,0,51.91,Debit Card,Completed,,,
TXN007338,2022-04-06,CU0151,SP004,ST006,PR031,2,399,10,718.2,Online Transfer,Completed,,,
TXN004927,2022-04-07,CU0382,SP004,ST004,PR006,1,79,10,71.1,Debit Card,Completed,,,
TXN002791,2023-03-04,CU0263,SP004,ST004,PR024,2,45,10,81,Online Transfer,Completed,,,
TXN003884,2022-01-12,CU0078,SP012,ST007,PR004,2,299,0,598,Debit Card,Completed,,,
TXN001501,2024-06-18,CU0388,SP009,ST003,PR038,1,39,5,37.05,Debit Card,Completed,,,
TXN000303,2023-12-02,CU0068,SP006,ST011,PR005,2,129,5,245.1,Online Transfer,Completed,,,
TXN003321,2023-11-16,,SP015,ST007,PR010,2,199,0,398,Debit Card,Completed,,,
TXN003298,2022-10-07,CU0179,SP008,ST011,PR037,1,289,20,231.2,Debit Card,Completed,,,
TXN007664,2023-08-21,CU0303,SP014,ST007,PR023,2,179,10,322.2,Cash,Cancelled,,,
TXN006538,2023-03-02,CU0031,SP006,ST007,PR035,4,49,10,176.4,Online Transfer,Completed,,,
TXN003295,2022-01-24,CU0100,SP012,ST005,PR009,2,379,10,682.2,Debit Card,Completed,,,
TXN001633,2023-07-19,CU0584,SP008,ST007,PR034,3,79,0,237,Debit Card,Cancelled,,,
TXN001736,2023-06-18,CU0018,SP008,ST004,PR034,1,79,0,79,Cash,Cancelled,,,
TXN005908,2023-07-25,CU0439,SP014,ST004,PR037,1,289,0,289,Credit Card,Completed,,,
TXN005854,2022-10-21,CU0572,SP008,ST005,PR016,1,49,15,41.65,Credit Card,Completed,,,
TXN006886,2022-03-17,CU0584,SP011,ST011,PR040,1,22,0,22,Online Transfer,Completed,,,
TXN008955,2022-06-17,CU0545,SP001,ST009,PR033,2,119,10,214.2,Credit Card,Completed,,,
TXN006409,2022-05-08,CU0120,SP011,ST002,PR022,3,89,0,267,Online Transfer,Completed,,,
TXN000459,2023-02-05,CU0125,SP005,ST007,PR021,1,24,0,24,Debit Card,Cancelled,,,
TXN001227,2023-11-25,CU0312,SP013,ST012,PR001,1,999,20,799.2,Credit Card,Completed,,,
TXN007062,2022-06-21,CU0537,SP014,ST006,PR038,1,39,20,31.2,Credit Card,Completed,,,
TXN003507,2022-11-23,CU0027,SP011,ST006,PR034,1,79,0,79,Cash,Returned,,,
TXN003165,2024-02-27,CU0055,SP006,ST002,PR016,4,49,5,186.2,Online Transfer,Completed,,,
TXN006002,2022-11-09,CU0163,SP011,ST007,PR003,2,549,0,1098,Credit Card,Cancelled,,,
TXN001677,2022-09-02,CU0009,SP006,ST001,PR007,1,699,0,699,Debit Card,Completed,,,
TXN000677,2024-03-05,,SP012,ST012,PR017,2,99,0,198,Debit Card,Completed,,,
TXN008519,2023-07-21,CU0058,SP009,ST006,PR013,1,89,0,89,Online Transfer,Completed,,,
TXN008569,2023-08-23,CU0175,SP006,ST001,PR014,1,139,5,132.05,Cash,Completed,,,
TXN002119,2023-11-06,CU0427,SP011,ST003,PR036,1,249,20,199.2,Credit Card,Completed,,,
TXN007966,2024-03-23,CU0251,SP013,ST008,PR011,1,499,10,449.1,Credit Card,Completed,,,
TXN008460,2022-10-18,CU0264,SP005,ST012,PR026,1,189,20,151.2,Cash,Cancelled,,,
TXN002595,2024-06-03,CU0236,SP014,ST011,PR025,2,65,0,130,Credit Card,Completed,,,
TXN003821,2023-09-08,CU0605,SP002,ST009,PR005,1,129,10,116.1,Gift Card,Completed,,,
TXN000740,2022-01-21,CU0488,SP015,ST010,PR027,1,129,20,103.2,Online Transfer,Completed,,,
TXN008298,2022-02-06,CU0561,SP002,ST001,PR032,1,69,0,69,Cash,Completed,,,
TXN004917,2024-05-26,CU0175,SP011,ST012,PR038,1,39,0,39,Credit Card,Cancelled,,,
TXN003184,2022-06-05,CU0589,SP006,ST002,PR031,1,399,0,399,Debit Card,Completed,,,
TXN002761,2023-10-18,CU0099,SP013,ST008,PR001,3,999,5,2847.15,Credit Card,Completed,,,
TXN004678,2023-08-25,CU0450,SP003,ST001,PR009,1,379,0,379,Credit Card,Completed,,,
TXN002417,2022-03-01,CU0231,SP007,ST009,PR024,3,45,20,108,Cash,Completed,,,
TXN006697,2022-12-20,CU0369,SP008,ST005,PR011,2,499,10,898.2,Debit Card,Completed,,,
TXN003347,2023-05-31,CU0344,SP001,ST001,PR028,1,89,5,84.55,Debit Card,Completed,,,
TXN005589,2023-07-10,CU0367,SP001,ST010,PR016,2,49,0,98,Credit Card,Completed,,,
TXN007339,2023-11-19,CU0284,SP014,ST007,PR028,2,89,10,160.2,Debit Card,Completed,,,
TXN001492,2022-03-12,CU0129,SP001,ST011,PR037,3,289,5,881.82,Debit Card,Completed,,,
TXN003331,2022-10-23,CU0052,SP006,ST003,PR006,1,79,5,75.05,Credit Card,Cancelled,,,
TXN008150,2022-02-07,CU0385,SP004,ST012,PR019,3,119,0,357,Online Transfer,Completed,,,
TXN008336,2023-12-08,CU0378,SP012,ST005,PR030,1,149,0,149,Cash,Completed,,,
TXN007869,2023-05-11,CU0249,SP012,ST005,PR030,1,149,5,158.49,Cash,Completed,,,
TXN003921,2022-03-10,CU0074,SP008,ST002,PR013,1,89,0,89,Credit Card,Completed,,,
TXN001085,2024-02-17,CU0510,SP012,ST002,PR011,2,499,5,948.1,Gift Card,Completed,,,
TXN004018,2023-08-06,CU0496,SP001,ST004,PR010,2,199,0,398,Online Transfer,Completed,,,
TXN008126,2024-05-04,CU0176,SP006,ST011,PR024,3,45,15,114.75,Cash,Completed,,,
TXN004751,2022-05-16,CU0074,SP011,ST004,PR029,1,169,20,135.2,Online Transfer,Completed,,,
TXN006011,2022-03-20,CU0399,SP006,ST004,PR006,2,79,10,142.2,Gift Card,Returned,,,
TXN001553,2024-02-14,CU0267,SP001,ST003,PR036,2,249,20,398.4,Cash,Completed,,,
TXN000483,2024-06-13,CU0059,SP002,ST001,PR007,1,699,0,699,Cash,Completed,,,
TXN004225,2022-05-25,CU0031,SP011,ST008,PR009,2,379,0,758,Cash,Completed,,,
TXN002967,2022-03-02,CU0101,SP004,ST005,PR034,1,79,0,79,Debit Card,Cancelled,,,
TXN006643,2022-08-18,CU0034,SP002,ST004,PR009,2,379,5,720.1,Debit Card,Completed,,,
TXN001125,2024-04-19,CU0176,SP002,ST002,PR019,3,119,0,357,Cash,Completed,,,
TXN001468,2022-09-19,CU0439,SP013,ST009,PR028,1,89,10,80.1,Credit Card,Completed,,,
TXN003795,2023-06-28,CU0004,SP006,ST012,PR002,1,749,10,674.1,Credit Card,Completed,,,
TXN000533,2022-06-10,CU0406,SP014,ST012,PR012,2,29,5,55.1,Credit Card,Completed,,,
TXN004367,2023-04-28,CU0288,SP005,ST011,PR026,1,189,0,189,Cash,Completed,,,
TXN000340,2024-01-10,CU0302,SP006,ST001,PR026,1,189,5,179.55,Gift Card,Completed,,,
TXN004757,2022-03-03,CU0285,SP010,ST009,PR003,2,549,15,933.3,Gift Card,Completed,,,
TXN002395,2023-05-26,CU0552,SP010,ST011,PR016,3,49,0,147,Debit Card,Completed,,,
TXN002471,2022-12-28,CU0349,SP010,ST006,PR025,1,65,5,61.75,Debit Card,Completed,,,
TXN008119,2024-05-14,CU0482,SP003,ST007,PR003,2,549,20,878.4,Cash,Completed,,,
TXN008025,2024-04-05,CU0360,SP001,ST008,PR021,2,24,0,48,Gift Card,Completed,,,
TXN001154,2023-01-20,CU0281,,ST012,PR035,2,49,10,88.2,Credit Card,Returned,,,
TXN007114,2023-09-16,CU0324,SP013,ST005,PR016,1,49,15,41.65,Credit Card,Completed,,,
TXN008263,2022-01-22,CU0072,SP003,ST010,PR020,3,159,5,453.15,Debit Card,Completed,,,
TXN003121,2024-01-28,CU0459,SP012,ST006,PR019,3,119,20,285.6,Credit Card,Completed,,,
TXN008724,2023-04-26,,SP013,ST008,PR031,1,399,0,399,Debit Card,Completed,,,
TXN002805,2023-02-06,CU0013,SP003,ST009,PR017,4,99,0,396,Debit Card,Completed,,,
TXN004642,2022-05-22,CU0243,SP015,ST010,PR029,3,169,10,456.3,Debit Card,Completed,,,
TXN005354,2023-02-18,,SP007,ST010,PR033,1,119,10,107.1,Debit Card,Completed,,,
TXN007085,2023-04-20,CU0553,SP013,ST010,PR022,1,89,0,89,Debit Card,Returned,,,
TXN007050,2023-11-12,CU0502,SP002,ST008,PR021,1,24,0,24,Gift Card,Completed,,,
TXN001544,2022-09-05,CU0540,SP005,ST003,PR034,1,79,10,71.1,Credit Card,Completed,,,
TXN001788,2023-06-11,CU0542,SP013,ST006,PR022,1,89,15,75.65,Credit Card,Completed,,,
TXN002083,2024-04-14,CU0371,SP014,ST007,PR004,1,299,20,239.2,Cash,Returned,,,
TXN004721,2023-04-01,CU0487,SP015,ST002,PR020,3,159,5,453.15,Debit Card,Completed,,,
TXN007895,2022-09-26,CU0159,SP015,ST008,PR014,1,139,15,118.15,Credit Card,Completed,,,
TXN003454,2022-12-04,CU0511,SP003,ST006,PR001,1,999,0,999,Debit Card,Returned,,,
TXN001971,2023-03-08,CU0573,SP006,ST002,PR017,2,99,0,198,Debit Card,Completed,,,
TXN003388,2022-05-06,CU0369,SP006,ST002,PR034,2,79,5,150.1,Credit Card,Completed,,,
TXN006675,2023-01-22,CU0365,SP006,ST006,PR007,2,699,0,1398,Credit Card,Completed,,,
TXN004166,2022-04-20,CU0389,SP003,ST012,PR018,1,59,0,59,Credit Card,Completed,,,
TXN008531,2023-10-29,CU0519,SP001,ST008,PR012,1,29,0,29,Online Transfer,Completed,,,
TXN008417,2023-07-27,CU0603,SP002,ST002,PR019,1,119,0,119,Cash,Cancelled,,,
TXN000173,2022-04-12,CU0423,SP015,ST006,PR013,2,89,0,178,Credit Card,Completed,,,
TXN007798,2023-04-22,CU0549,SP002,ST011,PR026,2,189,0,378,Cash,Returned,,,
TXN005266,2023-01-16,,SP007,ST004,PR040,1,22,0,22,Online Transfer,Completed,,,
TXN002056,2022-01-05,CU0607,SP013,ST010,PR017,1,99,15,84.15,Credit Card,Completed,,,
TXN003106,2023-08-05,CU0320,SP009,ST012,PR036,2,249,15,423.3,Debit Card,Returned,,,
TXN006579,2023-03-20,CU0440,SP006,ST006,PR019,1,119,10,107.1,Credit Card,Completed,,,
TXN008503,2023-04-23,CU0370,SP002,ST006,PR038,1,39,0,39,Gift Card,Completed,,,
TXN004334,2024-05-11,CU0071,SP004,ST011,PR038,1,39,0,39,Gift Card,Completed,,,
TXN001768,2022-10-26,CU0483,SP012,ST005,PR018,3,59,5,168.15,Cash,Completed,,,
TXN008466,2023-06-09,CU0381,SP008,ST005,PR032,4,69,5,262.2,Debit Card,Completed,,,
TXN001467,2022-11-24,CU0550,SP010,ST002,PR009,1,379,10,341.1,Cash,Returned,,,
TXN002562,2023-06-25,CU0318,SP003,ST008,PR018,1,59,5,56.05,Online Transfer,Completed,,,
TXN006964,2022-10-01,CU0261,SP012,ST001,PR022,1,89,0,89,Credit Card,Completed,,,
TXN006570,2023-09-23,CU0065,SP013,ST005,PR013,2,89,0,178,Cash,Cancelled,,,
TXN008149,2024-04-12,,SP003,ST002,PR008,2,449,20,718.4,Debit Card,Completed,,,
TXN008403,2023-10-18,CU0057,SP006,ST011,PR012,1,29,0,29,Debit Card,Completed,,,
TXN002024,2022-04-16,CU0313,SP010,ST007,PR011,2,499,15,848.3,Cash,Completed,,,
TXN002973,2022-09-15,CU0165,SP012,ST010,PR033,1,119,0,119,Credit Card,Completed,,,
TXN005422,2024-04-26,CU0285,SP014,ST009,PR018,2,59,15,100.3,Online Transfer,Completed,,,
TXN002455,2024-01-10,CU0007,SP009,ST008,PR020,1,159,5,151.05,Credit Card,Completed,,,
TXN007930,2024-01-01,CU0353,SP009,ST007,PR028,3,89,0,267,Credit Card,Completed,,,
TXN000515,2023-08-01,CU0538,SP010,ST009,PR034,1,79,5,75.05,Online Transfer,Completed,,,
TXN008147,2024-01-04,CU0282,SP009,ST011,PR035,2,49,15,83.3,Online Transfer,Completed,,,
TXN007639,2023-10-30,CU0170,SP006,ST010,PR026,2,189,0,378,Online Transfer,Completed,,,
TXN008368,2023-05-05,CU0078,SP015,ST009,PR034,1,79,20,63.2,Cash,Completed,,,
TXN008714,2024-04-07,CU0454,SP014,ST006,PR007,1,699,5,664.05,Online Transfer,Completed,,,
TXN006591,2022-04-23,CU0083,SP013,ST009,PR026,1,189,0,189,Debit Card,Completed,,,
TXN003887,2023-01-27,CU0259,SP005,ST008,PR006,1,79,10,71.1,Debit Card,Completed,,,
TXN005889,2023-08-27,CU0146,SP013,ST008,PR026,1,189,10,170.1,Debit Card,Cancelled,,,
TXN005865,2022-04-16,CU0353,SP010,ST007,PR037,2,289,10,520.2,Debit Card,Completed,,,
TXN008559,2022-09-27,CU0260,SP012,ST010,PR009,2,379,0,758,Online Transfer,Returned,,,
TXN008385,2024-06-24,CU0394,SP003,ST002,PR013,1,89,5,84.55,Cash,Completed,,,
TXN000510,2024-05-03,CU0171,SP002,ST003,PR022,2,89,10,160.2,Debit Card,Returned,,,
TXN004128,2023-01-13,CU0377,SP010,ST006,PR038,1,39,10,35.1,Cash,Completed,,,
TXN008498,2023-10-08,CU0375,SP010,ST007,PR022,5,89,0,445,Cash,Cancelled,,,
TXN000362,2024-02-06,CU0307,SP008,ST007,PR030,1,149,0,149,Credit Card,Completed,,,
TXN002331,2022-05-05,CU0065,SP011,ST011,PR026,2,189,0,378,Debit Card,Completed,,,
TXN004855,2022-05-29,CU0088,,ST001,PR015,1,59,0,59,Debit Card,Completed,,,
TXN007646,2023-03-28,CU0216,SP006,ST010,PR037,2,289,5,549.1,Credit Card,Completed,,,
TXN005453,2022-07-07,CU0581,SP004,ST006,PR017,2,99,10,178.2,Online Transfer,Cancelled,,,
TXN007129,2022-11-16,CU0263,SP009,ST005,PR008,2,449,20,718.4,Credit Card,Completed,,,
TXN002875,2023-12-03,CU0585,SP012,ST010,PR016,3,49,10,132.3,Credit Card,Completed,,,
TXN001821,2022-08-09,CU0430,SP014,ST008,PR027,1,129,5,122.55,Credit Card,Completed,,,
TXN007377,2024-02-22,CU0230,SP003,ST001,PR039,2,28,15,47.6,Credit Card,Cancelled,,,
TXN004835,2023-10-16,CU0450,SP011,ST009,PR024,3,45,15,114.75,Credit Card,Completed,,,
TXN002884,2024-03-15,CU0576,SP006,ST011,PR035,2,49,10,88.2,Credit Card,Completed,,,
TXN003759,2022-06-21,CU0174,SP006,ST006,PR037,1,289,0,289,Cash,Cancelled,,,
TXN001453,2024-06-05,CU0417,SP004,ST003,PR009,1,379,10,341.1,Online Transfer,Completed,,,
TXN001629,2024-05-10,,SP010,ST002,PR020,2,159,0,318,Debit Card,Completed,,,
TXN002914,2022-02-17,CU0266,SP015,ST007,PR008,1,449,10,404.1,Credit Card,Completed,,,
TXN001802,2022-10-11,CU0564,SP011,ST011,PR017,2,99,0,198,Online Transfer,Completed,,,
TXN000637,2024-03-15,CU0162,SP010,ST011,PR008,3,449,10,1212.3,Online Transfer,Completed,,,
TXN002951,2022-02-17,CU0598,SP002,ST012,PR020,1,159,10,143.1,Debit Card,Cancelled,,,
TXN002927,2023-09-24,CU0455,SP014,ST012,PR033,3,119,0,357,Online Transfer,Returned,,,
TXN007794,2022-01-24,CU0039,SP012,ST009,PR024,1,45,20,36,Credit Card,Completed,,,
TXN001950,2022-05-19,CU0489,SP008,ST008,PR008,1,449,20,359.2,Debit Card,Completed,,,
TXN001217,2023-04-02,CU0284,SP012,ST001,PR018,2,59,5,112.1,Debit Card,Returned,,,
TXN004481,2022-03-01,CU0067,SP006,ST002,PR011,2,499,10,898.2,Debit Card,Returned,,,
TXN004102,2022-08-19,,SP014,ST010,PR026,2,189,0,378,Debit Card,Completed,,,
TXN008506,2023-12-05,,SP011,ST007,PR025,3,65,0,195,Cash,Completed,,,
TXN003556,2022-05-27,CU0421,SP012,ST010,PR027,1,129,0,129,Online Transfer,Cancelled,,,
TXN003679,2023-09-23,CU0071,SP014,ST003,PR008,2,449,15,763.3,Debit Card,Cancelled,,,
TXN005914,2023-01-07,CU0298,SP006,ST012,PR004,1,299,0,299,Cash,Completed,,,
TXN000999,2023-06-17,CU0370,,ST007,PR036,1,249,0,249,Cash,Completed,,,
TXN002846,2023-09-04,CU0434,SP013,ST012,PR021,2,24,10,43.2,Online Transfer,Cancelled,,,
TXN007621,2023-10-22,CU0109,SP007,ST009,PR024,1,45,10,40.5,Debit Card,Completed,,,
TXN001925,2023-11-22,CU0374,SP004,ST008,PR026,4,189,0,756,Credit Card,Completed,,,
TXN000621,2023-05-02,CU0302,SP003,ST012,PR033,1,119,20,95.2,Debit Card,Completed,,,
TXN006926,2022-05-28,CU0371,SP010,ST009,PR005,1,129,10,116.1,Online Transfer,Completed,,,
TXN000920,2024-03-03,CU0069,SP012,ST004,PR034,3,79,10,213.3,Debit Card,Completed,,,
TXN003769,2024-05-20,CU0200,SP001,ST007,PR021,4,24,15,81.6,Credit Card,Completed,,,
TXN003635,2022-01-21,CU0253,SP011,ST003,PR025,2,65,5,123.5,Online Transfer,Completed,,,
TXN001477,2024-04-20,CU0507,SP004,ST008,PR030,2,149,15,253.3,Cash,Cancelled,,,
TXN005520,2023-10-11,CU0242,SP012,ST009,PR028,1,89,20,71.2,Debit Card,Completed,,,
TXN002616,2024-01-14,CU0127,SP001,ST010,PR005,1,129,20,103.2,Credit Card,Completed,,,
TXN006292,2022-03-26,CU0563,SP006,ST011,PR020,1,159,10,143.1,Gift Card,Returned,,,
TXN004871,2022-08-11,CU0253,SP011,ST003,PR014,2,139,15,236.3,Credit Card,Completed,,,
TXN000970,2022-06-13,CU0152,SP010,ST011,PR024,2,45,10,81,Online Transfer,Completed,,,
TXN008649,2024-05-09,CU0267,SP001,ST012,PR023,2,179,10,322.2,Credit Card,Returned,,,
TXN002801,2023-04-29,CU0052,SP007,ST001,PR033,1,119,20,95.2,Gift Card,Completed,,,
TXN006473,2022-05-13,CU0095,SP014,ST007,PR026,1,189,5,179.55,Credit Card,Completed,,,
TXN002542,2023-05-26,CU0359,SP001,ST001,PR010,1,199,0,199,Credit Card,Returned,,,
TXN004512,2022-01-02,CU0502,SP011,ST001,PR001,1,999,10,899.1,Debit Card,Completed,,,
TXN004478,2022-11-15,CU0426,SP014,ST011,PR039,1,28,10,25.2,Cash,Returned,,,
TXN002213,2023-09-06,CU0140,SP009,ST006,PR012,2,29,0,58,Debit Card,Completed,,,
TXN001399,2022-08-09,CU0302,SP008,ST001,PR013,1,89,10,80.1,Credit Card,Completed,,,
TXN001376,2022-07-25,CU0157,SP002,ST011,PR023,2,179,0,358,Credit Card,Completed,,,
TXN005712,2022-08-30,CU0326,SP015,ST011,PR033,3,119,10,321.3,Debit Card,Completed,,,
TXN005373,2022-05-22,CU0050,SP006,ST001,PR003,2,549,0,1098,Gift Card,Returned,,,
TXN001295,2024-01-05,CU0189,SP003,ST012,PR039,1,28,10,25.2,Online Transfer,Completed,,,
TXN004199,2022-05-28,CU0191,SP002,ST006,PR006,3,79,10,213.3,Cash,Cancelled,,,
TXN007873,2022-12-17,CU0224,SP003,ST002,PR036,2,249,20,398.4,Credit Card,Returned,,,
TXN005792,2022-01-24,CU0312,SP008,ST009,PR027,1,129,5,122.55,Debit Card,Completed,,,
TXN008376,2023-06-16,CU0027,SP008,ST006,PR025,3,65,15,165.75,Debit Card,Completed,,,
TXN008619,2022-01-08,CU0133,SP013,ST001,PR031,3,399,10,1077.3,Debit Card,Completed,,,
TXN000942,2023-08-24,CU0311,SP011,ST004,PR020,2,159,5,302.1,Gift Card,Completed,,,
TXN007182,2023-08-21,CU0579,SP007,ST003,PR017,2,99,5,188.1,Gift Card,Completed,,,
TXN002654,2022-03-31,,SP012,ST009,PR039,1,28,10,25.2,Online Transfer,Completed,,,
TXN001636,2024-04-26,CU0523,SP009,ST003,PR006,2,79,20,126.4,Debit Card,Completed,,,
TXN001296,2022-08-05,CU0051,SP015,ST007,PR012,2,29,10,52.2,Credit Card,Completed,,,
TXN003584,2022-10-09,CU0383,SP002,ST006,PR019,2,119,0,238,Online Transfer,Cancelled,,,
TXN008762,2024-03-29,CU0583,SP008,ST001,PR025,1,65,0,65,Credit Card,Completed,,,
TXN007696,2023-02-15,CU0366,SP006,ST003,PR013,1,89,5,84.55,Credit Card,Completed,,,
TXN002454,2022-05-20,CU0555,SP012,ST011,PR032,1,69,0,69,Cash,Completed,,,
TXN005735,2022-04-03,CU0402,SP014,ST009,PR009,1,379,0,379,Credit Card,Completed,,,
TXN000661,2024-01-18,CU0332,SP001,ST003,PR035,1,49,0,49,Credit Card,Cancelled,,,
TXN008704,2022-09-10,CU0119,,ST012,PR033,4,119,10,428.4,Online Transfer,Completed,,,
TXN003458,2022-03-09,CU0295,SP003,ST006,PR003,2,549,5,1043.1,Credit Card,Completed,,,
TXN006732,2022-11-21,CU0447,SP002,ST004,PR032,1,69,0,69,Debit Card,Completed,,,
TXN003937,2022-06-20,CU0605,SP008,ST007,PR038,1,39,0,39,Credit Card,Completed,,,
TXN008818,2023-12-10,CU0295,SP001,ST009,PR028,1,89,15,75.65,Debit Card,Completed,,,
TXN004621,2023-11-27,CU0362,SP013,ST010,PR005,1,129,15,109.65,Credit Card,Completed,,,
TXN001039,2023-02-19,CU0075,SP009,ST011,PR032,1,69,20,55.2,Cash,Cancelled,,,
TXN005021,2024-06-09,CU0252,SP015,ST008,PR008,1,449,0,449,Debit Card,Completed,,,
TXN000012,2024-01-05,CU0091,SP011,ST005,PR017,1,99,0,99,Gift Card,Completed,,,
TXN001985,2022-05-29,CU0249,SP007,ST005,PR017,4,99,0,396,Online Transfer,Completed,,,
TXN004547,2022-11-23,CU0447,SP006,ST003,PR011,1,499,5,474.05,Debit Card,Completed,,,
TXN007560,2022-09-07,CU0050,SP002,ST009,PR019,1,119,10,107.1,Cash,Completed,,,
TXN007173,2023-11-16,CU0364,SP006,ST006,PR025,4,65,5,247,Credit Card,Completed,,,
TXN008314,2023-02-25,CU0318,SP011,ST011,PR028,1,89,0,89,Debit Card,Completed,,,
TXN005236,2024-03-18,CU0432,SP011,ST001,PR005,1,129,0,129,Online Transfer,Cancelled,,,
TXN003094,2022-01-31,CU0380,SP003,ST005,PR036,4,249,15,846.6,Debit Card,Completed,,,
TXN001782,2023-01-20,CU0270,SP013,ST002,PR015,1,59,0,59,Gift Card,Completed,,,
TXN001095,2022-05-13,CU0043,SP002,ST010,PR030,1,149,5,141.55,Online Transfer,Cancelled,,,
TXN003790,2022-10-11,CU0083,SP007,ST005,PR021,1,24,0,24,Credit Card,Returned,,,
TXN005750,2024-02-15,CU0134,SP005,ST001,PR022,1,89,20,71.2,Cash,Returned,,,
TXN008174,2023-03-08,CU0378,SP010,ST008,PR015,1,59,0,59,Gift Card,Cancelled,,,
TXN000430,2022-09-04,,SP008,ST003,PR014,1,139,15,118.15,Credit Card,Completed,,,
TXN003581,2022-04-30,CU0161,SP005,ST008,PR004,2,299,15,508.3,Cash,Completed,,,
TXN006907,2022-11-03,CU0206,SP006,ST007,PR010,1,199,0,199,Debit Card,Completed,,,
TXN002826,2023-10-29,CU0256,SP005,ST012,PR021,1,24,0,24,Gift Card,Completed,,,
TXN000299,2024-05-26,CU0138,SP010,ST009,PR011,1,499,0,499,Debit Card,Completed,,,
TXN002783,2022-02-10,CU0403,SP009,ST003,PR022,3,89,10,240.3,Credit Card,Completed,,,
TXN008379,2023-08-21,CU0366,SP012,ST006,PR032,3,69,0,207,Credit Card,Completed,,,
TXN008865,2022-08-24,CU0543,SP013,ST002,PR015,2,59,5,112.1,Cash,Cancelled,,,
TXN003144,2022-05-27,CU0014,SP006,ST005,PR007,1,699,5,664.05,Cash,Completed,,,
TXN003622,2022-06-02,CU0423,SP014,ST005,PR035,2,49,0,98,Debit Card,Completed,,,
TXN003138,2024-02-04,CU0052,SP013,ST006,PR022,2,89,15,151.3,Online Transfer,Completed,,,
TXN005445,2022-06-04,CU0533,SP010,ST008,PR013,3,89,10,240.3,Gift Card,Completed,,,
TXN008402,2024-05-29,CU0065,SP009,ST008,PR011,2,499,5,948.1,Debit Card,Completed,,,
TXN000118,2023-03-03,CU0253,SP013,ST008,PR028,3,89,0,267,Gift Card,Completed,,,
TXN002786,2023-08-08,CU0131,SP003,ST010,PR011,1,499,10,449.1,Debit Card,Completed,,,
TXN003257,2024-04-08,CU0412,SP009,ST002,PR021,4,24,0,82.01,Online Transfer,Completed,,,
TXN003045,2023-10-20,CU0258,SP011,ST007,PR015,1,59,15,50.15,Credit Card,Cancelled,,,
TXN008796,2024-04-11,CU0571,SP005,ST004,PR029,2,169,0,338,Debit Card,Completed,,,
TXN008425,2022-07-07,CU0020,SP006,ST006,PR023,4,179,20,572.8,Credit Card,Completed,,,
TXN002630,2022-05-26,CU0392,SP015,ST005,PR017,2,99,5,188.1,Credit Card,Cancelled,,,
TXN000609,2024-02-21,CU0177,SP011,ST002,PR018,2,59,10,106.2,Cash,Completed,,,
TXN007376,2024-06-05,CU0462,SP001,ST006,PR016,1,49,0,49,Credit Card,Completed,,,
TXN005879,2022-08-13,CU0157,SP014,ST010,PR039,2,28,0,56,Online Transfer,Completed,,,
TXN003517,2022-07-21,CU0048,SP001,ST008,PR025,1,65,0,65,Credit Card,Cancelled,,,
TXN003484,2022-10-12,CU0335,SP012,ST008,PR040,2,22,15,37.4,Online Transfer,Cancelled,,,
TXN000051,2024-05-15,CU0596,SP001,ST003,PR016,4,49,0,196,Credit Card,Completed,,,
TXN001528,2024-04-19,CU0283,SP015,ST008,PR019,3,119,0,357,Online Transfer,Returned,,,
TXN001175,2022-09-25,CU0055,SP014,ST009,PR011,1,499,5,474.05,Debit Card,Completed,,,
TXN000738,2023-02-24,CU0018,SP010,ST012,PR009,2,379,5,720.1,Online Transfer,Completed,,,
TXN003404,2024-03-22,CU0346,SP001,ST007,PR007,1,699,5,664.05,Debit Card,Cancelled,,,
TXN006280,2022-04-17,CU0186,SP015,ST002,PR027,1,129,0,129,Cash,Completed,,,
TXN002869,2023-01-12,CU0487,SP001,ST001,PR012,1,29,10,26.1,Cash,Completed,,,
TXN000881,2023-11-14,CU0580,SP009,ST002,PR040,1,22,10,19.8,Cash,Completed,,,
TXN003665,2023-07-21,CU0589,SP015,ST012,PR034,2,79,10,142.2,Credit Card,Completed,,,
TXN008296,2022-08-13,CU0168,SP014,ST010,PR018,2,59,10,106.2,Debit Card,Completed,,,
TXN003189,2024-03-03,CU0200,SP006,ST005,PR030,3,149,0,447,Online Transfer,Completed,,,
TXN005290,2022-05-15,CU0575,SP001,ST003,PR009,3,379,5,1080.15,Debit Card,Completed,,,
TXN002361,2022-06-13,CU0167,SP003,ST011,PR032,2,69,0,138,Online Transfer,Completed,,,
TXN008654,2022-10-02,CU0084,SP015,ST009,PR001,1,999,5,949.05,Debit Card,Completed,,,
TXN005993,2022-09-09,CU0005,SP015,ST011,PR020,1,159,5,151.05,Credit Card,Returned,,,
TXN000526,2024-06-17,CU0238,SP015,ST005,PR028,1,89,10,80.1,Debit Card,Completed,,,
TXN002553,2022-08-13,CU0607,SP009,ST012,PR027,1,129,0,129,Debit Card,Returned,,,
TXN000824,2023-10-13,CU0043,SP011,ST008,PR040,1,22,5,20.9,Cash,Returned,,,
TXN006955,2023-01-28,CU0543,SP006,ST003,PR037,1,289,10,260.1,Credit Card,Completed,,,
TXN005477,2022-02-27,CU0315,SP013,ST010,PR001,2,999,0,1998,Debit Card,Completed,,,
TXN007566,2024-05-30,CU0434,SP004,ST006,PR024,2,45,20,72,Debit Card,Completed,,,
TXN006484,2023-03-28,CU0270,SP009,ST009,PR035,1,49,0,49,Credit Card,Completed,,,
TXN001845,2022-02-09,CU0568,SP005,ST008,PR025,1,65,5,61.75,Credit Card,Completed,,,
TXN001218,2022-06-13,CU0188,SP012,ST001,PR025,2,65,5,123.5,Debit Card,Completed,,,
TXN008813,2023-05-17,CU0066,SP007,ST001,PR032,2,69,10,124.2,Debit Card,Completed,,,
TXN004297,2022-02-26,CU0465,SP003,ST010,PR017,3,99,5,282.15,Online Transfer,Completed,,,
TXN001937,2022-02-28,CU0604,SP001,ST009,PR034,2,79,0,158,Debit Card,Completed,,,
TXN006424,2023-12-06,CU0345,SP003,ST004,PR032,2,69,15,117.3,Credit Card,Completed,,,
TXN004928,2024-05-20,CU0569,SP015,ST008,PR017,2,99,15,168.3,Gift Card,Completed,,,
TXN001257,2022-09-11,CU0555,SP014,ST005,PR004,1,299,0,299,Credit Card,Completed,,,
TXN002983,2022-06-07,CU0405,SP012,ST005,PR022,2,89,0,159.83,Gift Card,Completed,,,
TXN000765,2024-06-10,CU0073,SP003,ST010,PR026,3,189,10,510.3,Debit Card,Completed,,,
TXN001299,2023-06-05,CU0409,SP004,ST010,PR034,1,79,5,75.05,Debit Card,Completed,,,
TXN003558,2023-08-14,CU0232,SP010,ST012,PR027,1,129,10,116.1,Cash,Completed,,,
TXN000823,2023-03-09,CU0413,SP001,ST012,PR025,1,65,5,61.75,Debit Card,Cancelled,,,
TXN005545,2023-11-06,CU0390,SP010,ST006,PR015,1,59,0,59,Gift Card,Completed,,,
TXN004970,2022-08-04,CU0275,SP009,ST003,PR009,1,379,5,360.05,Debit Card,Cancelled,,,
TXN004550,2023-09-05,CU0067,SP001,ST007,PR034,1,79,0,79,Credit Card,Completed,,,
TXN000651,2023-10-29,CU0187,SP011,ST010,PR017,2,99,10,178.2,Debit Card,Completed,,,
TXN006018,2024-04-06,CU0553,SP007,ST004,PR037,2,289,15,491.3,Debit Card,Returned,,,
TXN004813,2024-03-28,CU0392,SP015,ST005,PR028,1,89,0,89,Online Transfer,Completed,,,
TXN007729,2024-02-05,CU0104,SP013,ST002,PR035,2,49,20,78.4,Debit Card,Completed,,,
TXN004698,2023-03-06,CU0232,SP004,ST005,PR017,1,99,0,99,Credit Card,Completed,,,
TXN008380,2023-11-05,CU0598,SP004,ST002,PR025,2,65,15,110.5,Credit Card,Completed,,,
TXN000906,2022-08-05,CU0518,SP005,ST009,PR018,2,59,20,94.4,Cash,Returned,,,
TXN007738,2023-06-10,CU0581,SP013,ST012,PR031,1,399,0,399,Credit Card,Completed,,,
TXN003806,2023-02-19,CU0250,,ST004,PR021,3,24,5,68.4,Credit Card,Completed,,,
TXN000130,2022-08-05,CU0266,SP014,ST011,PR006,1,79,0,79,Credit Card,Cancelled,,,
TXN002084,2024-05-03,CU0083,SP002,ST009,PR005,2,129,15,219.3,Gift Card,Completed,,,
TXN002938,2023-01-15,CU0411,SP008,ST011,PR038,2,39,10,70.2,Online Transfer,Returned,,,
TXN004415,2022-07-02,CU0501,SP009,ST001,PR022,1,89,0,89,Online Transfer,Completed,,,
TXN004982,2024-05-17,CU0332,SP012,ST007,PR025,3,65,0,195,Gift Card,Completed,,,
TXN007605,2022-12-24,CU0607,SP015,ST006,PR026,1,189,0,189,Debit Card,Returned,,,
TXN007198,2024-04-19,CU0429,SP012,ST007,PR017,2,99,20,158.4,Online Transfer,Completed,,,
TXN008392,2022-03-24,CU0459,SP003,ST001,PR023,3,179,15,456.45,Credit Card,Returned,,,
TXN006721,2022-07-06,CU0155,SP007,ST009,PR039,2,28,15,47.6,Online Transfer,Returned,,,
TXN007272,2024-03-05,CU0002,SP012,ST002,PR034,1,79,0,79,Cash,Completed,,,
TXN003013,2023-04-24,CU0298,SP003,ST009,PR039,2,28,0,56,Debit Card,Completed,,,
TXN003645,2024-05-27,CU0022,SP012,ST008,PR011,1,499,0,499,Credit Card,Completed,,,
TXN008626,2023-11-14,CU0094,SP011,ST002,PR011,1,499,10,449.1,Credit Card,Cancelled,,,
TXN003389,2024-03-02,CU0493,SP006,ST001,PR017,4,99,15,336.6,Debit Card,Completed,,,
TXN007066,2023-05-17,CU0078,SP013,ST006,PR020,1,159,0,159,Debit Card,Returned,,,
TXN004711,2023-10-09,CU0191,SP013,ST007,PR009,2,379,5,720.1,Debit Card,Completed,,,
TXN001691,2024-02-16,CU0538,SP011,ST010,PR023,2,179,5,340.1,Debit Card,Completed,,,
TXN004121,2022-03-10,CU0222,SP006,ST005,PR018,3,59,0,177,Online Transfer,Completed,,,
TXN006063,2023-10-16,CU0511,SP001,ST008,PR013,1,89,10,80.1,Debit Card,Completed,,,
TXN006421,2022-06-28,CU0028,SP001,ST003,PR034,2,79,0,158,Online Transfer,Returned,,,
TXN005807,2024-05-26,CU0401,SP005,ST007,PR033,1,119,10,107.1,Credit Card,Completed,,,
TXN007371,2023-01-27,CU0222,SP003,ST007,PR019,2,119,0,238,Credit Card,Cancelled,,,
TXN005986,2023-08-20,CU0178,SP005,ST008,PR002,1,749,0,749,Cash,Completed,,,
TXN001684,2024-02-20,CU0416,SP003,ST003,PR025,2,65,0,130,Cash,Completed,,,
TXN008330,2024-06-15,CU0042,SP002,ST001,PR026,1,189,10,170.1,Credit Card,Completed,,,
TXN003160,2024-02-20,CU0115,SP006,ST012,PR020,4,159,0,636,Debit Card,Completed,,,
TXN000864,2024-05-16,CU0391,SP006,ST001,PR031,1,399,0,399,Cash,Completed,,,
TXN007470,2024-05-01,,SP011,ST012,PR038,1,39,15,33.15,Credit Card,Returned,,,
TXN000324,2024-02-25,CU0270,SP012,ST004,PR027,1,129,10,116.1,Online Transfer,Completed,,,
TXN008913,2022-05-30,CU0181,SP002,ST004,PR037,1,289,10,260.1,Gift Card,Completed,,,
TXN004573,2022-10-30,CU0417,SP002,ST010,PR027,1,129,0,129,Credit Card,Returned,,,
TXN001419,2022-06-24,CU0380,SP014,ST008,PR016,3,49,5,139.65,Credit Card,Completed,,,
TXN003434,2022-04-27,CU0129,SP008,ST004,PR023,4,179,15,608.6,Cash,Cancelled,,,
TXN002323,2022-09-14,CU0487,SP012,ST002,PR030,4,149,10,536.4,Cash,Completed,,,
TXN002695,2022-10-27,CU0081,SP011,ST009,PR007,1,699,10,629.1,Credit Card,Completed,,,
TXN008828,2022-08-23,CU0212,SP008,ST004,PR027,1,129,5,122.55,Cash,Completed,,,
TXN003899,2023-07-03,CU0528,SP012,ST007,PR036,1,249,0,249,Debit Card,Completed,,,
TXN006513,2023-02-13,CU0442,SP009,ST005,PR007,2,699,10,1258.2,Gift Card,Completed,,,
TXN001620,2022-08-26,CU0525,SP012,ST005,PR027,1,129,0,129,Online Transfer,Completed,,,
TXN002587,2022-02-07,CU0345,SP002,ST010,PR005,2,129,20,206.4,Online Transfer,Returned,,,
TXN005980,2023-08-14,CU0498,SP012,ST003,PR009,1,379,0,379,Cash,Completed,,,
TXN007771,2024-01-09,CU0526,SP008,ST005,PR020,3,159,0,477,Online Transfer,Completed,,,
TXN007273,2023-08-26,CU0474,SP002,ST009,PR004,1,299,0,299,Cash,Returned,,,
TXN008135,2023-11-22,CU0186,SP002,ST004,PR024,4,45,0,180,Debit Card,Cancelled,,,
TXN000872,2023-10-25,CU0363,SP013,ST010,PR024,3,45,10,121.5,Debit Card,Returned,,,
TXN008428,2023-01-03,CU0037,SP006,ST011,PR032,4,69,5,262.2,Debit Card,Returned,,,
TXN008992,2023-12-04,CU0294,SP012,ST005,PR021,2,24,5,45.6,Credit Card,Completed,,,
TXN006551,2024-04-06,CU0572,SP008,ST007,PR034,1,79,5,75.05,Gift Card,Completed,,,
TXN000494,2022-12-12,CU0040,SP010,ST005,PR017,2,99,20,149.22,Cash,Completed,,,
TXN008997,2022-08-21,,SP002,ST008,PR027,1,129,0,129,Cash,Completed,,,
TXN001992,2023-02-11,CU0078,SP013,ST006,PR020,2,159,10,286.2,Credit Card,Completed,,,
TXN008058,2023-04-08,CU0469,SP004,ST011,PR020,2,159,0,318,Debit Card,Cancelled,,,
TXN008686,2022-06-18,CU0481,SP005,ST006,PR026,2,189,10,340.2,Credit Card,Returned,,,
TXN007780,2022-10-05,CU0399,SP007,ST004,PR002,1,749,15,636.65,Online Transfer,Completed,,,
TXN006594,2023-11-05,CU0228,SP007,ST005,PR003,1,549,0,549,Gift Card,Completed,,,
TXN008131,2023-07-26,CU0142,SP009,ST007,PR038,3,39,10,105.3,Debit Card,Completed,,,
TXN003000,2023-08-23,CU0139,SP011,ST004,PR022,2,89,0,178,Cash,Completed,,,
TXN001187,2023-02-23,CU0603,SP006,ST011,PR032,1,69,0,69,Gift Card,Cancelled,,,
TXN000746,2023-01-19,CU0219,SP007,ST003,PR021,2,24,10,43.2,Online Transfer,Returned,,,
TXN006834,2023-06-11,CU0159,SP006,ST006,PR005,1,129,10,116.1,Cash,Completed,,,
TXN004070,2024-05-20,CU0600,SP008,ST005,PR017,4,99,0,396,Credit Card,Completed,,,
TXN006227,2022-04-18,CU0438,SP002,ST011,PR036,1,249,5,236.55,Online Transfer,Cancelled,,,
TXN002131,2022-10-09,CU0469,SP005,ST002,PR039,1,28,5,26.6,Debit Card,Completed,,,
TXN005754,2022-08-18,CU0227,SP011,ST008,PR035,1,49,5,46.55,Online Transfer,Completed,,,
TXN005880,2023-01-11,CU0431,SP013,ST008,PR003,1,549,0,549,Credit Card,Completed,,,
TXN004646,2023-09-30,CU0481,SP006,ST011,PR011,1,499,0,499,Online Transfer,Completed,,,
TXN007099,2024-05-14,CU0410,SP013,ST005,PR024,2,45,10,81,Credit Card,Completed,,,
TXN000680,2023-02-04,CU0432,SP015,ST008,PR021,1,24,5,21.1,Cash,Completed,,,
TXN003704,2024-01-27,CU0358,SP013,ST012,PR021,2,24,10,43.2,Debit Card,Completed,,,
TXN008973,2024-02-21,CU0142,SP004,ST010,PR006,1,79,5,75.05,Cash,Completed,,,
TXN007855,2022-06-27,CU0184,SP008,ST007,PR022,1,89,0,89,Credit Card,Completed,,,
TXN002362,2023-04-12,CU0312,SP004,ST006,PR037,2,289,5,549.1,Debit Card,Completed,,,
TXN003876,2023-10-18,CU0215,SP015,ST003,PR020,4,159,15,540.6,Debit Card,Completed,,,
TXN007412,2023-06-04,CU0416,SP006,ST011,PR032,1,69,10,62.1,Online Transfer,Completed,,,
TXN006734,2022-07-24,CU0347,SP008,ST002,PR020,2,159,5,302.1,Online Transfer,Completed,,,
TXN007375,2022-05-04,CU0183,SP002,ST011,PR030,1,149,0,149,Online Transfer,Completed,,,
TXN006645,2023-09-22,CU0535,SP009,ST006,PR036,3,249,10,672.3,Online Transfer,Cancelled,,,
TXN004019,2024-02-17,CU0160,SP001,ST007,PR016,4,49,0,196,Debit Card,Completed,,,
TXN004396,2022-10-08,CU0111,SP010,ST008,PR008,1,449,5,426.55,Credit Card,Returned,,,
TXN004779,2023-06-26,CU0526,SP004,ST012,PR005,1,129,20,114.25,Cash,Completed,,,
TXN000472,2023-01-04,CU0582,SP009,ST002,PR017,2,99,15,168.3,Online Transfer,Cancelled,,,
TXN006639,2024-01-15,CU0589,SP009,ST002,PR029,2,169,5,321.1,Credit Card,Completed,,,
TXN007691,2024-05-19,CU0360,SP004,ST005,PR032,3,69,0,207,Online Transfer,Cancelled,,,
TXN004645,2023-09-15,CU0480,SP010,ST012,PR001,1,999,0,999,Online Transfer,Completed,,,
TXN000818,2023-06-17,CU0005,SP005,ST009,PR027,1,129,0,129,Online Transfer,Cancelled,,,
TXN004303,2024-05-16,CU0463,SP013,ST009,PR037,4,289,0,1156,Debit Card,Completed,,,
TXN003201,2023-11-08,CU0599,SP001,ST006,PR006,1,79,0,79,Credit Card,Completed,,,
TXN001555,2023-08-10,CU0397,SP004,ST006,PR027,1,129,20,103.2,Credit Card,Returned,,,
TXN005533,2022-06-07,CU0222,SP007,ST001,PR036,1,249,0,249,Debit Card,Completed,,,
TXN006323,2023-07-25,CU0520,SP011,ST011,PR013,1,89,0,89,Cash,Completed,,,
TXN002998,2022-03-27,CU0438,SP010,ST012,PR016,3,49,0,147,Credit Card,Completed,,,
TXN006190,2022-05-22,CU0193,SP010,ST011,PR014,1,139,10,125.1,Cash,Completed,,,
TXN004392,2023-01-18,CU0228,SP011,ST003,PR033,1,119,0,119,Cash,Completed,,,
TXN008823,2024-01-07,,SP002,ST002,PR024,1,45,5,42.75,Debit Card,Completed,,,
TXN001967,2022-11-04,CU0441,SP010,ST012,PR016,2,49,5,93.1,Cash,Completed,,,
TXN001694,2024-03-31,CU0556,SP005,ST004,PR035,3,49,0,147,Credit Card,Completed,,,
TXN005928,2023-08-27,CU0082,SP002,ST010,PR026,1,189,5,179.55,Debit Card,Completed,,,
TXN000783,2022-11-26,CU0587,,ST004,PR029,2,169,0,338,Debit Card,Completed,,,
TXN000038,2023-07-07,CU0547,SP005,ST002,PR037,1,289,10,260.1,Gift Card,Completed,,,
TXN003481,2023-01-29,CU0452,SP010,ST011,PR006,1,79,10,71.1,Online Transfer,Completed,,,
TXN004637,2024-02-14,CU0525,SP002,ST009,PR003,1,549,20,439.2,Cash,Completed,,,
TXN002336,2023-12-02,CU0255,SP013,ST012,PR026,2,189,15,321.3,Credit Card,Completed,,,
TXN002624,2023-06-24,CU0192,SP009,ST001,PR016,5,49,5,232.75,Credit Card,Completed,,,
TXN001239,2023-04-13,CU0577,SP009,ST009,PR020,4,159,0,636,Cash,Returned,,,
TXN008906,2022-05-21,CU0139,SP002,ST006,PR018,2,59,0,118,Cash,Completed,,,
TXN000934,2023-08-16,CU0256,,ST002,PR029,1,169,20,135.2,Gift Card,Returned,,,
TXN002322,2022-01-16,CU0304,SP011,ST011,PR027,1,129,0,129,Credit Card,Completed,,,
TXN001430,2023-08-11,CU0544,SP006,ST009,PR033,3,119,0,357,Debit Card,Completed,,,
TXN005626,2022-07-17,CU0127,SP011,ST012,PR008,1,449,15,381.65,Cash,Completed,,,
TXN002017,2022-03-01,CU0229,SP005,ST002,PR003,1,549,10,494.1,Cash,Completed,,,
TXN001878,2023-02-05,CU0561,SP011,ST008,PR002,1,749,10,674.1,Credit Card,Completed,,,
TXN000574,2022-04-29,CU0191,SP008,ST003,PR021,1,24,20,19.2,Cash,Completed,,,
TXN007382,2023-05-03,CU0565,SP014,ST001,PR001,1,999,0,999,Cash,Completed,,,
TXN007685,2024-03-26,CU0391,SP008,ST001,PR006,1,79,0,79,Online Transfer,Completed,,,
TXN006199,2023-10-26,CU0607,SP005,ST004,PR026,1,189,5,179.55,Credit Card,Completed,,,
TXN001297,2023-06-29,CU0407,SP011,ST008,PR014,2,139,0,278,Debit Card,Completed,,,
TXN007565,2022-08-16,CU0549,SP006,ST008,PR020,2,159,10,260.8,Credit Card,Returned,,,
TXN006464,2022-07-14,CU0286,SP007,ST004,PR019,2,119,0,238,Cash,Completed,,,
TXN006780,2024-05-12,CU0603,SP002,ST002,PR015,1,59,0,59,Cash,Completed,,,
TXN005174,2023-11-04,CU0126,SP015,ST008,PR015,1,59,5,56.05,Online Transfer,Completed,,,
TXN000715,2022-12-01,CU0029,SP013,ST010,PR024,4,45,0,180,Cash,Completed,,,
TXN005787,2022-03-22,CU0483,SP012,ST005,PR029,2,169,5,321.1,Credit Card,Completed,,,
TXN007887,2022-05-16,CU0096,SP010,ST008,PR035,1,49,15,41.65,Credit Card,Returned,,,
TXN008577,2023-10-25,CU0165,SP011,ST008,PR036,1,249,0,249,Cash,Completed,,,
TXN000300,2022-09-24,CU0168,SP007,ST008,PR005,1,129,10,116.1,Credit Card,Completed,,,
TXN001281,2023-02-14,CU0417,SP004,ST004,PR021,1,24,0,24,Credit Card,Completed,,,
TXN003733,2022-01-10,CU0231,SP002,ST001,PR001,2,999,0,1998,Cash,Completed,,,
TXN002712,2023-01-05,CU0065,SP005,ST006,PR038,2,39,0,78,Debit Card,Completed,,,
TXN003142,2022-09-21,CU0238,SP011,ST005,PR030,1,149,10,134.1,Credit Card,Completed,,,
TXN003469,2023-10-28,CU0237,SP009,ST002,PR005,2,129,10,232.2,Credit Card,Completed,,,
TXN008271,2023-10-17,CU0606,SP008,ST005,PR025,1,65,5,61.75,Cash,Cancelled,,,
TXN003061,2023-11-07,CU0548,SP014,ST004,PR018,2,59,10,106.2,Cash,Completed,,,
TXN008252,2023-07-18,CU0327,SP001,ST011,PR018,1,59,0,59,Cash,Completed,,,
TXN003632,2022-06-10,CU0587,SP015,ST006,PR010,2,199,15,338.3,Debit Card,Completed,,,
TXN005618,2024-04-19,CU0423,SP005,ST006,PR039,1,28,0,28,Credit Card,Completed,,,
TXN000944,2022-04-23,CU0380,SP009,ST005,PR028,1,89,15,75.65,Cash,Completed,,,
TXN006554,2022-01-25,CU0321,SP001,ST004,PR012,2,29,5,55.1,Gift Card,Completed,,,
TXN000384,2023-06-22,CU0266,SP003,ST001,PR005,2,129,5,245.1,Credit Card,Completed,,,
TXN004620,2022-11-26,CU0403,SP008,ST009,PR035,1,49,15,41.65,Online Transfer,Completed,,,
TXN007192,2023-05-31,CU0562,SP001,ST005,PR032,1,69,20,55.2,Cash,Completed,,,
TXN008560,2023-04-16,CU0267,SP008,ST008,PR011,1,499,0,499,Online Transfer,Completed,,,
TXN001760,2024-05-21,CU0411,SP009,ST008,PR006,1,79,10,71.1,Online Transfer,Completed,,,
TXN007059,2022-05-07,CU0523,SP011,ST012,PR024,1,45,5,42.75,Debit Card,Completed,,,
TXN006725,2023-02-08,CU0181,SP006,ST009,PR038,1,39,15,33.15,Credit Card,Completed,,,
TXN000855,2022-06-25,CU0393,SP004,ST009,PR026,4,189,0,756,Cash,Completed,,,
TXN004572,2023-09-27,CU0110,SP013,ST005,PR036,4,249,0,996,Online Transfer,Completed,,,
TXN008030,2023-02-27,CU0400,SP003,ST002,PR038,3,39,0,117,Credit Card,Completed,,,
TXN004408,2022-09-21,CU0605,SP015,ST006,PR022,1,89,10,80.1,Credit Card,Cancelled,,,
TXN004115,2024-04-26,CU0087,SP008,ST002,PR032,4,69,10,248.4,Debit Card,Cancelled,,,
TXN003158,2022-11-20,CU0365,SP013,ST003,PR017,3,99,5,282.15,Gift Card,Completed,,,
TXN000843,2022-11-07,CU0335,SP015,ST005,PR035,1,49,10,44.1,Online Transfer,Completed,,,
TXN001624,2023-05-03,CU0160,SP007,ST011,PR015,1,59,0,59,Debit Card,Completed,,,
TXN000958,2022-02-05,CU0431,SP002,ST002,PR031,1,399,0,399,Debit Card,Completed,,,
TXN008956,2023-11-25,CU0467,SP004,ST008,PR020,1,159,5,151.05,Credit Card,Completed,,,
TXN007446,2023-09-21,CU0200,SP006,ST007,PR035,1,49,10,44.1,Credit Card,Completed,,,
TXN004181,2023-10-05,CU0510,SP009,ST005,PR026,1,189,0,189,Debit Card,Completed,,,
TXN007274,2022-05-01,CU0581,SP002,ST012,PR023,4,179,5,680.2,Gift Card,Completed,,,
TXN003787,2023-03-19,CU0211,SP005,ST012,PR018,4,59,15,200.6,Online Transfer,Returned,,,
TXN001533,2022-01-28,CU0063,SP014,ST009,PR021,1,24,5,22.8,Debit Card,Completed,,,
TXN000525,2023-12-29,CU0429,SP012,ST005,PR025,2,65,0,130,Debit Card,Completed,,,
TXN005933,2023-12-23,CU0124,SP013,ST008,PR016,2,49,0,98,Cash,Completed,,,
TXN000963,2023-02-09,CU0595,SP012,ST012,PR033,1,119,0,119,Credit Card,Completed,,,
TXN006239,2022-08-27,CU0491,SP012,ST007,PR020,4,159,0,636,Online Transfer,Completed,,,
TXN003638,2024-01-07,CU0493,SP003,ST012,PR033,1,119,5,113.05,Online Transfer,Returned,,,
TXN003703,2022-11-24,CU0328,SP003,ST011,PR040,1,22,5,20.9,Cash,Completed,,,
TXN007372,2023-05-31,CU0471,SP007,ST009,PR029,1,169,5,160.55,Debit Card,Completed,,,
TXN003701,2022-05-04,CU0348,SP008,ST007,PR025,3,65,5,185.25,Credit Card,Completed,,,
TXN001368,2022-04-03,CU0458,SP003,ST007,PR025,2,65,20,104,Cash,Completed,,,
TXN002185,2023-09-16,CU0397,SP013,ST005,PR033,2,119,20,190.4,Online Transfer,Completed,,,
TXN006680,2022-04-28,CU0443,SP015,ST008,PR021,3,24,0,72,Online Transfer,Completed,,,
TXN000141,2022-08-03,CU0019,SP006,ST005,PR017,1,99,15,84.15,Credit Card,Returned,,,
TXN005668,2023-04-08,CU0100,SP001,ST003,PR033,1,119,0,119,Gift Card,Completed,,,
TXN006026,2022-01-04,CU0165,SP007,ST001,PR030,3,149,15,379.95,Debit Card,Completed,,,
TXN003689,2023-11-30,CU0067,SP006,ST002,PR025,1,65,5,61.75,Debit Card,Completed,,,
TXN002981,2024-03-17,CU0512,,ST010,PR028,1,89,20,71.2,Cash,Completed,,,
TXN000509,2024-06-16,CU0171,SP002,ST007,PR013,1,89,10,80.1,Credit Card,Completed,,,
TXN001414,2022-06-16,CU0408,SP010,ST002,PR040,1,22,10,19.8,Cash,Completed,,,
TXN007657,2023-03-06,CU0584,SP007,ST009,PR009,2,379,5,720.1,Debit Card,Completed,,,
TXN003169,2023-10-30,CU0481,SP009,ST008,PR031,2,399,10,718.2,Cash,Completed,,,
TXN008731,2022-06-21,CU0411,SP010,ST001,PR030,1,149,10,134.1,Credit Card,Completed,,,
TXN005447,2023-05-21,CU0278,SP015,ST005,PR017,2,99,10,178.2,Cash,Completed,,,
TXN003098,2023-04-18,CU0034,SP014,ST011,PR022,1,89,10,80.1,Credit Card,Returned,,,
TXN006394,2023-02-14,,SP004,ST002,PR002,1,749,0,749,Credit Card,Returned,,,
TXN005334,2023-08-08,CU0315,SP001,ST006,PR028,1,89,20,71.2,Cash,Completed,,,
TXN001628,2024-01-07,CU0395,SP014,ST002,PR009,1,379,10,341.1,Cash,Completed,,,
TXN008729,2023-06-17,CU0166,SP005,ST003,PR029,1,169,15,143.65,Online Transfer,Completed,,,
TXN000056,2023-03-04,CU0079,,ST003,PR038,1,39,5,37.05,Credit Card,Cancelled,,,
TXN008069,2022-07-10,CU0151,SP004,ST004,PR032,1,69,0,69,Debit Card,Returned,,,
TXN003571,2023-09-26,CU0335,SP014,ST005,PR017,3,99,0,297,Credit Card,Cancelled,,,
TXN005887,2024-03-18,CU0299,SP001,ST007,PR027,3,129,15,328.95,Cash,Completed,,,
TXN005710,2024-06-25,CU0048,SP010,ST011,PR034,1,79,20,63.2,Cash,Returned,,,
TXN002318,2024-06-05,CU0398,SP009,ST008,PR027,1,129,0,129,Gift Card,Completed,,,
TXN004153,2022-12-08,CU0262,SP002,ST008,PR033,1,119,0,119,Debit Card,Completed,,,
TXN008036,2024-03-08,CU0500,SP005,ST001,PR034,1,79,10,71.1,Credit Card,Completed,,,
TXN002207,2024-06-30,CU0384,SP008,ST001,PR031,1,399,20,319.2,Debit Card,Returned,,,
TXN006007,2023-09-25,CU0028,SP014,ST010,PR009,1,379,10,341.1,Debit Card,Completed,,,
TXN005243,2022-03-16,CU0239,SP015,ST012,PR014,1,139,10,125.1,Online Transfer,Cancelled,,,
TXN008505,2022-03-29,CU0244,SP006,ST011,PR036,2,249,20,398.4,Gift Card,Cancelled,,,
TXN003708,2023-10-08,CU0519,SP008,ST012,PR011,1,499,0,499,Debit Card,Completed,,,
TXN003312,2024-03-22,CU0368,SP011,ST002,PR018,1,59,15,50.15,Cash,Completed,,,
TXN002303,2022-09-29,CU0595,SP010,ST009,PR020,2,159,0,318,Credit Card,Completed,,,
TXN001750,2023-06-22,,SP003,ST001,PR028,1,89,0,89,Debit Card,Completed,,,
TXN004838,2023-03-04,CU0086,SP006,ST012,PR014,2,139,5,264.1,Cash,Cancelled,,,
TXN005738,2023-04-24,CU0225,SP005,ST004,PR033,1,119,0,119,Cash,Returned,,,
TXN005934,2023-07-07,CU0348,SP015,ST010,PR004,1,299,5,284.05,Gift Card,Completed,,,
TXN000478,2022-12-21,CU0427,SP010,ST012,PR025,1,65,15,55.25,Credit Card,Completed,,,
TXN004020,2022-10-30,CU0306,SP014,ST001,PR029,3,169,0,507,Debit Card,Completed,,,
TXN007702,2022-10-04,CU0380,SP015,ST004,PR017,1,99,10,89.1,Credit Card,Returned,,,
TXN005638,2022-12-08,CU0069,SP009,ST011,PR023,1,179,5,170.05,Debit Card,Cancelled,,,
TXN004285,2024-03-27,CU0365,SP008,ST010,PR036,1,249,5,236.55,Credit Card,Completed,,,
TXN002279,2022-01-19,CU0102,SP007,ST008,PR028,1,89,20,71.2,Online Transfer,Completed,,,
TXN004987,2024-02-21,CU0570,SP006,ST007,PR011,1,499,10,449.1,Debit Card,Completed,,,
TXN002316,2022-04-17,CU0222,SP010,ST005,PR031,2,399,0,798,Debit Card,Completed,,,
TXN002184,2024-03-25,CU0440,SP008,ST005,PR006,1,79,10,71.1,Cash,Completed,,,
TXN008622,2022-03-15,CU0566,SP005,ST005,PR016,2,49,0,98,Debit Card,Completed,,,
TXN008468,2023-04-22,CU0581,SP003,ST003,PR035,3,49,5,139.65,Debit Card,Cancelled,,,
TXN005984,2023-05-03,CU0468,SP011,ST007,PR003,1,549,0,549,Credit Card,Cancelled,,,
TXN005945,2022-03-23,CU0346,SP015,ST003,PR024,3,45,20,108,Debit Card,Cancelled,,,
TXN001098,2024-03-19,CU0405,SP011,ST009,PR007,1,699,0,699,Debit Card,Completed,,,
TXN005965,2024-04-02,CU0387,SP001,ST007,PR004,2,299,0,598,Debit Card,Completed,,,
TXN000782,2023-12-06,CU0321,SP011,ST008,PR032,2,69,20,110.4,Cash,Completed,,,
TXN008160,2023-09-04,CU0599,SP007,ST004,PR005,1,129,15,109.65,Credit Card,Cancelled,,,
TXN006611,2022-08-27,CU0121,SP002,ST012,PR007,2,699,0,1398,Online Transfer,Completed,,,
TXN003010,2022-10-17,CU0582,SP011,ST002,PR009,1,379,0,379,Cash,Completed,,,
TXN007260,2023-06-12,CU0418,SP007,ST007,PR023,2,179,5,340.1,Credit Card,Completed,,,
TXN007459,2023-06-29,CU0347,SP006,ST007,PR028,1,89,15,75.65,Credit Card,Completed,,,
TXN004109,2023-09-25,CU0536,SP012,ST010,PR027,1,129,10,116.1,Cash,Completed,,,
TXN007745,2024-06-17,CU0230,SP004,ST009,PR010,2,199,5,378.1,Debit Card,Completed,,,
TXN006265,2023-10-24,CU0549,SP011,ST011,PR006,1,79,0,79,Online Transfer,Returned,,,
TXN006458,2023-05-30,CU0494,SP013,ST003,PR026,2,189,15,321.3,Credit Card,Returned,,,
TXN004001,2022-08-09,CU0282,SP001,ST009,PR010,1,199,0,199,Debit Card,Completed,,,
TXN004650,2022-07-15,CU0242,SP002,ST002,PR017,2,99,15,168.3,Credit Card,Completed,,,
TXN008974,2024-01-30,CU0035,SP012,ST007,PR038,2,39,0,78,Credit Card,Completed,,,
TXN001508,2022-01-05,CU0246,SP008,ST003,PR005,2,129,15,219.3,Gift Card,Completed,,,
TXN004474,2022-09-03,CU0501,SP011,ST007,PR033,2,119,5,226.1,Credit Card,Cancelled,,,
TXN008919,2023-03-08,CU0155,SP007,ST007,PR016,3,49,0,147,Credit Card,Completed,,,
TXN005468,2023-01-22,CU0223,SP001,ST010,PR013,1,89,10,80.1,Debit Card,Completed,,,
TXN003750,2022-10-15,CU0401,SP011,ST003,PR027,2,129,15,219.3,Credit Card,Completed,,,
TXN003675,2023-12-28,CU0428,SP003,ST010,PR010,2,199,10,358.2,Online Transfer,Cancelled,,,
TXN001141,2023-01-02,CU0168,SP014,ST004,PR029,1,169,0,169,Debit Card,Completed,,,
TXN007203,2022-10-10,CU0052,SP005,ST005,PR004,1,299,0,299,Cash,Completed,,,
TXN002874,2024-02-06,CU0205,SP009,ST005,PR028,1,89,10,80.1,Online Transfer,Completed,,,
TXN004332,2022-08-02,CU0273,SP004,ST003,PR014,1,139,10,123.8,Online Transfer,Completed,,,
TXN001539,2023-09-11,CU0542,SP007,ST012,PR022,2,89,0,178,Cash,Completed,,,
TXN004125,2022-04-02,CU0180,SP005,ST008,PR013,1,89,5,84.55,Cash,Cancelled,,,
TXN007876,2022-12-04,CU0246,SP009,ST010,PR019,1,119,0,119,Debit Card,Completed,,,
TXN003214,2023-08-13,CU0470,SP009,ST002,PR025,1,65,10,58.5,Debit Card,Cancelled,,,
TXN000328,2023-12-30,CU0328,SP015,ST001,PR009,1,379,5,360.05,Debit Card,Completed,,,
TXN000892,2022-09-07,CU0169,SP006,ST003,PR025,2,65,0,130,Credit Card,Completed,,,
TXN000523,2023-10-12,CU0252,SP003,ST010,PR018,4,59,0,236,Credit Card,Completed,,,
TXN006221,2022-11-08,CU0287,SP010,ST010,PR016,3,49,0,147,Debit Card,Cancelled,,,
TXN003848,2022-10-22,CU0112,SP011,ST008,PR018,1,59,15,50.15,Online Transfer,Completed,,,
TXN006820,2023-04-02,CU0089,SP001,ST007,PR029,1,169,0,169,Credit Card,Completed,,,
TXN007064,2024-04-28,CU0054,SP001,ST011,PR024,2,45,0,90,Credit Card,Completed,,,
TXN000648,2023-06-09,CU0580,,ST001,PR039,3,28,5,79.8,Debit Card,Completed,,,
TXN006715,2023-10-06,CU0233,SP002,ST007,PR007,1,699,0,699,Online Transfer,Cancelled,,,
TXN005410,2023-05-12,CU0302,SP009,ST009,PR004,1,299,0,299,Gift Card,Completed,,,
TXN007964,2022-04-28,CU0543,SP002,ST008,PR031,1,399,0,399,Online Transfer,Completed,,,
TXN001935,2023-05-23,CU0411,SP011,ST004,PR030,3,149,0,447,Debit Card,Returned,,,
TXN008355,2022-01-08,CU0590,SP007,ST010,PR002,2,749,0,1498,Credit Card,Completed,,,
TXN002560,2023-10-16,CU0038,SP007,ST011,PR020,5,159,10,715.5,Credit Card,Completed,,,
TXN008594,2022-04-18,CU0193,SP001,ST006,PR025,1,65,0,65,Credit Card,Completed,,,
TXN000614,2024-04-02,CU0340,SP014,ST003,PR012,2,29,0,49.86,Cash,Cancelled,,,
TXN001591,2022-04-28,,SP015,ST010,PR013,2,89,10,160.2,Gift Card,Completed,,,
TXN007405,2023-03-30,CU0517,SP015,ST001,PR014,2,139,0,318.42,Online Transfer,Completed,,,
TXN006744,2024-01-23,CU0065,SP015,ST005,PR026,3,189,0,567,Debit Card,Returned,,,
TXN003993,2024-06-07,CU0440,SP014,ST010,PR021,3,24,0,72,Credit Card,Completed,,,
TXN002988,2023-08-05,CU0137,SP009,ST005,PR002,2,749,20,1198.4,Credit Card,Completed,,,
TXN003639,2023-04-07,CU0077,SP001,ST001,PR025,2,65,5,123.5,Credit Card,Completed,,,
TXN002081,2023-11-02,CU0375,SP004,ST006,PR039,3,28,0,84,Debit Card,Completed,,,
TXN000406,2022-12-18,CU0496,SP010,ST010,PR023,1,179,5,170.05,Credit Card,Completed,,,
TXN000966,2023-06-15,CU0453,SP002,ST007,PR030,2,149,5,283.1,Cash,Completed,,,
TXN007765,2022-10-10,,SP002,ST003,PR038,3,39,10,105.3,Debit Card,Returned,,,
TXN006656,2022-03-14,,SP012,ST012,PR040,2,22,5,41.8,Credit Card,Completed,,,
TXN000751,2022-07-27,CU0219,SP005,ST002,PR017,4,99,20,316.8,Debit Card,Completed,,,
TXN006674,2022-07-04,CU0418,SP005,ST011,PR025,3,65,0,195,Credit Card,Completed,,,
TXN006761,2022-01-13,CU0063,SP003,ST003,PR013,1,89,0,89,Cash,Completed,,,
TXN006747,2024-04-10,CU0449,SP004,ST006,PR037,1,289,0,289,Cash,Completed,,,
TXN005394,2022-03-31,CU0324,SP007,ST004,PR034,1,79,5,75.05,Credit Card,Completed,,,
TXN002324,2023-01-06,CU0057,SP006,ST001,PR026,1,189,0,198.46,Online Transfer,Completed,,,
TXN000768,2024-01-20,CU0063,SP008,ST003,PR022,1,89,0,89,Online Transfer,Completed,,,
TXN008862,2023-01-27,CU0354,SP005,ST009,PR027,3,129,0,387,Cash,Completed,,,
TXN005989,2022-11-24,CU0582,SP010,ST009,PR011,1,499,10,449.1,Debit Card,Completed,,,
TXN008475,2023-03-09,CU0158,SP004,ST007,PR018,2,59,0,118,Credit Card,Completed,,,
TXN004521,2023-11-07,CU0433,,ST003,PR033,1,119,10,107.1,Credit Card,Completed,,,
TXN002295,2023-11-17,CU0007,SP007,ST002,PR002,1,749,0,749,Cash,Completed,,,
TXN006448,2023-01-22,CU0001,SP010,ST010,PR039,3,28,15,71.4,Cash,Returned,,,
TXN005765,2024-01-09,CU0124,SP004,ST010,PR024,2,45,15,76.5,Online Transfer,Completed,,,
TXN005261,2022-12-26,CU0194,SP013,ST012,PR013,1,89,5,84.55,Online Transfer,Returned,,,
TXN000750,2023-11-24,CU0067,SP002,ST001,PR001,2,999,0,1998,Credit Card,Completed,,,
TXN006359,2023-04-27,CU0413,SP012,ST005,PR008,1,449,5,426.55,Online Transfer,Cancelled,,,
TXN003471,2023-10-28,CU0532,SP003,ST004,PR037,2,289,0,578,Online Transfer,Completed,,,
TXN004175,2023-10-27,CU0142,SP004,ST009,PR005,1,129,0,129,Online Transfer,Completed,,,
TXN006681,2023-01-12,CU0162,SP011,ST005,PR030,1,149,5,141.55,Credit Card,Returned,,,
TXN003595,2023-02-03,CU0165,SP008,ST006,PR021,2,24,10,43.2,Credit Card,Completed,,,
TXN004595,2024-05-28,CU0174,SP004,ST011,PR036,3,249,20,597.6,Online Transfer,Completed,,,
TXN000820,2022-08-20,CU0465,SP003,ST012,PR036,1,249,0,249,Gift Card,Completed,,,
TXN002284,2022-01-29,,SP002,ST005,PR011,1,499,5,474.05,Credit Card,Completed,,,
TXN007357,2023-12-21,CU0600,SP004,ST006,PR022,1,89,0,89,Debit Card,Completed,,,
TXN003698,2022-01-11,CU0414,SP004,ST004,PR013,1,89,0,89,Debit Card,Cancelled,,,
TXN000688,2022-09-15,CU0337,SP007,ST011,PR034,4,79,0,336.2,Debit Card,Cancelled,,,
TXN007073,2023-12-20,CU0103,SP014,ST012,PR018,1,59,15,50.15,Credit Card,Completed,,,
TXN004736,2022-11-01,CU0353,SP007,ST007,PR028,1,89,5,84.55,Online Transfer,Cancelled,,,
TXN006039,2022-05-28,CU0453,SP009,ST009,PR007,3,699,0,2097,Credit Card,Completed,,,
TXN007554,2022-05-21,CU0136,SP009,ST003,PR010,1,199,0,199,Credit Card,Cancelled,,,
TXN008092,2023-11-08,CU0282,SP004,ST012,PR027,3,129,0,387,Cash,Cancelled,,,
TXN007180,2024-04-17,CU0508,SP005,ST012,PR032,3,69,0,207,Credit Card,Completed,,,
TXN000772,2023-11-22,CU0457,SP001,ST012,PR028,1,89,5,84.55,Cash,Completed,,,
TXN000572,2024-04-29,CU0175,SP001,ST010,PR018,2,59,0,118,Debit Card,Completed,,,
TXN007820,2023-08-18,CU0271,SP007,ST012,PR021,1,24,10,21.6,Gift Card,Completed,,,
TXN006444,2023-07-26,CU0311,SP002,ST012,PR036,1,249,10,224.1,Cash,Completed,,,
TXN000301,2022-03-14,CU0276,SP011,ST012,PR027,2,129,20,206.4,Online Transfer,Completed,,,
TXN006968,2023-12-12,CU0367,SP005,ST002,PR026,1,189,10,170.1,Debit Card,Returned,,,
TXN004348,2022-05-09,CU0459,SP014,ST006,PR019,2,119,20,176.86,Debit Card,Completed,,,
TXN000337,2023-05-31,CU0538,SP005,ST005,PR035,1,49,5,46.55,Credit Card,Completed,,,
TXN008007,2022-12-18,CU0205,SP012,ST007,PR007,1,699,0,699,Debit Card,Returned,,,
TXN003781,2023-04-18,CU0175,SP001,ST008,PR010,1,199,10,179.1,Online Transfer,Completed,,,
TXN002842,2022-07-08,CU0289,SP010,ST010,PR024,4,45,0,180,Credit Card,Completed,,,
TXN001622,2023-11-11,CU0117,SP006,ST011,PR023,4,179,0,716,Cash,Completed,,,
TXN005657,2022-09-14,CU0064,SP012,ST003,PR033,1,119,10,107.1,Debit Card,Completed,,,
TXN006074,2023-11-17,CU0556,SP002,ST003,PR017,4,99,10,356.4,Cash,Completed,,,
TXN005124,2022-07-24,CU0495,SP008,ST011,PR020,1,159,10,143.1,Debit Card,Completed,,,
TXN003721,2023-12-05,CU0308,SP002,ST003,PR011,1,499,15,424.15,Cash,Completed,,,
TXN004607,2023-08-10,CU0576,SP010,ST003,PR008,1,449,10,404.1,Debit Card,Completed,,,
TXN008664,2023-08-26,CU0281,SP007,ST008,PR029,1,169,15,143.65,Cash,Completed,,,
TXN006431,2022-04-25,CU0505,SP014,ST005,PR021,5,24,10,108,Debit Card,Completed,,,
TXN006644,2022-10-21,CU0087,SP013,ST005,PR022,1,89,0,89,Credit Card,Completed,,,
TXN008587,2023-12-08,CU0344,SP014,ST004,PR023,1,179,15,152.15,Debit Card,Returned,,,
TXN001278,2022-11-22,CU0372,SP014,ST011,PR014,2,139,10,250.2,Debit Card,Cancelled,,,
TXN002027,2023-02-03,CU0200,SP007,ST002,PR033,1,119,10,107.1,Debit Card,Completed,,,
TXN000152,2023-12-16,CU0415,SP013,ST004,PR036,1,249,15,211.65,Cash,Completed,,,
TXN007540,2023-03-17,CU0121,SP012,ST006,PR025,3,65,0,195,Cash,Completed,,,
TXN003239,2023-03-05,CU0290,SP007,ST008,PR040,2,22,0,44,Debit Card,Completed,,,
TXN000685,2022-06-07,CU0350,SP015,ST005,PR039,1,28,5,26.6,Debit Card,Completed,,,
TXN003820,2023-11-07,CU0082,SP008,ST007,PR019,3,119,0,357,Cash,Returned,,,
TXN001843,2022-12-26,CU0166,SP003,ST004,PR007,1,699,0,699,Credit Card,Completed,,,
TXN008723,2024-01-02,CU0266,SP008,ST010,PR025,2,65,0,130,Debit Card,Completed,,,
TXN003117,2023-05-30,CU0478,SP008,ST010,PR002,2,749,10,1348.2,Debit Card,Returned,,,
TXN001155,2022-09-26,CU0319,SP006,ST007,PR035,1,49,10,44.1,Online Transfer,Cancelled,,,
TXN000760,2023-11-07,CU0565,SP001,ST003,PR036,3,249,0,747,Credit Card,Returned,,,
TXN001491,2022-03-30,,SP012,ST012,PR037,1,289,0,289,Gift Card,Returned,,,
TXN007743,2022-06-03,CU0208,SP008,ST007,PR019,2,119,15,202.3,Credit Card,Completed,,,
TXN003445,2022-01-15,CU0331,SP011,ST005,PR026,1,189,10,170.1,Credit Card,Completed,,,
TXN002820,2024-05-24,CU0505,SP015,ST003,PR014,1,139,0,139,Credit Card,Completed,,,
TXN002994,2023-07-08,CU0170,SP008,ST001,PR030,1,149,0,149,Cash,Completed,,,
TXN008197,2022-03-13,CU0486,SP006,ST010,PR017,4,99,5,376.2,Credit Card,Completed,,,
TXN003178,2023-06-18,CU0297,SP007,ST008,PR038,2,39,10,70.2,Debit Card,Completed,,,
TXN007652,2024-02-27,CU0557,SP008,ST010,PR038,1,39,0,39,Credit Card,Completed,,,
TXN001748,2024-02-06,CU0527,SP002,ST006,PR024,1,45,20,36,Cash,Completed,,,
TXN008274,2022-04-02,CU0243,SP001,ST003,PR032,2,69,0,138,Cash,Completed,,,
TXN006411,2024-03-01,CU0022,SP012,ST009,PR011,1,499,0,499,Debit Card,Completed,,,
TXN008853,2023-02-07,CU0609,SP001,ST005,PR010,1,199,0,199,Debit Card,Returned,,,
TXN003748,2022-04-18,CU0561,SP015,ST010,PR001,2,999,20,1598.4,Debit Card,Completed,,,
TXN003881,2022-07-05,CU0201,SP013,ST007,PR021,1,24,0,24,Cash,Completed,,,
TXN003367,2022-01-24,CU0585,SP010,ST011,PR002,1,749,5,711.55,Debit Card,Completed,,,
TXN007321,2024-03-03,CU0192,SP005,ST006,PR040,1,22,20,17.6,Debit Card,Completed,,,
TXN007497,2023-03-17,CU0064,SP013,ST002,PR002,1,749,20,599.2,Cash,Completed,,,
TXN005427,2023-05-05,,SP012,ST003,PR032,1,69,20,55.2,Credit Card,Completed,,,
TXN006436,2023-02-10,CU0398,SP006,ST003,PR026,3,189,15,481.95,Debit Card,Completed,,,
TXN000498,2023-12-02,CU0451,SP010,ST006,PR003,2,549,0,1098,Gift Card,Completed,,,
TXN008652,2022-06-07,CU0510,SP012,ST011,PR021,2,24,5,45.6,Online Transfer,Completed,,,
TXN004028,2022-10-18,CU0213,SP001,ST012,PR039,1,28,5,26.6,Credit Card,Cancelled,,,
TXN008065,2023-05-11,CU0158,SP010,ST007,PR005,2,129,10,232.2,Cash,Returned,,,
TXN005222,2022-05-10,CU0165,SP003,ST012,PR022,1,89,0,89,Cash,Completed,,,
TXN002735,2024-04-25,CU0515,SP007,ST009,PR028,1,89,5,84.55,Online Transfer,Completed,,,
TXN006324,2023-10-03,CU0358,SP004,ST012,PR036,1,249,0,249,Online Transfer,Completed,,,
TXN002488,2023-05-16,CU0308,SP015,ST012,PR036,4,249,10,896.4,Online Transfer,Completed,,,
TXN002082,2023-10-09,CU0014,SP014,ST001,PR013,1,89,20,71.2,Credit Card,Completed,,,
TXN002239,2024-05-04,CU0586,SP001,ST004,PR014,1,139,0,139,Credit Card,Cancelled,,,
TXN006941,2022-07-26,CU0514,SP006,ST001,PR020,2,159,0,318,Online Transfer,Cancelled,,,
TXN000109,2022-03-29,,SP003,ST006,PR040,1,22,0,22,Cash,Completed,,,
TXN005848,2024-03-01,CU0377,SP013,ST012,PR038,4,39,0,156,Cash,Completed,,,
TXN002144,2023-07-25,CU0021,SP011,ST008,PR020,4,159,15,540.6,Online Transfer,Returned,,,
TXN000924,2022-10-28,CU0110,SP001,ST005,PR027,4,129,5,490.2,Gift Card,Completed,,,
TXN002640,2022-05-04,CU0186,SP013,ST011,PR027,1,129,20,103.2,Credit Card,Returned,,,
TXN004067,2022-05-09,CU0478,SP012,ST008,PR007,1,699,5,664.05,Cash,Completed,,,
TXN005872,2022-08-21,CU0420,SP007,ST009,PR022,1,89,5,84.55,Credit Card,Completed,,,
TXN003866,2022-05-02,CU0280,SP007,ST005,PR012,2,29,5,55.1,Online Transfer,Completed,,,
TXN002963,2022-04-09,CU0179,,ST011,PR016,2,49,0,98,Debit Card,Completed,,,
TXN008746,2023-02-25,CU0391,SP006,ST007,PR014,1,139,0,139,Online Transfer,Completed,,,
TXN000871,2022-03-10,CU0140,SP001,ST005,PR020,3,159,10,429.3,Cash,Cancelled,,,
TXN007514,2022-01-29,CU0155,SP015,ST012,PR020,2,159,0,318,Debit Card,Completed,,,
TXN004789,2023-05-14,CU0046,SP013,ST007,PR019,1,119,10,107.1,Cash,Completed,,,
TXN006951,2022-12-23,CU0357,SP001,ST007,PR012,2,29,5,55.1,Gift Card,Returned,,,
TXN002476,2023-04-30,CU0269,SP008,ST004,PR002,2,749,15,1273.3,Gift Card,Completed,,,
TXN002637,2022-01-15,CU0212,SP011,ST002,PR040,2,22,15,37.4,Debit Card,Cancelled,,,
TXN008740,2022-05-16,CU0055,SP004,ST001,PR031,1,399,20,319.2,Online Transfer,Cancelled,,,
TXN000087,2023-01-09,CU0247,SP003,ST012,PR028,1,89,10,80.1,Online Transfer,Completed,,,
TXN006201,2022-09-15,CU0082,SP002,ST006,PR007,1,699,0,699,Debit Card,Completed,,,
TXN004050,2023-11-06,CU0489,SP007,ST008,PR011,1,499,15,424.15,Online Transfer,Completed,,,
TXN004653,2023-03-19,CU0213,SP007,ST005,PR019,4,119,0,476,Cash,Completed,,,
TXN003761,2022-04-09,CU0460,SP010,ST001,PR017,2,99,15,168.3,Credit Card,Completed,,,
TXN001755,2022-02-15,CU0336,SP008,ST009,PR025,4,65,0,260,Credit Card,Completed,,,
TXN007063,2023-02-09,CU0539,SP012,ST008,PR040,4,22,5,83.6,Gift Card,Completed,,,
TXN000256,2023-05-19,CU0426,SP007,ST012,PR018,2,59,20,94.4,Online Transfer,Completed,,,
TXN002907,2022-07-04,CU0332,SP010,ST007,PR032,1,69,0,69,Debit Card,Cancelled,,,
TXN004201,2022-10-04,CU0184,SP001,ST008,PR034,3,79,0,237,Cash,Cancelled,,,
TXN001646,2022-07-29,CU0589,SP008,ST006,PR008,1,449,15,381.65,Credit Card,Returned,,,
TXN006612,2022-11-14,CU0542,SP013,ST004,PR036,2,249,20,398.4,Credit Card,Cancelled,,,
TXN004640,2022-09-18,CU0188,SP003,ST007,PR015,1,59,5,56.05,Cash,Completed,,,
TXN001899,2024-05-19,CU0591,SP007,ST001,PR038,2,39,15,66.3,Debit Card,Completed,,,
TXN000965,2022-09-23,CU0563,SP003,ST003,PR003,1,549,0,549,Online Transfer,Completed,,,
TXN002478,2023-08-20,CU0447,SP004,ST005,PR027,2,129,0,258,Credit Card,Completed,,,
TXN002772,2022-02-20,CU0202,SP003,ST008,PR028,2,89,15,151.3,Online Transfer,Cancelled,,,
TXN005542,2024-06-09,CU0296,SP015,ST012,PR005,1,129,0,129,Online Transfer,Completed,,,
TXN000532,2022-04-03,CU0342,SP015,ST006,PR031,2,399,0,798,Debit Card,Completed,,,
TXN001707,2024-01-16,CU0508,SP005,ST001,PR028,3,89,10,240.3,Debit Card,Completed,,,
TXN001769,2023-10-28,CU0499,SP005,ST012,PR038,3,39,0,117,Debit Card,Completed,,,
TXN005241,2023-10-23,CU0530,SP012,ST005,PR035,3,49,5,139.65,Cash,Completed,,,
TXN000389,2023-09-08,CU0357,SP004,ST004,PR039,2,28,0,56,Debit Card,Completed,,,
TXN001157,2022-09-22,CU0391,SP013,ST003,PR035,1,49,10,44.1,Credit Card,Completed,,,
TXN007748,2024-01-16,CU0518,SP011,ST003,PR026,1,189,5,179.55,Cash,Cancelled,,,
TXN001743,2024-04-21,CU0320,SP007,ST010,PR023,3,179,10,483.3,Credit Card,Cancelled,,,
TXN008426,2022-05-06,CU0233,SP001,ST012,PR028,1,89,10,80.1,Credit Card,Completed,,,
TXN006247,2024-04-14,CU0236,SP010,ST002,PR026,2,189,5,359.1,Online Transfer,Completed,,,
TXN004981,2023-05-27,CU0267,SP001,ST011,PR022,3,89,15,226.95,Online Transfer,Completed,,,
TXN008049,2024-01-15,CU0202,SP010,ST008,PR031,1,399,0,399,Cash,Completed,,,
TXN000455,2022-10-04,CU0110,SP006,ST010,PR005,1,129,10,116.1,Online Transfer,Completed,,,
TXN004127,2022-08-09,CU0607,SP010,ST009,PR010,2,199,20,318.4,Online Transfer,Completed,,,
TXN006748,2022-03-02,CU0483,SP013,ST007,PR022,3,89,5,253.65,Online Transfer,Completed,,,
TXN002599,2022-12-19,CU0067,SP003,ST001,PR034,2,79,0,158,Debit Card,Completed,,,
TXN004826,2023-09-10,CU0016,SP014,ST009,PR032,1,69,15,58.65,Online Transfer,Returned,,,
TXN002505,2022-04-11,CU0503,SP013,ST002,PR007,1,699,0,699,Debit Card,Completed,,,
TXN001150,2024-05-15,CU0490,SP006,ST004,PR029,1,169,0,169,Credit Card,Completed,,,
TXN007526,2022-02-05,CU0088,SP004,ST006,PR025,2,65,0,130,Debit Card,Completed,,,
TXN006719,2022-08-16,CU0573,SP012,ST005,PR016,1,49,5,46.55,Debit Card,Returned,,,
TXN008367,2024-02-14,CU0352,SP005,ST002,PR011,2,499,0,998,Cash,Completed,,,
TXN006435,2022-05-17,CU0030,SP006,ST007,PR019,1,119,10,107.1,Debit Card,Completed,,,
TXN006515,2023-07-18,CU0566,SP002,ST011,PR030,2,149,5,283.1,Cash,Cancelled,,,
TXN004458,2023-09-01,CU0438,SP014,ST006,PR018,1,59,0,59,Cash,Completed,,,
TXN005271,2024-04-04,CU0004,SP010,ST004,PR031,2,399,0,798,Gift Card,Returned,,,
TXN007363,2022-04-01,CU0371,SP009,ST009,PR037,2,289,5,549.1,Debit Card,Completed,,,
TXN007051,2024-03-23,CU0399,SP003,ST006,PR024,1,45,5,42.75,Debit Card,Cancelled,,,
TXN005040,2023-09-21,CU0552,SP004,ST005,PR028,2,89,10,160.2,Cash,Cancelled,,,
TXN002412,2022-02-04,CU0408,SP009,ST009,PR001,1,999,10,899.1,Gift Card,Completed,,,
TXN001331,2023-01-26,CU0052,SP003,ST011,PR005,1,129,10,116.1,Credit Card,Cancelled,,,
TXN006126,2024-01-09,CU0571,SP013,ST008,PR021,1,24,10,21.6,Online Transfer,Cancelled,,,
TXN005505,2022-10-14,CU0530,,ST009,PR013,1,89,15,75.65,Credit Card,Completed,,,
TXN008353,2022-08-08,CU0606,SP008,ST006,PR021,2,24,10,43.2,Debit Card,Returned,,,
TXN005524,2024-05-21,CU0125,SP004,ST002,PR005,1,129,5,122.55,Credit Card,Completed,,,
TXN006805,2023-03-29,CU0592,SP014,ST007,PR029,1,169,0,169,Cash,Completed,,,
TXN006439,2024-06-11,CU0461,SP002,ST007,PR037,1,289,0,289,Debit Card,Completed,,,
TXN006765,2024-06-28,CU0048,SP006,ST008,PR010,1,199,0,199,Gift Card,Completed,,,
TXN001215,2023-04-04,CU0562,SP004,ST012,PR040,3,22,15,56.1,Debit Card,Completed,,,
TXN008345,2024-03-09,CU0560,SP008,ST004,PR039,2,28,20,44.8,Debit Card,Completed,,,
TXN006741,2022-09-09,CU0576,SP002,ST012,PR021,2,24,15,40.8,Debit Card,Returned,,,
TXN003108,2022-07-04,CU0577,SP012,ST002,PR019,1,119,0,119,Credit Card,Completed,,,
TXN008185,2023-06-07,CU0253,SP006,ST012,PR030,4,149,10,536.4,Online Transfer,Completed,,,
TXN001386,2023-06-16,CU0352,SP004,ST007,PR030,2,149,15,253.3,Debit Card,Completed,,,
TXN006865,2023-06-15,CU0599,SP007,ST008,PR020,2,159,0,318,Credit Card,Cancelled,,,
TXN007844,2023-09-25,CU0164,SP003,ST001,PR017,2,99,20,158.4,Online Transfer,Cancelled,,,
TXN005499,2022-09-25,CU0303,SP004,ST007,PR040,3,22,0,66,Gift Card,Completed,,,
TXN004101,2024-01-11,CU0532,SP008,ST002,PR035,1,49,15,41.65,Cash,Completed,,,
TXN000167,2023-11-18,CU0285,SP011,ST002,PR035,2,49,20,78.4,Online Transfer,Completed,,,
TXN002314,2024-04-18,CU0240,SP006,ST004,PR037,3,289,0,867,Cash,Completed,,,
TXN007945,2023-01-22,CU0306,SP010,ST009,PR012,1,29,15,24.65,Online Transfer,Cancelled,,,
TXN003151,2023-10-11,CU0459,SP012,ST001,PR009,2,379,0,758,Online Transfer,Cancelled,,,
TXN008225,2023-12-08,CU0115,SP013,ST006,PR011,1,499,0,499,Debit Card,Completed,,,
TXN007045,2023-12-21,CU0197,SP014,ST010,PR028,3,89,0,267,Debit Card,Completed,,,
TXN008787,2023-06-14,CU0384,SP010,ST011,PR040,2,22,0,44,Credit Card,Completed,,,
TXN000670,2024-02-18,CU0336,SP007,ST006,PR027,2,129,0,258,Online Transfer,Completed,,,
TXN008118,2023-09-12,CU0077,SP013,ST005,PR016,4,49,20,156.8,Gift Card,Completed,,,
TXN001308,2022-07-27,CU0094,SP011,ST007,PR016,1,49,15,41.65,Online Transfer,Completed,,,
TXN003474,2023-03-13,CU0103,SP006,ST004,PR011,1,499,0,499,Debit Card,Cancelled,,,
TXN007590,2022-08-18,CU0394,SP006,ST001,PR029,1,169,15,143.65,Cash,Completed,,,
TXN000268,2023-05-13,CU0346,SP010,ST007,PR016,2,49,5,93.1,Online Transfer,Completed,,,
TXN000611,2023-12-02,CU0380,SP001,ST012,PR025,3,65,10,175.5,Online Transfer,Completed,,,
TXN001522,2023-12-15,CU0146,SP002,ST006,PR003,1,549,10,494.1,Online Transfer,Returned,,,
TXN005519,2022-07-27,CU0114,SP007,ST002,PR026,2,189,5,359.1,Cash,Completed,,,
TXN004517,2023-04-27,CU0503,SP009,ST006,PR032,1,69,10,62.1,Online Transfer,Completed,,,
TXN005144,2024-01-17,CU0531,SP005,ST006,PR023,1,179,0,179,Cash,Returned,,,
TXN002888,2023-12-04,CU0059,SP004,ST003,PR018,2,59,0,118,Gift Card,Completed,,,
TXN005392,2023-01-11,CU0419,SP005,ST008,PR006,2,79,0,158,Debit Card,Completed,,,
TXN007418,2022-01-09,CU0145,SP012,ST009,PR011,1,499,0,499,Debit Card,Completed,,,
TXN008238,2024-02-15,CU0496,SP005,ST003,PR017,1,99,5,94.05,Credit Card,Completed,,,
TXN004529,2023-04-20,CU0158,SP007,ST011,PR026,1,189,0,189,Debit Card,Cancelled,,,
TXN006826,2022-01-05,CU0098,SP006,ST011,PR002,1,749,0,749,Debit Card,Completed,,,
TXN003594,2024-03-07,CU0560,SP015,ST007,PR038,1,39,5,37.05,Online Transfer,Completed,,,
TXN006733,2024-02-23,CU0007,SP005,ST003,PR014,1,139,15,118.15,Debit Card,Completed,,,
TXN001518,2022-01-08,CU0294,SP009,ST001,PR028,2,89,5,169.1,Debit Card,Completed,,,
TXN001771,2022-04-12,CU0308,SP014,ST005,PR028,1,89,0,89,Credit Card,Completed,,,
TXN006816,2023-02-23,CU0252,SP009,ST007,PR005,1,129,0,129,Debit Card,Completed,,,
TXN000862,2023-04-09,CU0023,SP007,ST010,PR017,1,99,10,89.1,Debit Card,Returned,,,
TXN007719,2022-11-12,CU0557,SP008,ST011,PR021,2,24,20,38.4,Credit Card,Returned,,,
TXN000564,2023-11-02,CU0018,SP006,ST011,PR035,1,49,0,49,Cash,Completed,,,
TXN006851,2023-09-02,CU0264,SP011,ST001,PR024,4,45,5,171,Cash,Completed,,,
TXN004405,2022-05-05,CU0079,SP013,ST009,PR037,2,289,20,462.4,Credit Card,Completed,,,
TXN003596,2023-01-01,CU0498,SP004,ST009,PR003,1,549,15,466.65,Credit Card,Completed,,,
TXN004456,2022-11-16,CU0175,SP007,ST012,PR034,1,79,0,79,Cash,Completed,,,
TXN008405,2023-10-21,CU0190,SP004,ST011,PR016,2,49,15,83.3,Debit Card,Returned,,,
TXN003950,2023-04-03,CU0151,SP011,ST010,PR007,1,699,5,664.05,Debit Card,Completed,,,
TXN004349,2024-06-12,CU0265,SP005,ST007,PR029,1,169,5,160.55,Online Transfer,Completed,,,
TXN007700,2023-10-28,CU0019,SP015,ST003,PR037,3,289,20,693.6,Cash,Cancelled,,,
TXN008300,2024-04-07,CU0289,SP013,ST008,PR013,3,89,0,267,Debit Card,Returned,,,
TXN008268,2023-10-01,CU0211,SP003,ST002,PR017,3,99,20,237.6,Online Transfer,Completed,,,
TXN006397,2022-01-01,CU0544,SP008,ST006,PR017,4,99,10,356.4,Cash,Completed,,,
TXN003702,2023-01-13,CU0255,SP003,ST004,PR021,1,24,0,24,Credit Card,Cancelled,,,
TXN007120,2024-06-17,CU0445,SP013,ST008,PR024,2,45,10,81,Credit Card,Cancelled,,,
TXN003610,2023-07-08,CU0101,SP004,ST011,PR030,1,149,0,149,Credit Card,Completed,,,
TXN008203,2022-03-15,CU0395,SP008,ST010,PR020,1,159,10,143.1,Gift Card,Completed,,,
TXN007455,2024-02-25,CU0522,SP002,ST011,PR023,3,179,0,537,Credit Card,Completed,,,
TXN004182,2024-03-03,CU0262,SP003,ST005,PR015,1,59,20,47.2,Debit Card,Returned,,,
TXN001959,2023-10-17,CU0140,SP013,ST005,PR032,3,69,10,186.3,Cash,Cancelled,,,
TXN004594,2024-05-15,CU0051,SP009,ST005,PR012,1,29,0,29,Debit Card,Completed,,,
TXN006071,2022-09-21,CU0384,SP013,ST009,PR005,1,129,5,122.55,Credit Card,Completed,,,
TXN005425,2023-06-23,CU0114,SP004,ST006,PR011,1,499,5,474.05,Credit Card,Completed,,,
TXN006066,2022-10-02,CU0070,SP011,ST011,PR018,1,59,0,59,Cash,Completed,,,
TXN007603,2022-06-16,CU0315,SP007,ST002,PR029,3,169,5,481.65,Online Transfer,Completed,,,
TXN005057,2024-06-26,CU0548,SP013,ST005,PR023,1,179,0,179,Cash,Cancelled,,,
TXN007714,2023-04-20,CU0557,SP002,ST012,PR021,2,24,5,45.6,Debit Card,Returned,,,
TXN002541,2022-05-17,CU0405,SP006,ST011,PR014,2,139,15,236.3,Credit Card,Completed,,,
TXN008361,2022-05-05,CU0055,SP014,ST011,PR028,1,89,5,84.55,Cash,Completed,,,
TXN006783,2023-01-31,CU0089,SP002,ST011,PR012,1,29,5,27.55,Credit Card,Completed,,,
TXN006581,2023-04-24,CU0362,SP010,ST010,PR013,2,89,5,169.1,Debit Card,Completed,,,
TXN000049,2023-03-04,CU0251,SP001,ST002,PR031,1,399,0,399,Debit Card,Cancelled,,,
TXN002260,2024-02-29,CU0601,SP002,ST004,PR034,2,79,5,150.1,Debit Card,Completed,,,
TXN007358,2023-11-26,CU0326,SP005,ST003,PR018,1,59,5,56.05,Cash,Completed,,,
TXN004116,2023-10-31,CU0203,SP014,ST002,PR011,2,499,10,898.2,Credit Card,Completed,,,
TXN003226,2022-02-16,CU0126,SP001,ST012,PR019,5,119,0,595,Gift Card,Cancelled,,,
TXN003294,2023-11-27,CU0088,SP012,ST008,PR024,2,45,0,90,Cash,Completed,,,
TXN001692,2023-03-16,CU0127,SP009,ST004,PR010,1,199,20,159.2,Cash,Cancelled,,,
TXN007826,2022-05-21,CU0272,SP004,ST009,PR012,1,29,0,29,Online Transfer,Completed,,,
TXN004798,2024-04-14,CU0044,SP012,ST011,PR003,1,549,5,521.55,Online Transfer,Completed,,,
TXN006470,2023-04-10,CU0087,SP015,ST009,PR014,2,139,0,278,Credit Card,Completed,,,
TXN007385,2022-10-10,,SP001,ST008,PR020,1,159,0,159,Online Transfer,Completed,,,
TXN001267,2024-04-14,CU0247,SP002,ST002,PR029,1,169,15,143.65,Credit Card,Completed,,,
TXN000236,2023-05-12,CU0085,SP009,ST011,PR012,3,29,0,87,Credit Card,Completed,,,
TXN008807,2024-06-17,CU0416,SP010,ST010,PR032,1,69,10,62.1,Cash,Completed,,,
TXN000805,2024-05-23,CU0052,SP014,ST001,PR038,3,39,5,111.15,Cash,Completed,,,
TXN001988,2022-09-12,CU0382,SP004,ST002,PR036,2,249,0,498,Cash,Cancelled,,,
TXN007453,2022-03-22,,SP010,ST012,PR023,2,179,0,358,Cash,Completed,,,
TXN002918,2023-10-02,CU0593,SP008,ST009,PR025,1,65,10,58.5,Credit Card,Completed,,,
TXN007086,2023-05-08,CU0282,SP004,ST011,PR023,1,179,5,170.05,Debit Card,Completed,,,
TXN002518,2023-12-31,CU0344,SP015,ST012,PR007,2,699,20,1118.4,Credit Card,Returned,,,
TXN005303,2022-01-27,CU0181,SP007,ST003,PR022,2,89,10,160.2,Gift Card,Completed,,,
TXN008458,2022-03-25,CU0176,SP008,ST010,PR005,1,129,0,129,Cash,Cancelled,,,
TXN008535,2024-05-23,CU0568,SP004,ST008,PR021,3,24,5,68.4,Debit Card,Cancelled,,,
TXN004795,2022-09-27,CU0523,SP005,ST008,PR030,1,149,10,134.1,Online Transfer,Completed,,,
TXN006038,2023-02-17,CU0122,SP008,ST001,PR005,1,129,15,109.65,Debit Card,Completed,,,
TXN008644,2023-01-18,CU0343,SP015,ST012,PR012,2,29,0,58,Debit Card,Completed,,,
TXN005500,2022-03-17,CU0077,SP012,ST001,PR024,1,45,0,45,Debit Card,Completed,,,
TXN006171,2022-10-09,CU0175,SP015,ST003,PR029,1,169,10,140.72,Debit Card,Cancelled,,,
TXN003979,2023-01-25,,SP011,ST008,PR018,3,59,5,168.15,Credit Card,Returned,,,
TXN004176,2023-03-18,CU0483,SP005,ST011,PR015,2,59,20,94.4,Debit Card,Completed,,,
TXN005496,2022-11-03,CU0106,SP002,ST001,PR014,1,139,20,111.2,Cash,Completed,,,
TXN007532,2023-10-04,CU0243,SP014,ST001,PR021,3,24,0,72,Cash,Completed,,,
TXN002825,2022-03-22,CU0377,SP010,ST004,PR004,1,299,10,269.1,Cash,Completed,,,
TXN000379,2023-08-07,CU0075,SP004,ST007,PR036,2,249,5,473.1,Cash,Cancelled,,,
TXN000352,2023-09-07,CU0436,SP003,ST011,PR028,2,89,5,169.1,Credit Card,Cancelled,,,
TXN005566,2024-04-16,CU0311,SP007,ST005,PR039,1,28,10,25.2,Debit Card,Completed,,,
TXN008763,2022-08-06,CU0210,SP003,ST010,PR029,2,169,20,270.4,Gift Card,Completed,,,
TXN003487,2024-03-29,CU0249,SP001,ST001,PR004,2,299,0,598,Credit Card,Completed,,,
TXN003572,2023-07-27,CU0475,SP014,ST004,PR034,3,79,15,201.45,Credit Card,Completed,,,
TXN006250,2024-06-14,CU0215,SP011,ST007,PR011,1,499,20,399.2,Online Transfer,Returned,,,
TXN004713,2023-07-03,CU0529,SP007,ST002,PR022,2,89,15,151.3,Credit Card,Completed,,,
TXN007283,2023-08-28,CU0435,SP005,ST011,PR003,2,549,10,988.2,Cash,Completed,,,
TXN000902,2023-02-03,CU0510,SP008,ST011,PR039,2,28,5,53.2,Online Transfer,Returned,,,
TXN008561,2023-05-09,CU0047,SP003,ST008,PR007,2,699,0,1398,Debit Card,Cancelled,,,
TXN005709,2022-03-20,CU0600,SP001,ST010,PR023,2,179,0,358,Cash,Completed,,,
TXN001764,2023-06-03,CU0122,SP006,ST010,PR038,1,39,0,39,Cash,Completed,,,
TXN001316,2023-11-22,CU0307,SP004,ST002,PR035,2,49,15,83.3,Cash,Completed,,,
TXN002068,2024-01-08,CU0023,SP013,ST002,PR035,1,49,15,41.65,Cash,Completed,,,
TXN007217,2022-06-04,CU0347,SP003,ST009,PR030,1,149,0,149,Cash,Completed,,,
TXN001957,2023-05-21,CU0586,SP013,ST001,PR019,2,119,5,226.1,Credit Card,Completed,,,
TXN004144,2022-02-03,CU0528,SP011,ST011,PR023,5,179,5,850.25,Online Transfer,Completed,,,
TXN003364,2024-01-23,CU0311,SP010,ST004,PR006,1,79,15,67.15,Debit Card,Completed,,,
TXN001446,2023-07-16,CU0368,SP009,ST004,PR030,1,149,5,141.55,Debit Card,Completed,,,
TXN000737,2024-06-11,CU0252,SP010,ST009,PR015,1,59,15,50.15,Credit Card,Completed,,,
TXN001314,2023-04-21,CU0113,SP015,ST011,PR024,1,45,20,36,Credit Card,Completed,,,
TXN001009,2022-07-09,CU0229,SP005,ST003,PR032,1,69,20,55.2,Gift Card,Returned,,,
TXN008291,2024-02-07,CU0455,SP013,ST002,PR014,1,139,20,111.2,Debit Card,Completed,,,
TXN006106,2023-10-27,CU0497,SP003,ST006,PR034,2,79,0,158,Credit Card,Completed,,,
TXN000232,2023-12-17,CU0403,SP012,ST001,PR012,2,29,5,55.1,Debit Card,Completed,,,
TXN001907,2023-04-04,CU0462,SP009,ST005,PR002,3,749,20,1797.6,Online Transfer,Completed,,,
TXN000710,2023-12-31,CU0602,SP002,ST002,PR025,2,65,0,130,Credit Card,Completed,,,
TXN004276,2022-09-16,CU0507,SP006,ST008,PR029,1,169,10,152.1,Credit Card,Completed,,,
TXN003414,2023-04-11,CU0059,SP008,ST011,PR034,2,79,5,150.1,Credit Card,Returned,,,
TXN005707,2022-04-21,CU0250,SP008,ST003,PR038,2,39,10,70.2,Cash,Completed,,,
TXN003814,2022-11-23,CU0124,SP001,ST009,PR019,4,119,20,380.8,Debit Card,Completed,,,
TXN008391,2023-06-14,CU0041,SP003,ST007,PR007,1,699,5,664.05,Gift Card,Completed,,,
TXN003588,2023-09-23,CU0321,SP009,ST002,PR024,4,45,10,162,Online Transfer,Returned,,,
TXN000617,2023-03-15,CU0107,SP003,ST005,PR031,2,399,0,798,Debit Card,Completed,,,
TXN007991,2024-02-15,CU0518,SP007,ST010,PR021,4,24,0,96,Debit Card,Cancelled,,,
TXN003218,2023-11-09,CU0070,SP011,ST012,PR019,4,119,20,380.8,Debit Card,Cancelled,,,
TXN006496,2022-07-13,CU0605,,ST012,PR006,1,79,20,63.2,Online Transfer,Completed,,,
TXN005088,2023-02-13,CU0093,SP008,ST009,PR001,2,999,10,1798.2,Debit Card,Completed,,,
TXN006576,2023-06-15,CU0245,SP010,ST006,PR030,2,149,15,253.3,Cash,Completed,,,
TXN007124,2023-06-08,CU0118,SP015,ST005,PR006,1,79,0,79,Credit Card,Completed,,,
TXN008590,2023-11-13,CU0446,SP011,ST010,PR023,2,179,10,322.2,Cash,Completed,,,
TXN005579,2023-12-13,CU0100,SP007,ST012,PR036,1,249,0,249,Debit Card,Completed,,,
TXN008514,2023-12-12,CU0258,SP005,ST010,PR030,1,149,15,126.65,Online Transfer,Completed,,,
TXN005769,2024-03-28,CU0253,SP011,ST006,PR034,2,79,20,126.4,Cash,Completed,,,
TXN004781,2023-10-12,CU0159,SP007,ST005,PR009,2,379,0,758,Online Transfer,Completed,,,
TXN004341,2023-10-06,CU0160,SP010,ST012,PR021,2,24,5,45.6,Debit Card,Completed,,,
TXN006260,2022-02-05,CU0144,SP015,ST011,PR015,1,59,0,59,Cash,Completed,,,
TXN002848,2023-04-21,CU0132,SP013,ST004,PR025,1,65,20,52,Debit Card,Completed,,,
TXN008130,2023-05-19,CU0534,SP014,ST008,PR024,1,45,5,42.75,Credit Card,Returned,,,
TXN002442,2023-03-09,CU0358,SP007,ST002,PR037,1,289,5,274.55,Online Transfer,Completed,,,
TXN000629,2022-05-16,CU0063,SP004,ST004,PR012,2,29,10,52.2,Debit Card,Completed,,,
TXN006346,2022-06-29,,SP004,ST010,PR002,2,749,0,1498,Debit Card,Completed,,,
TXN007394,2023-10-14,,SP003,ST008,PR021,2,24,0,48,Online Transfer,Cancelled,,,
TXN006869,2023-07-04,CU0599,SP004,ST011,PR030,2,149,10,268.2,Online Transfer,Cancelled,,,
TXN008421,2024-05-19,CU0425,SP003,ST009,PR024,1,45,15,38.25,Cash,Completed,,,
TXN001526,2022-02-17,CU0378,SP015,ST002,PR018,3,59,15,150.45,Cash,Returned,,,
TXN003197,2023-01-10,CU0173,SP008,ST005,PR025,3,65,0,195,Debit Card,Completed,,,
TXN006801,2023-09-27,CU0193,SP014,ST006,PR021,1,24,0,24,Debit Card,Returned,,,
TXN005813,2024-04-14,CU0460,SP003,ST005,PR028,2,89,0,178,Credit Card,Completed,,,
TXN002787,2024-03-23,CU0284,SP011,ST012,PR033,1,119,0,119,Gift Card,Cancelled,,,
TXN004816,2022-10-25,CU0560,SP004,ST002,PR036,3,249,0,747,Gift Card,Cancelled,,,
TXN003374,2022-08-04,CU0015,SP010,ST009,PR039,3,28,10,75.6,Online Transfer,Completed,,,
TXN008493,2023-11-24,CU0218,SP005,ST001,PR027,2,129,10,232.2,Debit Card,Completed,,,
TXN000624,2023-10-26,CU0538,SP008,ST003,PR021,1,24,0,24,Debit Card,Completed,,,
TXN003773,2024-03-28,CU0213,SP009,ST011,PR015,1,59,5,56.05,Debit Card,Cancelled,,,
TXN008764,2022-04-07,CU0552,SP004,ST004,PR018,3,59,20,141.6,Online Transfer,Completed,,,
TXN004495,2023-01-30,CU0339,SP001,ST011,PR012,1,29,5,27.55,Credit Card,Completed,,,
TXN002350,2023-09-20,CU0215,SP011,ST007,PR016,1,49,5,46.55,Credit Card,Completed,,,
TXN000785,2022-03-10,CU0198,SP013,ST005,PR029,1,169,0,169,Credit Card,Completed,,,
TXN006020,2023-08-19,CU0539,SP014,ST004,PR016,3,49,0,147,Debit Card,Completed,,,
TXN004603,2023-04-24,CU0012,SP012,ST006,PR005,1,129,0,129,Online Transfer,Completed,,,
TXN008968,2022-10-31,CU0508,SP007,ST011,PR022,2,89,10,160.2,Online Transfer,Completed,,,
TXN006876,2023-06-05,CU0065,SP015,ST003,PR012,2,29,0,58,Cash,Completed,,,
TXN004700,2023-02-02,CU0412,SP009,ST012,PR014,1,139,15,118.15,Credit Card,Completed,,,
TXN008489,2024-04-07,CU0584,SP005,ST007,PR017,4,99,5,376.2,Cash,Completed,,,
TXN001188,2024-05-05,CU0187,SP001,ST006,PR033,1,119,5,113.05,Cash,Cancelled,,,
TXN008749,2023-11-09,CU0479,SP005,ST003,PR023,4,179,0,716,Online Transfer,Completed,,,
TXN007599,2023-03-20,CU0516,SP009,ST008,PR024,1,45,20,36,Online Transfer,Cancelled,,,
TXN007467,2023-08-11,CU0081,SP012,ST008,PR026,3,189,15,481.95,Credit Card,Completed,,,
TXN000046,2022-03-09,CU0605,SP013,ST007,PR005,1,129,5,122.55,Cash,Completed,,,
TXN008574,2022-02-01,CU0343,SP004,ST008,PR034,2,79,5,150.1,Cash,Returned,,,
TXN004170,2023-09-30,CU0485,SP010,ST010,PR030,2,149,10,268.2,Debit Card,Returned,,,
TXN004991,2023-08-09,CU0070,SP005,ST002,PR003,1,549,0,549,Credit Card,Cancelled,,,
TXN007068,2022-09-03,CU0419,SP009,ST003,PR008,1,449,0,449,Debit Card,Completed,,,
TXN000937,2023-08-12,,SP004,ST012,PR006,1,79,10,71.1,Credit Card,Completed,,,
TXN003338,2024-04-14,CU0084,SP015,ST009,PR031,3,399,10,1077.3,Debit Card,Completed,,,
TXN001134,2022-04-26,CU0046,SP008,ST009,PR027,1,129,5,122.55,Online Transfer,Completed,,,
TXN004218,2023-03-23,CU0512,SP010,ST009,PR011,3,499,5,1422.15,Credit Card,Completed,,,
TXN000923,2023-04-30,CU0565,SP012,ST006,PR006,2,79,5,150.1,Debit Card,Returned,,,
TXN006393,2022-12-28,CU0530,SP004,ST008,PR012,1,29,10,26.1,Online Transfer,Cancelled,,,
TXN002118,2024-01-16,CU0356,SP007,ST012,PR040,4,22,20,70.4,Credit Card,Returned,,,
TXN003918,2022-08-17,CU0192,SP006,ST009,PR005,1,129,15,109.65,Debit Card,Returned,,,
TXN004551,2023-06-16,CU0299,SP001,ST012,PR033,2,119,0,238,Credit Card,Completed,,,
TXN008366,2022-03-07,CU0383,SP005,ST001,PR014,1,139,5,132.05,Cash,Returned,,,
TXN000342,2024-04-16,CU0333,SP005,ST004,PR024,3,45,10,121.5,Credit Card,Returned,,,
TXN002465,2022-06-15,CU0269,SP006,ST010,PR034,2,79,5,150.1,Debit Card,Completed,,,
TXN007105,2022-09-08,CU0579,SP004,ST004,PR027,1,129,0,129,Credit Card,Completed,,,
TXN008981,2022-10-15,CU0581,SP007,ST005,PR027,1,129,10,116.1,Debit Card,Cancelled,,,
TXN002836,2023-11-22,CU0328,SP015,ST003,PR039,1,28,0,28,Debit Card,Returned,,,
TXN005309,2022-12-11,CU0555,SP012,ST008,PR016,3,49,15,124.95,Cash,Completed,,,
TXN000697,2024-02-12,CU0173,SP006,ST001,PR006,1,79,15,67.15,Cash,Completed,,,
TXN007551,2023-12-02,CU0463,SP003,ST001,PR003,1,549,10,494.1,Debit Card,Completed,,,
TXN001454,2022-10-24,,SP014,ST012,PR027,1,129,10,116.1,Debit Card,Completed,,,
TXN005415,2023-11-16,CU0035,SP014,ST012,PR016,1,49,0,49,Online Transfer,Completed,,,
TXN008087,2023-03-23,CU0070,SP006,ST006,PR020,3,159,20,381.6,Cash,Cancelled,,,
TXN006737,2024-03-24,CU0263,SP001,ST009,PR022,2,89,10,160.2,Credit Card,Completed,,,
TXN005078,2022-10-20,CU0474,SP001,ST007,PR002,2,749,5,1423.1,Cash,Completed,,,
TXN003653,2023-06-24,CU0151,SP012,ST010,PR001,1,999,5,949.05,Cash,Completed,,,
TXN006351,2022-07-23,CU0498,SP007,ST009,PR007,1,699,0,699,Debit Card,Completed,,,
TXN000985,2023-04-22,CU0064,SP011,ST012,PR017,1,99,0,99,Credit Card,Completed,,,
TXN002074,2024-06-26,CU0424,SP015,ST003,PR018,4,59,10,212.4,Cash,Cancelled,,,
TXN006759,2022-12-13,CU0007,SP007,ST002,PR036,1,249,0,249,Credit Card,Cancelled,,,
TXN003788,2024-05-04,CU0269,SP010,ST004,PR028,2,89,0,178,Credit Card,Completed,,,
TXN002798,2023-01-29,CU0343,SP015,ST006,PR014,3,139,0,417,Gift Card,Completed,,,
TXN000456,2024-01-29,CU0524,SP012,ST012,PR003,1,549,0,549,Gift Card,Completed,,,
TXN007069,2023-08-24,CU0111,SP008,ST009,PR038,1,39,0,39,Credit Card,Completed,,,
TXN005714,2023-05-28,CU0418,SP009,ST008,PR024,1,45,5,42.75,Credit Card,Completed,,,
TXN004772,2022-08-30,CU0365,SP009,ST006,PR023,1,179,10,161.1,Credit Card,Completed,,,
TXN007762,2023-01-03,CU0312,SP014,ST002,PR027,1,129,10,116.1,Cash,Completed,,,
TXN007184,2022-12-27,CU0269,SP005,ST004,PR032,1,69,20,55.2,Online Transfer,Returned,,,
TXN000695,2024-03-10,CU0512,SP014,ST002,PR016,2,49,0,98,Debit Card,Completed,,,
TXN007698,2022-08-05,CU0447,SP008,ST004,PR022,2,89,0,178,Online Transfer,Cancelled,,,
TXN003783,2022-03-07,CU0406,SP009,ST009,PR016,1,49,10,44.1,Cash,Completed,,,
TXN002290,2024-05-20,CU0594,SP003,ST008,PR023,1,179,5,170.05,Cash,Returned,,,
TXN005141,2022-12-17,CU0007,SP008,ST007,PR013,2,89,0,178,Online Transfer,Returned,,,
TXN008250,2023-12-08,CU0548,SP011,ST005,PR020,4,159,10,572.4,Cash,Completed,,,
TXN001520,2024-04-24,CU0600,SP001,ST007,PR025,3,65,15,165.75,Debit Card,Returned,,,
TXN007147,2024-01-26,CU0121,SP010,ST011,PR037,3,289,5,823.65,Online Transfer,Completed,,,
TXN001288,2023-10-18,CU0454,SP004,ST012,PR026,3,189,20,453.6,Credit Card,Completed,,,
TXN002338,2022-03-29,CU0325,SP012,ST006,PR025,2,65,0,130,Online Transfer,Completed,,,
TXN000801,2022-07-29,CU0043,SP007,ST002,PR030,3,149,0,447,Cash,Completed,,,
TXN004990,2022-11-29,CU0126,SP014,ST002,PR002,1,749,15,636.65,Cash,Completed,,,
TXN007819,2022-03-03,CU0141,SP010,ST003,PR021,2,24,0,48,Cash,Completed,,,
TXN002277,2022-09-12,CU0092,SP009,ST001,PR037,2,289,0,578,Credit Card,Completed,,,
TXN003807,2022-12-29,CU0494,SP008,ST008,PR029,3,169,5,481.65,Cash,Completed,,,
TXN006046,2023-04-02,CU0435,SP011,ST012,PR029,1,169,5,160.55,Online Transfer,Returned,,,
TXN007009,2022-08-17,CU0419,SP009,ST009,PR002,1,749,10,674.1,Credit Card,Completed,,,
TXN000336,2023-07-30,CU0411,SP010,ST005,PR011,1,499,20,399.2,Cash,Cancelled,,,
TXN006272,2022-02-26,CU0066,SP005,ST003,PR005,1,129,0,129,Credit Card,Completed,,,
TXN007231,2023-04-25,CU0459,SP014,ST003,PR013,1,89,0,89,Cash,Completed,,,
TXN000043,2023-11-14,CU0152,SP012,ST007,PR018,1,59,5,56.05,Debit Card,Cancelled,,,
TXN002673,2023-10-09,CU0211,SP004,ST005,PR038,1,39,10,35.1,Gift Card,Returned,,,
TXN005975,2024-05-11,CU0447,SP006,ST007,PR017,1,99,5,94.05,Cash,Completed,,,
TXN006875,2022-11-20,,SP015,ST012,PR019,1,119,10,107.1,Credit Card,Cancelled,,,
TXN005728,2023-10-26,CU0227,SP007,ST006,PR039,2,28,0,56,Credit Card,Cancelled,,,
TXN007656,2022-07-17,CU0094,SP014,ST003,PR013,1,89,10,80.1,Online Transfer,Completed,,,
TXN003557,2023-01-27,CU0081,SP008,ST011,PR001,1,999,0,999,Credit Card,Completed,,,
TXN004077,2024-01-23,CU0432,SP006,ST009,PR007,1,699,15,594.15,Credit Card,Completed,,,
TXN006559,2024-03-08,CU0243,SP010,ST011,PR035,1,49,0,49,Online Transfer,Returned,,,
TXN003048,2024-05-27,CU0583,SP003,ST011,PR037,1,289,10,260.1,Cash,Completed,,,
TXN007303,2022-05-31,CU0065,SP007,ST004,PR017,1,99,0,99,Debit Card,Cancelled,,,
TXN007340,2023-02-16,CU0012,SP003,ST011,PR002,1,749,0,749,Cash,Completed,,,
TXN006161,2023-09-02,CU0266,SP012,ST006,PR023,3,179,0,537,Credit Card,Completed,,,
TXN001252,2022-10-11,CU0153,SP004,ST003,PR007,1,699,5,664.05,Credit Card,Completed,,,
TXN001160,2023-02-04,,SP002,ST003,PR014,3,139,0,417,Gift Card,Completed,,,
TXN002840,2024-01-03,CU0039,SP015,ST001,PR007,1,699,5,664.05,Credit Card,Completed,,,
TXN003065,2022-03-31,CU0513,,ST003,PR018,2,59,10,106.2,Cash,Completed,,,
TXN006186,2023-09-29,CU0555,SP002,ST012,PR005,1,129,20,103.2,Credit Card,Completed,,,
TXN005120,2023-09-17,CU0192,SP013,ST003,PR005,1,129,20,103.2,Debit Card,Completed,,,
TXN002357,2023-02-03,CU0401,SP005,ST010,PR021,1,24,15,20.4,Online Transfer,Completed,,,
TXN005878,2022-10-20,CU0382,SP003,ST002,PR026,2,189,0,378,Credit Card,Completed,,,
TXN001726,2022-09-19,CU0158,SP003,ST005,PR035,1,49,15,41.65,Debit Card,Completed,,,
TXN008209,2023-04-09,CU0543,SP009,ST001,PR006,1,79,10,71.1,Debit Card,Returned,,,
TXN005172,2023-06-01,CU0479,SP011,ST001,PR029,1,169,20,135.2,Debit Card,Completed,,,
TXN003741,2023-08-29,CU0208,SP001,ST010,PR034,3,79,0,237,Credit Card,Completed,,,
TXN005372,2023-08-26,CU0319,SP006,ST009,PR033,3,119,0,357,Debit Card,Completed,,,
TXN002911,2022-12-15,CU0347,,ST010,PR017,3,99,5,282.15,Credit Card,Cancelled,,,
TXN007457,2023-08-02,CU0507,SP007,ST008,PR016,1,49,0,49,Debit Card,Completed,,,
TXN008815,2024-01-03,CU0334,SP015,ST008,PR004,1,299,15,254.15,Online Transfer,Cancelled,,,
TXN004649,2022-01-08,CU0191,SP006,ST007,PR024,3,45,5,128.25,Credit Card,Completed,,,
TXN001595,2023-09-27,CU0194,SP003,ST005,PR029,1,169,0,169,Credit Card,Completed,,,
TXN007892,2022-10-30,CU0535,SP007,ST004,PR015,1,59,15,50.15,Cash,Completed,,,
TXN004364,2022-05-17,CU0233,SP001,ST011,PR022,3,89,10,240.3,Credit Card,Completed,,,
TXN005645,2023-09-01,CU0114,SP002,ST007,PR026,1,189,0,189,Credit Card,Completed,,,
TXN000294,2023-02-08,CU0550,SP013,ST009,PR021,2,24,20,38.4,Online Transfer,Completed,,,
TXN005175,2022-01-30,CU0084,SP003,ST003,PR023,1,179,15,152.15,Online Transfer,Completed,,,
TXN006772,2022-04-13,CU0429,SP015,ST008,PR026,2,189,20,302.4,Credit Card,Completed,,,
TXN007681,2023-11-26,CU0566,SP011,ST010,PR026,1,189,20,151.2,Debit Card,Completed,,,
TXN002525,2023-07-27,CU0296,SP003,ST011,PR029,2,169,0,338,Debit Card,Completed,,,
TXN001649,2023-09-30,CU0573,SP015,ST010,PR019,4,119,20,380.8,Online Transfer,Completed,,,
TXN007722,2024-06-16,CU0087,SP001,ST011,PR027,1,129,10,116.1,Credit Card,Completed,,,
TXN000784,2022-11-17,CU0098,SP007,ST003,PR026,1,189,10,170.1,Online Transfer,Completed,,,
TXN003700,2024-01-30,CU0204,SP012,ST005,PR013,2,89,0,178,Cash,Completed,,,
TXN004111,2023-03-27,CU0467,SP002,ST007,PR034,1,79,5,75.05,Cash,Cancelled,,,
TXN002466,2023-05-15,CU0569,SP010,ST006,PR011,1,499,0,499,Gift Card,Completed,,,
TXN006998,2022-10-09,,SP001,ST012,PR025,1,65,20,52,Cash,Completed,,,
TXN006035,2023-01-17,CU0280,SP015,ST005,PR033,3,119,15,303.45,Debit Card,Completed,,,
TXN006266,2022-01-30,CU0053,SP009,ST012,PR025,1,65,5,61.75,Online Transfer,Completed,,,
TXN001610,2023-11-24,CU0048,SP007,ST008,PR031,2,399,0,798,Online Transfer,Cancelled,,,
TXN007024,2022-02-26,CU0223,SP007,ST011,PR005,1,129,20,103.2,Credit Card,Completed,,,
TXN002723,2024-02-10,CU0464,SP007,ST007,PR013,2,89,0,178,Debit Card,Completed,,,
TXN008227,2024-04-30,CU0228,SP015,ST009,PR039,4,28,10,100.8,Online Transfer,Completed,,,
TXN005886,2024-05-28,CU0182,SP013,ST002,PR001,1,999,0,999,Debit Card,Completed,,,
TXN000908,2023-08-27,CU0065,,ST007,PR038,3,39,20,93.6,Online Transfer,Completed,,,
TXN005900,2024-04-11,CU0162,SP012,ST011,PR015,1,59,0,59,Credit Card,Cancelled,,,
TXN007829,2022-01-04,CU0161,SP014,ST004,PR036,1,249,5,236.55,Credit Card,Completed,,,
TXN003753,2022-08-21,CU0386,SP013,ST005,PR005,1,129,0,129,Cash,Cancelled,,,
TXN004770,2023-03-13,CU0263,SP015,ST009,PR016,1,49,0,49,Credit Card,Completed,,,
TXN001914,2023-03-12,CU0497,SP010,ST004,PR001,2,999,0,2171.04,Debit Card,Completed,,,
TXN004279,2022-02-12,CU0051,SP007,ST011,PR032,1,69,5,65.55,Credit Card,Completed,,,
TXN000210,2022-12-02,CU0287,SP014,ST003,PR035,4,49,10,176.4,Credit Card,Cancelled,,,
TXN003691,2023-11-26,CU0433,SP014,ST009,PR004,3,299,5,852.15,Credit Card,Returned,,,
TXN000307,2023-11-05,CU0388,SP010,ST012,PR014,2,139,5,264.1,Credit Card,Returned,,,
TXN006517,2023-02-21,CU0437,SP008,ST011,PR021,4,24,10,86.4,Credit Card,Completed,,,
TXN006791,2022-01-05,CU0377,SP010,ST001,PR011,1,499,5,474.05,Credit Card,Completed,,,
TXN001310,2022-10-06,CU0577,SP011,ST008,PR033,1,119,0,119,Credit Card,Returned,,,
TXN006354,2023-04-28,CU0281,SP014,ST005,PR013,1,89,20,71.2,Online Transfer,Completed,,,
TXN007868,2022-01-19,CU0382,SP004,ST005,PR010,1,199,10,179.1,Credit Card,Returned,,,
TXN007254,2022-10-24,CU0172,SP010,ST008,PR008,2,449,5,853.1,Debit Card,Completed,,,
TXN003780,2022-03-18,CU0494,SP012,ST002,PR033,2,119,0,238,Credit Card,Completed,,,
TXN004241,2022-07-16,CU0095,SP011,ST012,PR036,2,249,0,498,Credit Card,Completed,,,
TXN006990,2022-11-10,CU0432,SP015,ST007,PR008,1,449,5,426.55,Debit Card,Completed,,,
TXN005129,2024-03-01,CU0100,SP001,ST008,PR038,3,39,15,99.45,Debit Card,Returned,,,
TXN006708,2022-10-02,CU0379,SP005,ST004,PR039,1,28,10,25.2,Credit Card,Completed,,,
TXN001607,2023-03-31,CU0436,SP010,ST009,PR012,1,29,10,26.1,Cash,Completed,,,
TXN000810,2022-02-08,CU0477,SP007,ST003,PR039,2,28,0,56,Gift Card,Completed,,,
TXN000610,2022-05-22,CU0516,SP002,ST010,PR024,2,45,0,90,Credit Card,Cancelled,,,
TXN001432,2022-05-24,CU0081,SP004,ST012,PR017,3,99,10,267.3,Credit Card,Completed,,,
TXN000672,2023-05-11,CU0193,SP011,ST010,PR019,5,119,10,535.5,Debit Card,Completed,,,
TXN003670,2022-01-02,CU0002,SP003,ST007,PR027,1,129,10,116.1,Debit Card,Returned,,,
TXN005580,2024-04-22,CU0121,SP005,ST004,PR026,2,189,5,359.1,Debit Card,Returned,,,
TXN000096,2023-05-02,CU0316,SP001,ST011,PR039,2,28,0,56,Online Transfer,Completed,,,
TXN001387,2022-09-29,CU0011,SP013,ST010,PR009,1,379,10,341.1,Debit Card,Completed,,,
TXN007320,2023-06-16,CU0158,SP001,ST010,PR013,1,89,5,84.55,Debit Card,Completed,,,
TXN008851,2023-07-31,CU0340,SP014,ST006,PR016,1,49,20,39.2,Credit Card,Cancelled,,,
TXN003424,2022-08-20,CU0378,SP002,ST008,PR033,1,119,0,119,Credit Card,Completed,,,
TXN001396,2022-05-15,CU0045,SP007,ST008,PR014,1,139,10,125.1,Online Transfer,Completed,,,
TXN005006,2023-02-13,CU0210,SP013,ST006,PR033,3,119,0,357,Credit Card,Completed,,,
TXN008050,2023-06-11,CU0500,SP015,ST005,PR023,3,179,5,510.15,Credit Card,Completed,,,
TXN007035,2023-11-01,CU0157,SP007,ST001,PR009,1,379,5,360.05,Credit Card,Completed,,,
TXN005220,2023-01-18,CU0519,SP005,ST011,PR027,2,129,0,258,Online Transfer,Completed,,,
TXN008870,2022-12-04,CU0210,SP008,ST012,PR033,2,119,5,226.1,Gift Card,Completed,,,
TXN008918,2022-08-17,CU0039,SP015,ST006,PR010,1,199,20,159.2,Credit Card,Completed,,,
TXN005440,2023-01-17,CU0519,SP006,ST006,PR037,1,289,15,245.65,Cash,Completed,,,
TXN002691,2022-05-08,CU0163,SP004,ST011,PR002,1,749,20,599.2,Debit Card,Completed,,,
TXN000781,2024-04-06,CU0132,SP006,ST010,PR039,1,28,10,25.2,Credit Card,Completed,,,
TXN002018,2022-03-25,CU0175,SP003,ST009,PR008,1,449,15,381.65,Credit Card,Completed,,,
TXN007868,2022-01-19,CU0382,SP004,ST005,PR010,1,199,10,179.1,Credit Card,Returned,,,
TXN001572,2022-10-04,CU0171,SP012,ST002,PR004,1,299,5,284.05,Debit Card,Completed,,,
TXN003478,2022-04-10,CU0595,SP003,ST001,PR036,1,249,5,236.55,Credit Card,Completed,,,
TXN005178,2023-07-10,CU0266,SP011,ST011,PR024,3,45,10,121.5,Debit Card,Completed,,,
TXN000205,2022-05-26,CU0200,SP011,ST010,PR037,1,289,0,289,Credit Card,Completed,,,
TXN007637,2024-06-02,CU0431,SP009,ST005,PR022,3,89,15,226.95,Debit Card,Completed,,,
TXN008437,2022-07-16,CU0096,SP008,ST007,PR031,1,399,10,369.87,Cash,Completed,,,
TXN005390,2022-07-12,CU0129,SP013,ST011,PR012,1,29,10,26.1,Debit Card,Completed,,,
TXN001375,2022-07-01,CU0108,SP004,ST007,PR023,5,179,0,780.72,Credit Card,Completed,,,
TXN004488,2022-02-06,CU0252,SP006,ST012,PR031,1,399,0,399,Debit Card,Completed,,,
TXN004771,2022-05-24,CU0238,SP009,ST011,PR033,3,119,0,357,Debit Card,Cancelled,,,
TXN003600,2022-01-12,,SP013,ST007,PR035,2,49,15,83.3,Online Transfer,Cancelled,,,
TXN007982,2023-08-12,CU0129,SP013,ST009,PR018,3,59,15,150.45,Online Transfer,Completed,,,
TXN002163,2023-08-12,CU0557,SP007,ST012,PR025,4,65,5,247,Credit Card,Completed,,,
TXN008766,2022-09-20,CU0057,SP002,ST004,PR021,5,24,5,114,Debit Card,Completed,,,
TXN002153,2022-04-23,CU0342,SP011,ST005,PR021,4,24,5,91.2,Credit Card,Completed,,,
TXN003489,2022-01-06,CU0014,SP001,ST005,PR002,1,749,10,674.1,Debit Card,Cancelled,,,
TXN008418,2022-10-26,CU0076,SP010,ST010,PR004,1,299,5,284.05,Credit Card,Cancelled,,,
TXN006001,2022-06-26,CU0162,SP015,ST007,PR014,1,139,15,118.15,Cash,Completed,,,
TXN005274,2023-02-24,CU0063,SP002,ST004,PR020,2,159,10,286.2,Credit Card,Completed,,,
TXN001007,2022-04-02,CU0303,SP003,ST009,PR032,2,69,20,110.4,Debit Card,Completed,,,
TXN003511,2023-04-15,CU0136,SP006,ST007,PR040,1,22,5,20.9,Credit Card,Completed,,,
TXN001207,2023-09-18,CU0475,SP015,ST002,PR040,2,22,5,41.8,Credit Card,Completed,,,
TXN004804,2022-09-08,CU0306,SP014,ST002,PR023,1,179,20,143.2,Gift Card,Completed,,,
TXN005265,2024-02-25,CU0285,SP006,ST011,PR020,1,159,5,151.05,Cash,Completed,,,
TXN008018,2022-09-20,CU0221,SP013,ST010,PR032,2,69,15,117.3,Credit Card,Returned,,,
TXN003014,2022-04-14,CU0086,SP007,ST008,PR022,1,89,10,80.1,Debit Card,Returned,,,
TXN003823,2022-01-22,CU0242,SP014,ST009,PR023,3,179,5,510.15,Cash,Returned,,,
TXN007116,2023-11-09,CU0566,SP002,ST010,PR028,1,89,0,89,Cash,Completed,,,
TXN005293,2022-01-26,CU0122,SP003,ST007,PR036,1,249,10,224.1,Cash,Completed,,,
TXN001933,2024-01-08,CU0132,SP005,ST001,PR002,1,749,0,749,Debit Card,Completed,,,
TXN006692,2022-08-05,CU0290,SP001,ST012,PR017,3,99,5,282.15,Debit Card,Returned,,,
TXN007384,2022-06-18,CU0309,SP010,ST003,PR033,2,119,20,190.4,Debit Card,Completed,,,
TXN007187,2023-11-12,CU0092,SP009,ST007,PR029,3,169,20,405.6,Debit Card,Completed,,,
TXN000724,2022-07-12,CU0315,SP015,ST010,PR031,2,399,0,798,Cash,Completed,,,
TXN008885,2022-04-22,CU0371,SP012,ST005,PR030,1,149,5,141.55,Online Transfer,Returned,,,
TXN002126,2023-01-12,CU0548,SP011,ST003,PR036,1,249,0,249,Online Transfer,Completed,,,
TXN000775,2023-04-20,CU0476,SP008,ST003,PR007,2,699,10,1258.2,Online Transfer,Completed,,,
TXN001810,2023-02-07,CU0151,SP005,ST010,PR021,2,24,20,38.4,Online Transfer,Completed,,,
TXN005909,2024-01-08,CU0250,SP002,ST009,PR037,1,289,5,274.55,Cash,Completed,,,
TXN007946,2023-12-25,CU0201,SP009,ST002,PR034,2,79,10,142.2,Online Transfer,Returned,,,
TXN000089,2022-07-16,,SP013,ST005,PR021,2,24,10,43.2,Online Transfer,Completed,,,
TXN006334,2022-06-25,CU0087,SP002,ST001,PR028,1,89,5,84.55,Credit Card,Completed,,,
TXN004133,2022-08-29,CU0068,SP008,ST011,PR019,5,119,20,476,Online Transfer,Completed,,,
TXN003506,2023-08-14,CU0216,SP002,ST008,PR020,2,159,0,318,Debit Card,Cancelled,,,
TXN000891,2023-01-15,CU0242,SP008,ST008,PR038,1,39,0,39,Online Transfer,Completed,,,
TXN008846,2022-09-21,CU0009,SP001,ST007,PR022,2,89,10,160.2,Online Transfer,Completed,,,
TXN002603,2023-02-28,CU0468,SP005,ST006,PR018,2,59,0,118,Cash,Completed,,,
TXN006626,2023-07-20,CU0170,SP003,ST004,PR018,2,59,5,112.1,Gift Card,Cancelled,,,
TXN003229,2024-03-27,CU0492,SP012,ST004,PR033,1,119,5,113.05,Debit Card,Completed,,,
TXN000279,2022-10-25,CU0092,SP006,ST012,PR025,1,65,0,65,Credit Card,Completed,,,
TXN000114,2023-06-14,CU0169,SP006,ST012,PR040,2,22,0,44,Online Transfer,Cancelled,,,
TXN008857,2022-06-10,CU0366,SP012,ST009,PR010,1,199,15,169.15,Credit Card,Completed,,,
TXN006366,2023-11-03,CU0022,SP013,ST004,PR020,1,159,0,159,Debit Card,Cancelled,,,
TXN001552,2022-06-13,CU0455,SP007,ST004,PR037,1,289,0,289,Credit Card,Returned,,,
TXN004430,2023-01-21,CU0460,SP015,ST011,PR017,1,99,10,89.1,Cash,Completed,,,
TXN005255,2022-07-24,CU0159,SP013,ST003,PR021,1,24,5,22.8,Online Transfer,Cancelled,,,
TXN001174,2023-05-01,CU0527,SP015,ST002,PR034,1,79,0,79,Credit Card,Completed,,,
TXN003531,2022-07-22,CU0455,SP010,ST010,PR008,2,449,5,853.1,Cash,Completed,,,
TXN000339,2024-04-23,CU0119,SP001,ST011,PR017,2,99,5,188.1,Gift Card,Completed,,,
TXN005574,2022-11-13,CU0146,SP001,ST004,PR020,4,159,5,604.2,Cash,Completed,,,
TXN006169,2024-05-19,CU0044,SP009,ST010,PR029,1,169,15,143.65,Credit Card,Completed,,,
TXN004938,2022-08-22,CU0198,SP012,ST012,PR017,1,99,20,79.2,Debit Card,Completed,,,
TXN007142,2024-04-19,CU0160,SP006,ST009,PR022,1,89,10,80.1,Debit Card,Completed,,,
TXN006663,2022-03-14,CU0164,SP012,ST006,PR025,4,65,0,260,Credit Card,Cancelled,,,
TXN000646,2024-05-23,CU0457,SP012,ST004,PR009,1,379,10,341.1,Credit Card,Completed,,,
TXN003383,2022-09-21,CU0588,SP013,ST002,PR034,3,79,10,213.3,Credit Card,Cancelled,,,
TXN008228,2022-07-19,CU0522,SP014,ST012,PR031,2,399,15,678.3,Debit Card,Cancelled,,,
TXN001948,2023-03-22,CU0528,SP001,ST010,PR029,1,169,10,152.1,Debit Card,Completed,,,
TXN003475,2022-03-04,CU0412,SP004,ST004,PR005,1,129,0,129,Cash,Completed,,,
TXN006703,2023-04-07,CU0597,SP003,ST007,PR032,1,69,0,69,Gift Card,Completed,,,
TXN001565,2022-12-22,CU0552,SP011,ST004,PR006,2,79,5,150.1,Credit Card,Completed,,,
TXN005592,2023-01-04,CU0588,SP006,ST010,PR025,4,65,5,247,Credit Card,Completed,,,
TXN008278,2024-01-24,CU0366,SP005,ST010,PR027,1,129,5,122.55,Debit Card,Completed,,,
TXN002985,2022-08-24,CU0424,SP001,ST005,PR004,1,299,10,269.1,Credit Card,Cancelled,,,
TXN007022,2024-03-07,CU0352,SP012,ST011,PR030,2,149,10,268.2,Debit Card,Completed,,,
TXN008869,2024-06-25,CU0292,SP013,ST010,PR010,1,199,5,189.05,Cash,Completed,,,
TXN008143,2022-04-28,CU0091,SP008,ST011,PR007,2,699,10,1258.2,Credit Card,Completed,,,
TXN003261,2024-03-07,CU0071,SP002,ST007,PR029,2,169,10,304.2,Credit Card,Completed,,,
TXN007267,2023-12-15,CU0347,SP011,ST008,PR039,1,28,15,23.8,Gift Card,Completed,,,
TXN008387,2022-07-21,CU0551,SP011,ST005,PR005,3,129,0,387,Gift Card,Completed,,,
TXN002526,2024-03-17,CU0555,SP004,ST011,PR011,1,499,15,424.15,Cash,Returned,,,
TXN004543,2024-05-12,CU0482,SP013,ST012,PR020,2,159,15,270.3,Online Transfer,Completed,,,
TXN007983,2023-10-25,CU0037,SP001,ST006,PR013,1,89,10,80.1,Credit Card,Completed,,,
TXN008727,2023-05-19,CU0007,SP009,ST010,PR021,2,24,15,40.8,Debit Card,Returned,,,
TXN003113,2024-05-25,CU0481,SP004,ST001,PR011,1,499,15,424.15,Debit Card,Returned,,,
TXN000556,2022-09-04,CU0387,SP013,ST007,PR029,1,169,15,143.65,Credit Card,Completed,,,
TXN002175,2022-07-05,CU0325,SP005,ST005,PR038,1,39,0,39,Cash,Completed,,,
TXN006819,2024-05-20,CU0178,SP014,ST003,PR035,2,49,0,98,Debit Card,Completed,,,
TXN007349,2022-06-14,CU0016,SP012,ST010,PR032,1,69,0,69,Debit Card,Cancelled,,,
TXN007252,2022-05-09,CU0324,SP006,ST001,PR017,1,99,0,99,Credit Card,Cancelled,,,
TXN004702,2023-09-11,CU0288,SP005,ST005,PR003,1,549,0,549,Debit Card,Cancelled,,,
TXN000413,2024-04-08,CU0191,SP006,ST004,PR004,1,299,5,284.05,Debit Card,Completed,,,
TXN008014,2023-03-06,CU0058,SP011,ST006,PR026,3,189,0,567,Gift Card,Completed,,,
TXN004058,2023-03-26,CU0024,SP012,ST011,PR032,1,69,10,62.1,Online Transfer,Completed,,,
TXN006173,2023-06-04,CU0144,SP012,ST012,PR022,3,89,0,267,Cash,Cancelled,,,
TXN001418,2024-01-24,CU0530,SP005,ST010,PR031,3,399,20,957.6,Cash,Cancelled,,,
TXN003903,2022-04-28,CU0463,SP013,ST001,PR038,2,39,15,66.3,Credit Card,Completed,,,
TXN004092,2022-01-27,CU0062,SP001,ST012,PR025,1,65,15,55.25,Online Transfer,Completed,,,
TXN004805,2022-11-27,CU0068,SP008,ST008,PR013,2,89,10,160.2,Credit Card,Returned,,,
TXN004262,2024-06-22,CU0420,SP004,ST009,PR017,4,99,20,316.8,Debit Card,Completed,,,
TXN005070,2024-05-07,CU0412,SP001,ST012,PR007,2,699,0,1398,Online Transfer,Completed,,,
TXN001868,2024-02-09,CU0221,SP002,ST004,PR025,2,65,5,123.5,Gift Card,Completed,,,
TXN001790,2023-05-13,CU0080,SP009,ST008,PR005,1,129,10,116.1,Debit Card,Completed,,,
TXN007611,2023-08-12,CU0446,SP013,ST008,PR018,1,59,10,53.1,Cash,Completed,,,
TXN000678,2024-03-30,CU0553,,ST012,PR038,2,39,5,74.1,Cash,Completed,,,
TXN005789,2022-10-14,CU0277,SP010,ST002,PR009,1,379,0,379,Online Transfer,Completed,,,
TXN005247,2022-10-27,CU0245,SP011,ST008,PR037,1,289,5,274.55,Credit Card,Completed,,,
TXN000992,2023-10-15,CU0271,SP012,ST005,PR034,2,79,10,142.2,Online Transfer,Completed,,,
TXN007285,2023-12-05,CU0520,SP005,ST010,PR037,2,289,5,549.1,Debit Card,Completed,,,
TXN002879,2024-06-15,CU0521,SP009,ST001,PR016,4,49,10,176.4,Online Transfer,Completed,,,
TXN001381,2023-07-01,CU0175,SP010,ST006,PR024,1,45,5,42.75,Debit Card,Completed,,,
TXN006823,2023-05-02,CU0103,SP014,ST003,PR004,1,299,15,254.15,Debit Card,Returned,,,
TXN008777,2023-02-01,CU0043,SP003,ST011,PR021,2,24,10,43.2,Credit Card,Completed,,,
TXN005907,2022-01-23,CU0267,SP001,ST002,PR011,2,499,5,948.1,Debit Card,Cancelled,,,
TXN000927,2024-02-26,CU0127,SP003,ST010,PR011,2,499,0,998,Debit Card,Completed,,,
TXN004489,2024-04-15,CU0055,SP004,ST002,PR027,1,129,10,116.1,Debit Card,Completed,,,
TXN005776,2022-04-10,CU0357,SP010,ST008,PR007,2,699,0,1398,Credit Card,Cancelled,,,
TXN000219,2024-04-21,CU0013,SP008,ST011,PR022,3,89,0,267,Credit Card,Completed,,,
TXN005386,2023-02-09,CU0157,SP002,ST008,PR015,1,59,10,53.1,Cash,Completed,,,
TXN003272,2023-06-12,CU0579,SP009,ST009,PR007,1,699,10,629.1,Debit Card,Completed,,,
TXN004308,2024-03-15,CU0407,SP007,ST001,PR029,2,169,0,338,Online Transfer,Completed,,,
TXN008115,2023-03-13,CU0606,SP006,ST006,PR009,1,379,0,379,Credit Card,Completed,,,
TXN008776,2023-02-05,CU0421,SP011,ST004,PR012,2,29,0,58,Online Transfer,Completed,,,
TXN005963,2022-03-22,CU0338,SP014,ST008,PR004,1,299,20,239.2,Cash,Returned,,,
TXN008108,2024-03-16,CU0282,SP002,ST001,PR034,1,79,0,79,Cash,Completed,,,
TXN003524,2023-10-23,CU0587,SP014,ST005,PR019,1,119,0,119,Credit Card,Completed,,,
TXN003955,2023-01-31,CU0056,SP011,ST009,PR011,1,499,15,424.15,Gift Card,Completed,,,
TXN004631,2023-05-29,CU0546,SP006,ST009,PR034,1,79,0,79,Credit Card,Completed,,,
TXN006364,2022-02-04,CU0206,SP004,ST007,PR032,2,69,5,131.1,Credit Card,Completed,,,
TXN000981,2022-03-26,CU0042,SP014,ST007,PR015,3,59,10,159.3,Gift Card,Completed,,,
TXN007353,2023-12-09,CU0586,SP009,ST005,PR018,2,59,5,112.1,Gift Card,Cancelled,,,
TXN001133,2023-11-12,CU0274,SP001,ST010,PR017,3,99,5,282.15,Credit Card,Returned,,,
TXN005312,2024-01-17,CU0320,SP011,ST005,PR007,1,699,5,664.05,Gift Card,Completed,,,
TXN003221,2024-05-11,CU0121,SP003,ST008,PR031,2,399,15,678.3,Online Transfer,Completed,,,
TXN004692,2023-05-23,CU0405,SP001,ST003,PR020,1,159,20,127.2,Debit Card,Completed,,,
TXN002297,2024-06-28,CU0498,SP007,ST009,PR023,3,179,5,510.15,Credit Card,Completed,,,
TXN008172,2024-06-13,CU0519,SP007,ST009,PR026,2,189,10,340.2,Credit Card,Completed,,,
TXN000169,2023-05-30,CU0124,SP011,ST009,PR009,1,379,0,379,Cash,Cancelled,,,
TXN006284,2023-05-18,CU0328,SP006,ST007,PR015,1,59,10,53.1,Credit Card,Completed,,,
TXN003196,2023-05-04,CU0140,SP005,ST012,PR037,1,289,20,231.2,Credit Card,Completed,,,
TXN005703,2024-03-02,CU0280,SP012,ST001,PR010,1,199,20,159.2,Credit Card,Completed,,,
TXN001689,2022-11-06,CU0252,SP010,ST006,PR015,1,59,0,59,Gift Card,Completed,,,
TXN008821,2024-04-14,CU0487,SP005,ST011,PR028,3,89,5,253.65,Online Transfer,Completed,,,
TXN006931,2023-08-25,CU0359,SP005,ST008,PR003,1,549,5,521.55,Credit Card,Completed,,,
TXN002808,2023-05-31,CU0113,SP005,ST001,PR031,1,399,15,339.15,Cash,Returned,,,
TXN004874,2024-03-21,CU0107,SP012,ST007,PR038,1,39,5,37.05,Online Transfer,Cancelled,,,
TXN003895,2024-05-19,CU0025,SP003,ST007,PR039,1,28,5,26.6,Debit Card,Returned,,,
TXN008202,2024-04-16,CU0349,SP001,ST010,PR032,1,69,0,69,Cash,Completed,,,
TXN008137,2022-05-13,CU0240,SP011,ST005,PR040,1,22,15,18.7,Credit Card,Completed,,,
TXN001323,2024-05-29,CU0039,SP004,ST001,PR003,1,549,10,494.1,Debit Card,Completed,,,
TXN003180,2022-08-30,CU0415,SP005,ST010,PR003,2,549,5,1043.1,Cash,Completed,,,
TXN003238,2023-02-10,CU0238,SP010,ST002,PR016,1,49,10,44.1,Debit Card,Completed,,,
TXN007134,2023-08-04,CU0590,SP001,ST006,PR011,1,499,20,399.2,Cash,Completed,,,
TXN005128,2023-02-23,CU0420,SP002,ST010,PR002,1,749,5,711.55,Credit Card,Completed,,,
TXN002978,2023-11-01,,SP005,ST005,PR033,2,119,0,238,Credit Card,Returned,,,
TXN004647,2022-09-02,CU0486,SP001,ST009,PR018,1,59,0,59,Debit Card,Completed,,,
TXN006474,2022-12-20,CU0171,SP008,ST012,PR039,2,28,15,47.6,Debit Card,Completed,,,
TXN005544,2022-10-06,CU0057,SP009,ST006,PR006,1,79,10,71.1,Debit Card,Cancelled,,,
TXN005053,2022-10-25,CU0188,SP013,ST009,PR009,2,379,5,720.1,Online Transfer,Completed,,,
TXN008741,2022-02-07,CU0437,SP008,ST007,PR022,1,89,0,89,Debit Card,Completed,,,
TXN006776,2023-12-13,CU0138,,ST005,PR025,2,65,0,130,Credit Card,Cancelled,,,
TXN000522,2023-12-25,CU0040,SP007,ST002,PR038,2,39,5,74.1,Cash,Completed,,,
TXN006226,2022-05-07,CU0072,SP004,ST001,PR033,3,119,0,357,Online Transfer,Completed,,,
TXN001704,2023-04-24,CU0078,SP007,ST012,PR022,5,89,10,400.5,Credit Card,Cancelled,,,
TXN001514,2022-12-15,CU0543,SP003,ST012,PR006,1,79,0,79,Cash,Cancelled,,,
TXN000859,2024-06-21,CU0448,SP013,ST009,PR017,1,99,15,84.15,Online Transfer,Completed,,,
TXN000045,2024-01-17,CU0143,SP014,ST010,PR025,1,65,5,61.75,Online Transfer,Completed,,,
TXN005286,2024-03-20,CU0370,SP006,ST001,PR013,1,89,5,84.55,Credit Card,Completed,,,
TXN007688,2022-01-13,CU0532,SP004,ST009,PR026,1,189,20,151.2,Online Transfer,Completed,,,
TXN001635,2022-09-19,CU0082,SP012,ST009,PR033,2,119,5,226.1,Gift Card,Returned,,,
TXN003930,2024-05-03,CU0462,SP005,ST005,PR021,4,24,5,91.92,Cash,Completed,,,
TXN007990,2022-11-29,CU0081,SP007,ST011,PR010,2,199,5,378.1,Credit Card,Completed,,,
TXN005211,2023-05-02,CU0045,SP003,ST004,PR024,2,45,0,90,Cash,Completed,,,
TXN004682,2023-08-08,CU0007,SP003,ST012,PR022,5,89,5,422.75,Credit Card,Returned,,,
TXN004394,2024-06-08,CU0395,SP004,ST006,PR004,2,299,10,538.2,Credit Card,Completed,,,
TXN007436,2023-08-03,CU0328,SP001,ST006,PR013,2,89,10,160.2,Credit Card,Completed,,,
TXN002405,2022-03-23,CU0172,SP007,ST010,PR023,4,179,5,680.2,Debit Card,Completed,,,
TXN003480,2022-09-07,CU0329,SP001,ST007,PR038,3,39,20,93.6,Credit Card,Completed,,,
TXN001461,2024-02-01,CU0115,SP008,ST002,PR024,2,45,0,90,Credit Card,Completed,,,
TXN003304,2023-05-08,CU0404,SP007,ST012,PR040,2,22,10,39.6,Credit Card,Completed,,,
TXN003283,2024-06-25,CU0489,SP008,ST003,PR020,1,159,10,143.1,Credit Card,Completed,,,
TXN004933,2024-06-27,CU0298,SP001,ST011,PR004,1,299,0,299,Debit Card,Completed,,,
TXN008605,2024-06-15,CU0161,SP006,ST011,PR016,3,49,0,147,Credit Card,Completed,,,
TXN002494,2022-11-20,CU0451,SP014,ST001,PR039,2,28,20,44.8,Online Transfer,Completed,,,
TXN008463,2023-09-20,CU0165,SP012,ST011,PR017,4,99,0,396,Credit Card,Completed,,,
TXN008708,2022-03-19,CU0588,SP004,ST004,PR007,1,699,0,699,Debit Card,Completed,,,
TXN006130,2022-07-17,CU0088,SP014,ST004,PR017,3,99,0,297,Debit Card,Completed,,,
TXN003738,2023-03-21,CU0210,SP012,ST011,PR036,1,249,0,249,Debit Card,Completed,,,
TXN005486,2023-05-29,CU0261,SP010,ST008,PR022,3,89,5,253.65,Online Transfer,Completed,,,
TXN008407,2024-01-02,CU0407,SP006,ST005,PR038,1,39,10,35.1,Credit Card,Completed,,,
TXN008710,2023-06-27,CU0399,,ST007,PR008,2,449,0,898,Cash,Completed,,,
TXN004131,2023-01-02,CU0201,SP003,ST002,PR030,1,149,5,141.55,Debit Card,Completed,,,
TXN006223,2022-05-05,CU0294,SP012,ST011,PR019,1,119,5,113.05,Debit Card,Completed,,,
TXN008289,2023-06-17,CU0351,SP015,ST004,PR030,2,149,10,268.2,Debit Card,Completed,,,
TXN007760,2023-07-30,CU0490,,ST007,PR029,2,169,0,338,Online Transfer,Completed,,,
TXN007670,2023-09-11,CU0039,SP002,ST005,PR007,1,699,0,699,Debit Card,Completed,,,
TXN004479,2023-12-18,CU0260,SP009,ST003,PR006,2,79,10,142.2,Gift Card,Completed,,,
TXN002201,2023-02-01,,SP006,ST005,PR008,1,449,20,359.2,Cash,Completed,,,
TXN000258,2023-12-15,CU0395,SP015,ST007,PR030,1,149,0,149,Debit Card,Completed,,,
TXN000584,2023-09-04,CU0074,SP006,ST008,PR028,4,89,0,356,Cash,Completed,,,
TXN008054,2023-09-13,CU0474,SP002,ST004,PR026,1,189,0,189,Gift Card,Completed,,,
TXN005502,2024-05-29,CU0413,SP009,ST008,PR037,2,289,10,520.2,Gift Card,Completed,,,
TXN005844,2022-08-26,CU0350,SP001,ST009,PR022,1,89,10,80.1,Credit Card,Completed,,,
TXN002583,2022-08-09,CU0135,SP014,ST009,PR019,3,119,10,351.66,Debit Card,Completed,,,
TXN007482,2022-06-19,CU0019,SP005,ST009,PR029,1,169,15,143.65,Credit Card,Completed,,,
TXN001519,2022-01-16,CU0264,SP011,ST005,PR010,2,199,0,398,Gift Card,Completed,,,
TXN003235,2023-08-13,CU0480,SP002,ST008,PR019,3,119,5,377.14,Online Transfer,Completed,,,
TXN006973,2023-05-27,CU0107,SP008,ST005,PR009,2,379,15,644.3,Debit Card,Cancelled,,,
TXN005722,2023-06-16,CU0600,SP001,ST009,PR029,3,169,5,481.65,Credit Card,Completed,,,
TXN000189,2024-05-24,CU0443,SP014,ST007,PR014,1,139,10,125.1,Debit Card,Completed,,,
TXN003243,2023-12-10,CU0579,SP005,ST004,PR016,3,49,15,124.95,Online Transfer,Cancelled,,,
TXN007904,2023-07-11,CU0169,SP003,ST008,PR025,1,65,10,58.5,Debit Card,Completed,,,
TXN002150,2024-01-13,CU0216,SP011,ST005,PR011,2,499,15,848.3,Debit Card,Completed,,,
TXN003258,2023-06-12,CU0607,SP010,ST001,PR016,2,49,15,83.3,Credit Card,Completed,,,
TXN008384,2023-09-01,CU0041,SP008,ST004,PR010,1,199,10,179.1,Debit Card,Completed,,,
TXN002539,2022-10-07,CU0609,SP003,ST011,PR029,1,169,5,160.55,Online Transfer,Completed,,,
TXN006259,2023-03-03,CU0244,SP004,ST004,PR023,4,179,0,716,Debit Card,Completed,,,
TXN006371,2023-02-15,CU0052,SP012,ST008,PR009,2,379,20,606.4,Online Transfer,Completed,,,
TXN005829,2023-04-04,CU0062,SP013,ST002,PR016,1,49,0,49,Credit Card,Returned,,,
TXN005549,2022-07-27,CU0303,SP012,ST008,PR018,3,59,5,162.91,Cash,Completed,,,
TXN006057,2023-03-19,CU0391,SP005,ST012,PR039,1,28,20,22.4,Gift Card,Returned,,,
TXN001024,2024-01-13,CU0486,SP015,ST007,PR038,4,39,20,124.8,Cash,Completed,,,
TXN008139,2022-06-18,CU0104,SP006,ST009,PR026,2,189,5,359.1,Online Transfer,Completed,,,
TXN005578,2024-01-15,CU0305,SP008,ST001,PR019,4,119,20,380.8,Online Transfer,Completed,,,
TXN008753,2022-06-04,CU0509,SP007,ST002,PR018,1,59,0,59,Gift Card,Returned,,,
TXN004106,2024-03-11,CU0088,SP006,ST007,PR006,2,79,0,158,Debit Card,Returned,,,
TXN004998,2024-01-08,CU0449,SP001,ST009,PR036,3,249,0,747,Gift Card,Completed,,,
TXN003438,2022-11-21,CU0406,SP007,ST003,PR014,2,139,0,278,Gift Card,Completed,,,
TXN003676,2022-04-25,CU0052,SP007,ST007,PR006,1,79,0,79,Online Transfer,Completed,,,
TXN003207,2022-01-05,CU0595,SP004,ST006,PR006,1,79,10,71.1,Cash,Cancelled,,,
TXN007048,2023-04-12,CU0009,SP005,ST004,PR028,1,89,0,89,Online Transfer,Completed,,,
TXN000836,2022-01-12,CU0523,SP013,ST001,PR006,1,79,20,63.2,Debit Card,Completed,,,
TXN001703,2022-09-09,CU0159,SP003,ST007,PR040,2,22,0,44,Debit Card,Cancelled,,,
TXN003838,2023-04-09,CU0308,SP005,ST006,PR030,1,149,10,134.1,Cash,Completed,,,
TXN001759,2022-03-07,CU0495,SP001,ST011,PR037,1,289,0,289,Gift Card,Completed,,,
TXN002092,2024-06-04,CU0132,SP001,ST004,PR016,1,49,0,54.84,Online Transfer,Completed,,,
TXN002719,2022-04-01,CU0381,SP013,ST009,PR010,1,199,0,199,Credit Card,Completed,,,
TXN007623,2023-02-26,CU0120,SP011,ST010,PR035,1,49,0,49,Cash,Completed,,,
TXN001343,2022-12-14,CU0066,SP003,ST003,PR016,1,49,20,39.2,Debit Card,Returned,,,
TXN000078,2022-04-10,CU0366,SP007,ST006,PR003,1,549,0,549,Cash,Completed,,,
TXN004528,2023-09-04,CU0202,SP015,ST004,PR038,1,39,20,31.2,Credit Card,Returned,,,
TXN008780,2022-06-01,CU0106,SP009,ST010,PR023,1,179,0,179,Credit Card,Completed,,,
TXN005656,2024-04-18,CU0262,SP010,ST004,PR001,1,999,15,849.15,Debit Card,Completed,,,
TXN000370,2022-12-06,CU0516,SP002,ST009,PR033,1,119,20,95.2,Debit Card,Completed,,,
TXN001625,2023-06-15,CU0068,SP008,ST003,PR019,2,119,20,190.4,Cash,Completed,,,
TXN001961,2023-02-05,CU0377,SP015,ST007,PR028,3,89,5,253.65,Debit Card,Cancelled,,,
TXN003242,2023-03-26,CU0331,SP005,ST011,PR001,1,999,0,999,Cash,Completed,,,
TXN003247,2023-01-08,CU0161,SP010,ST006,PR002,1,749,10,674.1,Credit Card,Completed,,,
TXN003356,2022-04-25,CU0588,SP003,ST005,PR005,1,129,10,116.1,Online Transfer,Returned,,,
TXN007885,2022-09-11,CU0503,SP004,ST011,PR025,4,65,0,260,Cash,Completed,,,
TXN002814,2022-08-11,CU0413,SP014,ST009,PR031,3,399,0,1197,Debit Card,Completed,,,
TXN003392,2022-09-11,CU0420,SP003,ST008,PR020,3,159,10,429.3,Online Transfer,Completed,,,
TXN007390,2024-01-23,CU0564,SP001,ST009,PR024,4,45,10,162,Credit Card,Returned,,,
TXN002597,2024-03-20,CU0350,SP010,ST007,PR024,2,45,20,72,Online Transfer,Completed,,,
TXN006295,2022-02-05,CU0049,SP012,ST006,PR029,1,169,15,143.65,Cash,Completed,,,
TXN008719,2024-02-10,CU0313,SP007,ST009,PR018,1,59,15,50.15,Cash,Completed,,,
TXN002831,2022-12-26,CU0596,SP007,ST004,PR027,1,129,0,129,Debit Card,Completed,,,
TXN007028,2023-11-22,CU0160,SP012,ST004,PR037,1,289,15,245.65,Debit Card,Completed,,,
TXN008634,2022-12-26,CU0493,SP007,ST009,PR001,1,999,0,999,Cash,Completed,,,
TXN005279,2023-05-01,CU0210,SP011,ST011,PR017,2,99,20,158.4,Credit Card,Cancelled,,,
TXN006172,2024-04-02,CU0397,SP010,ST005,PR027,1,129,20,103.2,Credit Card,Completed,,,
TXN005582,2023-01-01,CU0489,SP010,ST005,PR025,1,65,10,58.5,Debit Card,Returned,,,
TXN003377,2024-06-05,CU0432,SP002,ST003,PR020,2,159,10,286.2,Online Transfer,Completed,,,
TXN002001,2024-01-12,CU0421,SP004,ST007,PR034,1,79,20,63.2,Cash,Cancelled,,,
TXN008600,2023-09-21,CU0331,SP014,ST005,PR030,3,149,0,447,Debit Card,Completed,,,
TXN006279,2022-05-07,CU0105,SP007,ST002,PR036,2,249,0,498,Gift Card,Completed,,,
TXN004296,2023-08-11,CU0214,SP003,ST001,PR028,1,89,0,89,Debit Card,Completed,,,
TXN007614,2023-04-25,CU0134,SP005,ST008,PR008,1,449,5,426.55,Debit Card,Returned,,,
TXN004536,2022-02-05,,SP003,ST009,PR038,2,39,0,78,Cash,Completed,,,
TXN005906,2024-06-03,CU0053,SP003,ST010,PR021,1,24,20,19.2,Debit Card,Cancelled,,,
TXN008765,2024-05-29,CU0241,SP009,ST002,PR019,4,119,5,452.2,Debit Card,Completed,,,
TXN000743,2023-04-16,CU0555,SP014,ST004,PR040,1,22,5,20.9,Debit Card,Returned,,,
TXN000653,2023-06-30,CU0206,SP013,ST010,PR038,3,39,20,93.6,Online Transfer,Completed,,,
TXN003300,2022-03-07,CU0223,SP014,ST005,PR011,2,499,5,948.1,Debit Card,Completed,,,
TXN005190,2024-01-20,,SP013,ST009,PR038,2,39,10,70.2,Cash,Cancelled,,,
TXN000450,2023-08-01,CU0331,SP013,ST010,PR007,2,699,5,1328.1,Cash,Completed,,,
TXN008799,2023-06-02,CU0557,SP012,ST005,PR006,1,79,20,63.2,Debit Card,Completed,,,
TXN001390,2024-06-14,CU0043,SP006,ST008,PR015,2,59,15,100.3,Cash,Cancelled,,,
TXN004685,2022-03-20,CU0488,SP007,ST003,PR009,2,379,5,720.1,Credit Card,Completed,,,
TXN006676,2023-08-22,CU0497,SP006,ST010,PR032,1,69,20,55.2,Credit Card,Completed,,,
TXN003005,2023-10-13,CU0590,SP012,ST012,PR001,1,999,0,999,Cash,Completed,,,
TXN005412,2024-03-28,CU0479,SP014,ST006,PR018,3,59,0,177,Cash,Completed,,,
TXN008999,2023-12-19,CU0193,SP013,ST010,PR010,1,199,10,179.1,Online Transfer,Returned,,,
TXN003231,2022-03-03,CU0331,SP004,ST010,PR031,1,399,20,319.2,Debit Card,Cancelled,,,
TXN004563,2022-11-30,CU0085,SP012,ST010,PR030,3,149,0,447,Credit Card,Cancelled,,,
TXN000703,2024-02-04,CU0373,SP013,ST005,PR020,1,159,0,159,Debit Card,Completed,,,
TXN000547,2023-06-20,CU0381,SP010,ST011,PR009,1,379,0,379,Gift Card,Completed,,,
TXN000058,2023-12-06,CU0129,SP004,ST003,PR040,1,22,0,22,Online Transfer,Returned,,,
TXN004461,2022-05-05,CU0301,SP015,ST007,PR034,2,79,5,150.1,Debit Card,Completed,,,
TXN006068,2024-01-07,CU0045,SP009,ST011,PR039,1,28,10,25.2,Debit Card,Completed,,,
TXN008358,2022-09-28,CU0227,SP002,ST001,PR006,2,79,10,142.2,Credit Card,Completed,,,
TXN006481,2023-04-18,CU0116,SP013,ST008,PR031,1,399,0,399,Debit Card,Completed,,,
TXN003112,2022-06-20,CU0534,SP005,ST002,PR001,1,999,0,999,Cash,Completed,,,
TXN007210,2023-08-24,CU0316,SP007,ST012,PR037,3,289,10,780.3,Credit Card,Completed,,,
TXN006483,2022-12-02,CU0340,SP009,ST001,PR034,3,79,5,225.15,Debit Card,Completed,,,
TXN001952,2022-05-08,CU0112,SP015,ST007,PR016,2,49,0,98,Gift Card,Completed,,,
TXN001317,2023-09-19,CU0289,SP007,ST011,PR020,1,159,5,151.05,Online Transfer,Completed,,,
TXN001592,2023-02-03,CU0295,SP002,ST012,PR010,1,199,10,179.1,Debit Card,Completed,,,
TXN002877,2024-01-08,CU0378,SP001,ST009,PR006,2,79,20,126.4,Cash,Completed,,,
TXN005297,2023-12-20,CU0554,SP001,ST008,PR012,2,29,0,58,Credit Card,Cancelled,,,
TXN002711,2023-10-02,CU0022,SP007,ST005,PR007,1,699,0,699,Cash,Returned,,,
TXN008244,2023-10-22,CU0484,,ST007,PR011,1,499,15,424.15,Debit Card,Completed,,,
TXN004737,2023-01-17,CU0192,SP001,ST003,PR006,1,79,20,63.2,Online Transfer,Completed,,,
TXN005221,2022-05-09,CU0290,SP008,ST004,PR034,3,79,10,213.3,Online Transfer,Completed,,,
TXN004454,2023-12-02,CU0132,SP012,ST009,PR016,4,49,10,176.4,Cash,Completed,,,
TXN007433,2023-09-18,CU0249,SP014,ST010,PR014,1,139,5,132.05,Gift Card,Completed,,,
TXN003086,2022-11-15,CU0533,SP006,ST006,PR031,1,399,0,399,Credit Card,Returned,,,
TXN004259,2023-08-19,CU0265,SP003,ST006,PR038,2,39,20,62.4,Credit Card,Completed,,,
TXN005372,2023-08-26,CU0319,SP006,ST009,PR033,3,119,0,357,Debit Card,Completed,,,
TXN008077,2023-02-05,CU0085,SP006,ST003,PR026,1,189,10,170.1,Debit Card,Returned,,,
TXN007236,2024-03-29,CU0151,SP005,ST004,PR015,2,59,0,118,Online Transfer,Completed,,,
TXN005205,2022-01-12,CU0296,SP011,ST003,PR033,3,119,20,285.6,Gift Card,Completed,,,
TXN006101,2024-06-19,CU0282,SP010,ST003,PR008,1,449,10,404.1,Cash,Cancelled,,,
TXN008840,2022-08-25,CU0484,SP010,ST011,PR035,1,49,20,39.2,Debit Card,Completed,,,
TXN008281,2022-05-11,CU0092,SP015,ST001,PR006,2,79,20,126.4,Online Transfer,Completed,,,
TXN004257,2022-12-09,CU0002,SP005,ST007,PR034,1,79,5,75.05,Debit Card,Completed,,,
TXN004036,2022-11-26,CU0559,SP011,ST005,PR016,3,49,0,147,Credit Card,Returned,,,
TXN008214,2022-04-23,CU0194,SP013,ST006,PR014,1,139,10,125.1,Credit Card,Completed,,,
TXN002124,2023-10-17,CU0578,SP006,ST012,PR011,1,499,10,449.1,Online Transfer,Completed,,,
TXN000960,2024-06-26,CU0609,SP009,ST011,PR024,5,45,10,202.5,Online Transfer,Cancelled,,,
TXN008779,2022-11-21,CU0364,SP007,ST005,PR030,1,149,0,149,Credit Card,Completed,,,
TXN002781,2022-03-05,CU0261,SP007,ST011,PR024,1,45,10,40.5,Credit Card,Returned,,,
TXN000681,2022-08-02,CU0609,SP002,ST001,PR031,1,399,10,359.1,Online Transfer,Completed,,,
TXN002563,2023-11-25,CU0211,SP010,ST011,PR040,1,22,20,17.6,Debit Card,Completed,,,
TXN000369,2022-01-09,CU0290,SP007,ST009,PR010,2,199,5,378.1,Cash,Completed,,,
TXN004730,2022-09-05,CU0304,SP005,ST007,PR027,1,129,0,129,Credit Card,Completed,,,
TXN001862,2022-10-16,CU0599,SP015,ST001,PR018,3,59,20,141.6,Credit Card,Completed,,,
TXN003031,2023-07-23,,SP012,ST006,PR039,1,28,15,23.8,Debit Card,Completed,,,
TXN004191,2023-04-26,CU0545,SP006,ST007,PR016,4,49,10,176.4,Credit Card,Completed,,,
TXN004694,2024-02-05,CU0091,SP001,ST011,PR033,2,119,5,226.1,Gift Card,Completed,,,
TXN001711,2023-08-25,CU0585,SP011,ST008,PR031,3,399,5,1137.15,Cash,Completed,,,
TXN007801,2022-09-15,CU0425,SP003,ST004,PR009,1,379,20,303.2,Cash,Completed,,,
TXN003801,2022-10-11,CU0080,SP014,ST003,PR024,5,45,5,213.75,Credit Card,Completed,,,
TXN007324,2023-09-15,CU0140,SP002,ST011,PR019,4,119,0,476,Debit Card,Completed,,,
TXN001741,2022-04-12,CU0455,SP004,ST012,PR001,1,999,20,799.2,Gift Card,Completed,,,
TXN004134,2023-08-11,CU0209,SP013,ST007,PR002,1,749,0,749,Gift Card,Returned,,,
TXN008735,2023-10-20,CU0322,SP014,ST002,PR028,4,89,10,320.4,Cash,Cancelled,,,
TXN006567,2024-05-21,CU0359,SP004,ST006,PR026,1,189,10,170.1,Credit Card,Cancelled,,,
TXN000144,2022-04-19,CU0105,SP014,ST009,PR003,1,549,0,549,Online Transfer,Completed,,,
TXN002254,2022-08-15,CU0493,SP004,ST005,PR017,2,99,0,198,Gift Card,Returned,,,
TXN002660,2022-11-12,CU0099,SP014,ST008,PR028,1,89,0,89,Online Transfer,Completed,,,
TXN003859,2023-11-23,CU0526,SP010,ST003,PR029,2,169,20,270.4,Debit Card,Completed,,,
TXN006134,2022-10-22,CU0542,SP015,ST001,PR031,1,399,10,359.1,Cash,Completed,,,
TXN002953,2024-05-06,CU0605,SP008,ST004,PR020,2,159,20,254.4,Credit Card,Completed,,,
TXN002006,2023-01-06,CU0373,SP007,ST010,PR021,2,24,5,45.6,Online Transfer,Completed,,,
TXN008713,2023-08-25,CU0454,SP003,ST012,PR031,1,399,0,399,Online Transfer,Completed,,,
TXN000460,2024-05-29,CU0127,SP007,ST003,PR026,1,189,0,189,Cash,Completed,,,
TXN002661,2024-04-16,CU0435,SP009,ST006,PR019,2,119,15,202.3,Cash,Returned,,,
TXN004130,2024-06-10,CU0018,SP002,ST012,PR031,1,399,5,379.05,Credit Card,Completed,,,
TXN002958,2023-11-26,CU0535,SP003,ST005,PR010,1,199,0,199,Cash,Completed,,,
TXN001963,2022-12-29,CU0527,SP004,ST011,PR031,1,399,0,399,Cash,Completed,,,
TXN001372,2022-12-30,CU0166,SP015,ST007,PR034,2,79,20,126.4,Credit Card,Cancelled,,,
TXN007199,2022-01-26,CU0268,SP001,ST003,PR024,3,45,10,121.5,Online Transfer,Completed,,,
TXN007648,2023-05-06,CU0310,SP004,ST001,PR017,4,99,5,376.2,Debit Card,Completed,,,
TXN003959,2024-01-16,CU0143,SP006,ST009,PR019,1,119,10,107.1,Debit Card,Returned,,,
TXN007857,2023-10-24,CU0119,SP007,ST005,PR025,3,65,0,195,Credit Card,Completed,,,
TXN000536,2024-06-01,CU0076,SP009,ST012,PR029,2,169,0,371.49,Cash,Completed,,,
TXN006892,2022-10-25,CU0410,SP006,ST009,PR014,1,139,15,118.15,Debit Card,Completed,,,
TXN005651,2022-06-08,CU0083,SP002,ST004,PR038,1,39,15,33.15,Credit Card,Returned,,,
TXN000744,2023-04-17,CU0455,SP007,ST008,PR017,1,99,10,89.1,Debit Card,Completed,,,
TXN006586,2022-10-19,CU0555,SP011,ST010,PR016,2,49,5,93.1,Cash,Completed,,,
TXN005327,2024-03-14,CU0128,SP002,ST001,PR029,2,169,5,321.1,Debit Card,Completed,,,
TXN008004,2024-05-31,CU0049,SP005,ST002,PR001,2,999,0,1998,Credit Card,Completed,,,
TXN005562,2022-07-12,,SP008,ST002,PR015,1,59,15,50.15,Online Transfer,Completed,,,
TXN004429,2022-09-07,CU0165,SP009,ST002,PR006,1,79,10,71.1,Cash,Completed,,,
TXN001433,2024-03-28,CU0008,SP011,ST006,PR023,5,179,10,805.5,Cash,Completed,,,
TXN005218,2022-08-05,CU0353,SP002,ST002,PR021,2,24,5,45.6,Debit Card,Completed,,,
TXN008237,2022-08-19,CU0199,SP004,ST005,PR020,1,159,5,151.05,Credit Card,Completed,,,
TXN004803,2023-11-13,CU0288,SP005,ST005,PR018,4,59,5,235.47,Cash,Completed,,,
TXN001048,2023-11-29,CU0409,SP011,ST003,PR028,2,89,5,169.1,Credit Card,Completed,,,
TXN002899,2023-06-17,CU0429,SP013,ST012,PR024,1,45,5,42.75,Credit Card,Returned,,,
TXN002042,2022-06-11,CU0251,SP013,ST006,PR001,1,999,10,899.1,Cash,Completed,,,
TXN004436,2024-01-09,CU0138,SP010,ST004,PR002,1,749,5,711.55,Online Transfer,Completed,,,
TXN008711,2022-12-29,CU0479,SP011,ST004,PR008,2,449,0,898,Cash,Completed,,,
TXN007355,2023-01-05,CU0168,SP014,ST010,PR028,1,89,15,75.65,Gift Card,Completed,,,
TXN005125,2023-04-10,CU0442,SP006,ST005,PR038,2,39,10,70.2,Online Transfer,Completed,,,
TXN001010,2023-09-30,CU0572,SP008,ST003,PR018,1,59,10,53.1,Credit Card,Cancelled,,,
TXN006620,2022-02-24,,SP004,ST002,PR001,2,999,5,1898.1,Online Transfer,Completed,,,
TXN001014,2023-02-20,CU0368,SP009,ST011,PR008,1,449,0,449,Debit Card,Returned,,,
TXN002347,2023-06-08,CU0176,SP013,ST002,PR002,1,749,15,636.65,Credit Card,Cancelled,,,
TXN008452,2022-10-26,CU0575,SP014,ST011,PR028,3,89,10,240.3,Credit Card,Completed,,,
TXN002898,2022-07-31,CU0326,SP012,ST005,PR011,2,499,10,898.2,Online Transfer,Cancelled,,,
TXN001464,2024-03-27,CU0185,SP007,ST010,PR002,1,749,10,674.1,Debit Card,Completed,,,
TXN006531,2022-04-24,CU0055,SP009,ST002,PR021,1,24,10,21.6,Credit Card,Completed,,,
TXN000165,2022-12-12,CU0487,SP014,ST012,PR034,1,79,0,79,Debit Card,Cancelled,,,
TXN001877,2023-05-04,CU0417,SP011,ST002,PR033,2,119,0,238,Credit Card,Completed,,,
TXN005244,2023-10-21,CU0204,SP010,ST011,PR035,1,49,5,46.55,Credit Card,Completed,,,
TXN001356,2023-11-01,CU0162,SP003,ST010,PR014,1,139,10,125.1,Credit Card,Completed,,,
TXN004173,2022-04-19,CU0290,SP008,ST006,PR003,2,549,5,1043.1,Credit Card,Completed,,,
TXN000550,2023-07-05,CU0097,SP001,ST010,PR021,1,24,5,22.8,Online Transfer,Completed,,,
TXN007244,2022-06-22,CU0109,SP013,ST003,PR017,5,99,5,470.25,Debit Card,Completed,,,
TXN006906,2022-08-03,CU0545,SP015,ST011,PR029,1,169,5,160.55,Debit Card,Completed,,,
TXN008017,2023-06-24,CU0201,SP007,ST009,PR017,2,99,0,198,Debit Card,Completed,,,
TXN004076,2022-01-21,CU0438,SP014,ST006,PR022,2,89,15,151.3,Cash,Completed,,,
TXN006102,2023-02-15,CU0418,SP014,ST007,PR032,1,69,5,65.55,Cash,Completed,,,
TXN000840,2022-07-17,CU0383,SP007,ST008,PR025,4,65,0,260,Gift Card,Returned,,,
TXN004122,2023-03-24,CU0241,SP007,ST011,PR035,1,49,5,46.55,Online Transfer,Completed,,,
TXN007168,2023-01-29,CU0240,SP005,ST003,PR024,1,45,5,42.75,Credit Card,Completed,,,
TXN001211,2024-06-04,CU0353,SP003,ST010,PR013,3,89,0,267,Cash,Completed,,,
TXN007150,2024-06-02,CU0016,SP007,ST011,PR006,1,79,0,79,Debit Card,Cancelled,,,
TXN001739,2023-12-15,CU0284,SP002,ST010,PR019,1,119,0,119,Online Transfer,Completed,,,
TXN003172,2022-10-09,CU0285,SP002,ST009,PR025,1,65,15,55.25,Online Transfer,Completed,,,
TXN006485,2022-07-04,CU0304,SP006,ST007,PR034,2,79,20,126.4,Credit Card,Completed,,,
TXN006302,2022-04-24,CU0008,SP001,ST006,PR019,1,119,5,113.05,Credit Card,Completed,,,
TXN008103,2023-09-04,CU0564,SP011,ST003,PR010,2,199,5,378.1,Online Transfer,Completed,,,
TXN007810,2024-06-17,CU0261,SP010,ST011,PR028,2,89,5,169.1,Cash,Completed,,,
TXN008205,2024-06-16,CU0494,SP013,ST001,PR011,1,499,15,424.15,Gift Card,Completed,,,
TXN008819,2023-11-25,CU0544,SP012,ST003,PR021,1,24,15,20.4,Cash,Completed,,,
TXN003518,2024-06-10,CU0539,SP005,ST003,PR014,1,139,5,132.05,Credit Card,Completed,,,
TXN008430,2024-04-11,CU0280,SP002,ST010,PR005,1,129,15,109.65,Credit Card,Completed,,,
TXN000072,2024-02-18,CU0533,SP013,ST008,PR032,1,69,10,62.1,Credit Card,Completed,,,
TXN005428,2023-12-27,CU0590,SP012,ST010,PR023,4,179,0,716,Online Transfer,Completed,,,
TXN000904,2024-06-15,CU0152,SP001,ST003,PR012,1,29,5,27.55,Cash,Returned,,,
TXN002004,2022-09-05,CU0374,SP014,ST001,PR032,2,69,20,110.4,Credit Card,Cancelled,,,
TXN001723,2024-01-21,CU0519,SP007,ST005,PR016,2,49,15,83.3,Debit Card,Completed,,,
TXN006593,2022-06-06,CU0454,SP012,ST004,PR008,1,449,15,381.65,Debit Card,Completed,,,
TXN002657,2022-02-07,CU0404,SP002,ST001,PR033,2,119,10,214.2,Debit Card,Completed,,,
TXN007136,2024-01-12,CU0398,SP002,ST012,PR010,1,199,5,189.05,Credit Card,Completed,,,
TXN004922,2024-06-14,CU0143,SP003,ST008,PR006,2,79,10,142.2,Online Transfer,Completed,,,
TXN007849,2022-01-28,CU0113,SP002,ST004,PR034,3,79,0,237,Debit Card,Returned,,,
TXN000122,2022-04-02,,SP004,ST003,PR018,2,59,0,118,Debit Card,Returned,,,
TXN000241,2024-01-12,CU0426,SP009,ST002,PR033,1,119,0,119,Gift Card,Returned,,,
TXN003813,2022-11-08,CU0262,SP002,ST011,PR008,1,449,15,381.65,Debit Card,Returned,,,
TXN003737,2023-05-23,CU0503,SP003,ST001,PR026,1,189,0,189,Cash,Completed,,,
TXN001865,2023-09-12,CU0189,SP015,ST012,PR026,1,189,0,189,Credit Card,Completed,,,
TXN007944,2024-05-03,CU0561,SP013,ST003,PR037,2,289,5,549.1,Debit Card,Cancelled,,,
TXN004962,2022-09-07,CU0330,SP006,ST005,PR016,1,49,0,49,Credit Card,Completed,,,
TXN006571,2023-12-17,CU0166,SP010,ST006,PR012,2,29,10,52.2,Online Transfer,Completed,,,
TXN007253,2023-10-21,CU0333,SP005,ST001,PR032,2,69,0,138,Gift Card,Completed,,,
TXN003296,2022-03-29,CU0332,SP010,ST006,PR006,2,79,0,158,Debit Card,Completed,,,
TXN008661,2022-03-07,CU0041,SP003,ST008,PR040,1,22,5,20.9,Credit Card,Completed,,,
TXN005264,2022-05-20,CU0375,SP012,ST002,PR026,1,189,0,189,Online Transfer,Completed,,,
TXN005929,2023-10-05,CU0065,SP014,ST006,PR002,2,749,0,1498,Credit Card,Completed,,,
TXN007757,2023-01-21,CU0002,SP003,ST001,PR016,1,49,20,39.2,Credit Card,Completed,,,
TXN006565,2024-02-28,CU0157,SP001,ST001,PR034,1,79,5,75.05,Credit Card,Returned,,,
TXN005176,2023-10-28,CU0574,SP002,ST001,PR030,1,149,5,141.55,Credit Card,Completed,,,
TXN000002,2024-01-23,CU0037,SP004,ST001,PR030,2,149,10,268.2,Online Transfer,Completed,,,
TXN003938,2023-08-16,CU0061,SP008,ST001,PR034,2,79,0,158,Credit Card,Completed,,,
TXN006731,2023-11-13,CU0316,SP007,ST001,PR020,2,159,0,318,Gift Card,Completed,,,
TXN007094,2022-08-12,CU0596,SP013,ST008,PR004,1,299,0,299,Debit Card,Completed,,,
TXN000151,2022-12-19,,SP005,ST009,PR025,1,65,10,58.5,Credit Card,Cancelled,,,
TXN006127,2023-09-14,CU0003,SP012,ST008,PR008,2,449,10,808.2,Credit Card,Completed,,,
TXN008639,2022-02-21,CU0354,SP008,ST005,PR036,1,249,0,249,Credit Card,Returned,,,
TXN004080,2022-05-21,CU0415,SP013,ST006,PR040,1,22,15,18.7,Credit Card,Completed,,,
TXN003793,2022-02-04,CU0091,SP004,ST007,PR021,2,24,0,48,Debit Card,Cancelled,,,
TXN008328,2022-09-12,CU0138,SP004,ST002,PR019,2,119,5,226.1,Credit Card,Completed,,,
TXN008243,2023-09-27,CU0313,SP013,ST009,PR010,1,199,20,159.2,Debit Card,Completed,,,
TXN006689,2022-06-01,CU0054,SP011,ST008,PR010,1,199,10,179.1,Gift Card,Completed,,,
TXN002922,2024-02-15,CU0226,SP011,ST012,PR008,3,449,5,1279.65,Credit Card,Completed,,,
TXN008023,2024-04-18,CU0372,SP009,ST012,PR011,1,499,5,474.05,Online Transfer,Returned,,,
TXN006610,2022-03-20,CU0076,SP014,ST012,PR010,2,199,0,398,Credit Card,Completed,,,
TXN000918,2022-03-06,CU0351,SP003,ST009,PR033,2,119,10,214.2,Online Transfer,Completed,,,
TXN006396,2022-06-29,CU0144,SP001,ST010,PR025,2,65,5,123.5,Debit Card,Completed,,,
TXN004559,2023-01-05,,SP002,ST003,PR034,3,79,0,237,Credit Card,Returned,,,
TXN005131,2023-08-30,CU0009,SP014,ST002,PR030,3,149,15,379.95,Credit Card,Returned,,,
TXN006709,2023-07-29,CU0119,SP008,ST012,PR023,3,179,0,537,Debit Card,Completed,,,
TXN002443,2023-12-24,CU0246,SP014,ST001,PR039,3,28,0,84,Debit Card,Completed,,,
TXN006136,2023-01-03,CU0167,SP008,ST006,PR029,1,169,0,169,Debit Card,Completed,,,
TXN008874,2023-07-12,CU0084,SP010,ST007,PR020,4,159,20,508.8,Gift Card,Completed,,,
TXN005983,2023-04-08,CU0587,SP015,ST006,PR039,1,28,20,22.4,Debit Card,Completed,,,
TXN005959,2024-05-26,CU0496,SP011,ST011,PR032,2,69,20,110.4,Online Transfer,Completed,,,
TXN005003,2024-05-06,CU0022,SP015,ST009,PR032,3,69,0,207,Credit Card,Completed,,,
TXN000293,2022-11-02,CU0102,SP006,ST002,PR029,3,169,15,430.95,Online Transfer,Completed,,,
TXN000508,2022-12-16,CU0084,SP007,ST007,PR022,1,89,10,80.1,Online Transfer,Completed,,,
TXN004857,2023-01-07,CU0098,SP007,ST004,PR012,1,29,0,29,Online Transfer,Returned,,,
TXN000265,2024-02-07,CU0197,SP005,ST007,PR020,4,159,0,636,Credit Card,Completed,,,
TXN008220,2024-02-03,CU0160,SP012,ST012,PR001,1,999,10,899.1,Debit Card,Returned,,,
TXN003914,2022-10-19,CU0302,SP015,ST012,PR013,2,89,10,160.2,Credit Card,Cancelled,,,
TXN006622,2024-05-27,CU0150,SP013,ST002,PR003,1,549,0,549,Credit Card,Completed,,,
TXN005706,2023-06-25,CU0112,SP004,ST004,PR030,3,149,0,437.29,Online Transfer,Completed,,,
TXN000947,2022-07-18,CU0314,SP012,ST007,PR013,2,89,20,142.4,Debit Card,Completed,,,
TXN008487,2022-08-04,CU0137,SP010,ST011,PR026,1,189,5,179.55,Online Transfer,Completed,,,
TXN001863,2022-06-18,CU0063,SP004,ST004,PR011,1,499,5,474.05,Credit Card,Completed,,,
TXN004278,2022-12-17,CU0044,SP004,ST012,PR015,1,59,0,59,Credit Card,Completed,,,
TXN000221,2023-03-16,CU0428,SP004,ST008,PR020,2,159,5,302.1,Online Transfer,Completed,,,
TXN004600,2022-08-04,CU0145,SP003,ST007,PR031,2,399,5,758.1,Credit Card,Completed,,,
TXN001092,2022-02-28,CU0202,SP015,ST001,PR024,5,45,0,225,Cash,Completed,,,
TXN008111,2023-09-17,CU0368,SP003,ST009,PR015,1,59,0,59,Cash,Cancelled,,,
TXN002136,2022-06-26,CU0149,SP003,ST009,PR014,1,139,0,139,Cash,Completed,,,
TXN005497,2023-02-03,,SP006,ST004,PR037,2,289,0,578,Debit Card,Returned,,,
TXN000204,2024-04-06,CU0211,SP007,ST003,PR034,1,79,0,79,Credit Card,Completed,,,
TXN004612,2022-10-23,CU0540,SP012,ST011,PR012,1,29,15,24.65,Cash,Completed,,,
TXN006029,2022-02-04,CU0022,SP011,ST010,PR037,1,289,15,245.65,Gift Card,Completed,,,
TXN000608,2024-05-29,CU0476,SP005,ST008,PR008,2,449,10,808.2,Debit Card,Completed,,,
TXN002945,2023-07-12,CU0581,SP014,ST004,PR012,1,29,0,29,Credit Card,Completed,,,
TXN001003,2022-11-02,CU0564,SP012,ST009,PR007,1,699,0,699,Cash,Completed,,,
TXN001856,2023-03-07,CU0240,SP008,ST005,PR018,4,59,0,236,Credit Card,Returned,,,
TXN004666,2023-07-12,CU0335,SP012,ST003,PR018,3,59,15,150.45,Online Transfer,Cancelled,,,
TXN001159,2022-06-05,CU0463,SP007,ST008,PR029,1,169,10,152.1,Debit Card,Completed,,,
TXN008035,2022-04-11,CU0338,SP005,ST011,PR023,2,179,20,286.4,Debit Card,Completed,,,
TXN005685,2022-02-23,CU0520,SP009,ST001,PR020,1,159,0,159,Debit Card,Completed,,,
TXN003400,2022-07-18,CU0363,SP005,ST011,PR036,2,249,15,423.3,Debit Card,Completed,,,
TXN002107,2023-09-25,CU0106,SP001,ST007,PR039,3,28,10,75.6,Debit Card,Completed,,,
TXN005223,2023-07-20,CU0180,SP011,ST002,PR003,1,549,10,441.03,Online Transfer,Completed,,,
TXN001272,2023-06-05,CU0350,SP003,ST007,PR025,1,65,5,61.75,Debit Card,Cancelled,,,
TXN001784,2024-06-15,CU0493,SP003,ST003,PR023,2,179,20,283.72,Credit Card,Completed,,,
TXN008755,2023-02-07,CU0246,SP015,ST006,PR001,2,999,10,1840.34,Credit Card,Cancelled,,,
TXN002659,2022-04-17,CU0373,SP006,ST011,PR020,1,159,10,143.1,Credit Card,Completed,,,
TXN002161,2023-01-17,CU0413,SP001,ST002,PR020,1,159,10,143.1,Credit Card,Completed,,,
TXN003709,2023-03-05,CU0208,SP015,ST012,PR027,4,129,10,464.4,Credit Card,Completed,,,
TXN004207,2023-07-17,CU0036,SP005,ST002,PR038,2,39,10,70.2,Cash,Completed,,,
TXN003011,2023-01-19,CU0220,SP003,ST005,PR029,2,169,0,338,Online Transfer,Completed,,,
TXN002961,2022-10-14,CU0218,SP012,ST004,PR038,2,39,20,62.4,Online Transfer,Cancelled,,,
TXN002166,2023-05-16,CU0132,SP003,ST009,PR023,1,179,0,179,Credit Card,Completed,,,
TXN004946,2023-08-09,CU0169,SP009,ST010,PR005,1,129,0,129,Cash,Completed,,,
TXN002066,2023-03-15,CU0386,SP014,ST005,PR022,3,89,10,240.3,Credit Card,Completed,,,
TXN006821,2023-10-09,CU0230,SP003,ST003,PR011,1,499,0,499,Debit Card,Completed,,,
TXN002456,2023-02-21,CU0550,SP004,ST004,PR013,1,89,5,84.55,Debit Card,Returned,,,
TXN004526,2023-07-06,CU0388,,ST003,PR030,1,149,0,149,Online Transfer,Completed,,,
TXN008812,2022-07-11,CU0070,SP003,ST002,PR002,1,749,10,674.1,Online Transfer,Completed,,,
TXN001664,2023-11-29,CU0392,SP007,ST003,PR031,2,399,0,798,Debit Card,Returned,,,
TXN007387,2022-09-07,CU0196,SP013,ST010,PR032,1,69,0,69,Online Transfer,Cancelled,,,
TXN006953,2023-10-23,CU0065,SP009,ST011,PR034,1,79,0,79,Online Transfer,Completed,,,
TXN006846,2022-08-04,CU0491,SP007,ST001,PR035,2,49,0,98,Cash,Returned,,,
TXN004206,2022-02-15,CU0537,,ST001,PR018,1,59,0,59,Cash,Returned,,,
TXN006220,2022-06-19,CU0316,SP013,ST011,PR026,1,189,0,189,Credit Card,Completed,,,
TXN001238,2022-01-15,CU0120,SP002,ST007,PR018,1,59,0,59,Credit Card,Completed,,,
TXN002586,2023-07-27,CU0093,SP010,ST005,PR025,3,65,0,195,Debit Card,Completed,,,
TXN000156,2023-04-10,CU0242,SP013,ST012,PR040,2,22,15,37.4,Credit Card,Completed,,,
TXN004836,2024-01-02,CU0161,SP010,ST011,PR033,1,119,10,107.1,Online Transfer,Completed,,,
TXN003913,2024-04-15,CU0418,SP004,ST006,PR020,1,159,15,135.15,Cash,Completed,,,
TXN002882,2022-02-04,CU0290,SP013,ST001,PR003,1,549,20,439.2,Debit Card,Completed,,,
TXN006563,2024-02-23,CU0063,SP011,ST001,PR015,2,59,20,94.4,Credit Card,Completed,,,
TXN004885,2022-03-28,CU0144,SP011,ST009,PR019,1,119,0,119,Cash,Cancelled,,,
TXN001742,2023-01-16,CU0543,SP015,ST002,PR021,2,24,5,45.6,Online Transfer,Completed,,,
TXN004063,2023-07-13,CU0027,SP004,ST008,PR023,4,179,0,744.79,Online Transfer,Completed,,,
TXN007931,2024-03-21,CU0224,SP010,ST012,PR007,1,699,10,629.1,Debit Card,Completed,,,
TXN003423,2022-01-30,CU0012,SP001,ST006,PR019,2,119,0,238,Credit Card,Returned,,,
TXN005489,2023-07-26,CU0034,SP007,ST005,PR027,3,129,5,367.65,Credit Card,Completed,,,
TXN008229,2023-11-06,CU0026,SP003,ST011,PR025,3,65,20,156,Online Transfer,Completed,,,
TXN002371,2024-03-28,CU0357,SP011,ST003,PR009,2,379,0,758,Debit Card,Returned,,,
TXN007528,2022-01-16,CU0520,SP002,ST004,PR030,2,149,0,298,Credit Card,Completed,,,
TXN006879,2023-12-07,CU0579,SP010,ST007,PR006,2,79,5,150.1,Cash,Returned,,,
TXN008427,2023-07-02,CU0314,SP013,ST001,PR029,1,169,0,169,Gift Card,Completed,,,
TXN004940,2024-01-13,CU0483,SP007,ST011,PR013,1,89,0,89,Credit Card,Completed,,,
TXN000320,2023-11-14,CU0491,SP011,ST005,PR006,1,79,10,71.1,Cash,Completed,,,
TXN003966,2024-05-17,CU0474,SP012,ST002,PR004,1,299,0,299,Debit Card,Cancelled,,,
TXN002451,2023-12-11,CU0294,SP008,ST001,PR016,1,49,0,49,Online Transfer,Completed,,,
TXN002397,2023-02-14,CU0146,SP007,ST010,PR001,2,999,0,1998,Cash,Completed,,,
TXN002849,2022-02-12,CU0488,SP004,ST001,PR014,1,139,5,132.05,Cash,Returned,,,
TXN008042,2022-07-24,CU0085,SP010,ST008,PR036,4,249,5,946.2,Gift Card,Completed,,,
TXN008908,2023-09-29,CU0180,SP012,ST003,PR027,2,129,10,232.2,Debit Card,Cancelled,,,
TXN004212,2023-04-07,CU0281,SP007,ST011,PR014,1,139,10,126.5,Online Transfer,Completed,,,
TXN001605,2023-08-14,CU0012,SP013,ST009,PR016,1,49,10,44.1,Online Transfer,Returned,,,
TXN008162,2023-06-03,CU0063,SP006,ST011,PR001,3,999,15,2547.45,Cash,Completed,,,
TXN008694,2022-04-05,CU0394,SP004,ST002,PR024,3,45,0,135,Debit Card,Completed,,,
TXN006285,2024-03-08,CU0396,SP004,ST002,PR033,3,119,0,357,Debit Card,Returned,,,
TXN004060,2024-04-23,CU0037,SP015,ST004,PR038,1,39,10,35.1,Cash,Cancelled,,,
TXN004630,2022-08-04,CU0208,SP003,ST008,PR002,1,749,20,599.2,Debit Card,Returned,,,
TXN008061,2022-06-24,CU0342,SP009,ST008,PR037,3,289,10,837.26,Credit Card,Completed,,,
TXN002023,2022-07-24,CU0173,SP010,ST008,PR040,1,22,5,20.9,Credit Card,Returned,,,
TXN003586,2024-05-07,CU0044,SP010,ST003,PR028,1,89,0,89,Debit Card,Completed,,,
TXN004357,2022-12-31,CU0560,SP015,ST003,PR039,3,28,0,84,Debit Card,Completed,,,
TXN005401,2022-12-22,CU0562,SP006,ST004,PR003,1,549,5,521.55,Cash,Returned,,,
TXN008133,2023-05-15,CU0022,SP012,ST009,PR005,1,129,5,122.55,Online Transfer,Completed,,,
TXN006437,2024-03-29,CU0122,SP001,ST001,PR036,2,249,0,498,Debit Card,Completed,,,
TXN005834,2023-05-05,,SP013,ST011,PR024,1,45,20,36,Debit Card,Completed,,,
TXN002690,2023-10-03,CU0381,SP007,ST001,PR034,3,79,0,237,Cash,Completed,,,
TXN003800,2022-08-25,CU0399,SP008,ST009,PR002,1,749,5,711.55,Credit Card,Completed,,,
TXN007070,2023-01-24,CU0084,SP006,ST009,PR025,2,65,10,117,Debit Card,Cancelled,,,
TXN008277,2024-06-12,CU0099,SP008,ST010,PR018,3,59,0,177,Debit Card,Completed,,,
TXN000075,2023-05-15,CU0583,SP011,ST008,PR027,2,129,20,206.4,Cash,Completed,,,
TXN007241,2022-11-09,CU0480,SP015,ST012,PR034,4,79,0,316,Credit Card,Completed,,,
TXN006784,2024-05-13,CU0599,SP004,ST010,PR007,2,699,0,1398,Credit Card,Returned,,,
TXN007488,2023-05-27,CU0476,SP008,ST004,PR002,1,749,0,749,Online Transfer,Completed,,,
TXN003340,2024-01-28,CU0236,SP007,ST006,PR023,1,179,5,170.05,Credit Card,Completed,,,
TXN006665,2022-03-26,CU0015,SP004,ST005,PR002,1,749,5,711.55,Debit Card,Completed,,,
TXN001804,2022-06-11,CU0253,SP014,ST011,PR022,2,89,10,160.2,Credit Card,Cancelled,,,
TXN008989,2022-05-01,CU0325,SP007,ST006,PR004,1,299,20,239.2,Online Transfer,Returned,,,
TXN000092,2023-02-11,CU0144,SP004,ST002,PR024,2,45,0,90,Online Transfer,Completed,,,
TXN008342,2023-04-23,CU0416,SP001,ST007,PR009,1,379,10,341.1,Credit Card,Cancelled,,,
TXN008769,2022-07-05,CU0278,SP005,ST004,PR015,2,59,5,112.1,Cash,Returned,,,
TXN002613,2024-02-03,CU0317,SP010,ST007,PR036,1,249,0,249,Online Transfer,Completed,,,
TXN002569,2024-02-05,CU0158,SP007,ST005,PR015,2,59,15,100.3,Cash,Completed,,,
TXN001828,2022-03-02,CU0493,SP002,ST012,PR036,2,249,0,498,Credit Card,Completed,,,
TXN001277,2023-05-23,CU0365,SP015,ST003,PR007,1,699,5,664.05,Debit Card,Completed,,,
TXN003583,2023-01-03,CU0297,SP002,ST003,PR002,2,749,0,1498,Cash,Completed,,,
TXN007511,2023-01-27,CU0505,SP004,ST010,PR030,1,149,5,141.55,Gift Card,Returned,,,
TXN003054,2022-03-25,CU0002,SP015,ST005,PR031,1,399,10,359.1,Online Transfer,Returned,,,
TXN003115,2022-01-14,CU0554,SP001,ST011,PR034,3,79,20,189.6,Cash,Returned,,,
TXN007135,2024-04-23,CU0566,SP012,ST008,PR018,1,59,0,59,Credit Card,Completed,,,
TXN002413,2023-10-14,CU0478,SP010,ST009,PR010,1,199,0,199,Gift Card,Completed,,,
TXN003952,2024-03-10,CU0157,SP005,ST012,PR010,1,199,5,189.05,Cash,Completed,,,
TXN001403,2024-03-08,CU0475,SP008,ST003,PR019,1,119,15,101.15,Cash,Completed,,,
TXN005122,2023-11-12,CU0511,SP008,ST010,PR011,1,499,0,499,Credit Card,Returned,,,
TXN008195,2022-04-01,CU0589,SP009,ST009,PR016,1,49,0,49,Debit Card,Completed,,,
TXN007075,2022-03-07,CU0440,SP003,ST009,PR023,3,179,5,510.15,Cash,Completed,,,
TXN007238,2024-01-31,CU0003,SP003,ST005,PR023,2,179,5,340.1,Online Transfer,Completed,,,
TXN004828,2023-02-17,CU0595,SP002,ST007,PR030,2,149,20,238.4,Cash,Cancelled,,,
TXN007235,2023-06-29,CU0249,SP015,ST007,PR006,1,79,10,71.1,Debit Card,Completed,,,
TXN008129,2022-07-03,CU0326,SP012,ST005,PR023,1,179,0,179,Credit Card,Completed,,,
TXN005920,2023-03-03,CU0607,SP011,ST005,PR029,2,169,0,338,Debit Card,Completed,,,
TXN007001,2022-09-07,CU0601,SP002,ST001,PR009,1,379,20,303.2,Debit Card,Completed,,,
TXN004129,2024-01-11,CU0398,SP009,ST001,PR039,1,28,0,31.97,Cash,Completed,,,
TXN005458,2022-08-10,CU0194,SP007,ST010,PR012,2,29,15,49.3,Credit Card,Cancelled,,,
TXN000290,2022-09-08,CU0247,,ST008,PR015,1,59,0,59,Debit Card,Completed,,,
TXN003582,2022-01-14,CU0126,SP004,ST010,PR031,1,399,15,339.15,Credit Card,Completed,,,
TXN000479,2022-04-17,CU0520,SP004,ST011,PR017,2,99,0,198,Credit Card,Completed,,,
TXN004701,2023-09-06,CU0130,SP009,ST005,PR031,3,399,0,1197,Debit Card,Returned,,,
TXN002532,2023-12-29,CU0509,SP012,ST011,PR021,1,24,10,21.6,Credit Card,Completed,,,
TXN007742,2024-05-03,CU0178,SP008,ST011,PR039,2,28,10,50.4,Cash,Completed,,,
TXN006145,2022-01-10,CU0555,SP006,ST011,PR006,1,79,0,79,Debit Card,Cancelled,,,
TXN000298,2023-12-13,CU0361,SP010,ST009,PR022,2,89,0,178,Credit Card,Completed,,,
TXN001566,2023-03-31,CU0403,SP006,ST010,PR025,1,65,0,65,Credit Card,Cancelled,,,
TXN004104,2023-12-21,CU0572,SP011,ST010,PR003,2,549,10,988.2,Online Transfer,Completed,,,
TXN000825,2024-02-10,CU0101,SP007,ST012,PR025,4,65,10,234,Debit Card,Cancelled,,,
TXN005025,2022-08-13,CU0002,SP015,ST001,PR024,1,45,0,45,Debit Card,Completed,,,
TXN004793,2023-03-18,CU0391,SP009,ST007,PR018,1,59,5,56.05,Online Transfer,Completed,,,
TXN006601,2023-03-30,CU0012,SP008,ST008,PR027,2,129,5,245.1,Debit Card,Completed,,,
TXN005297,2023-12-20,CU0554,SP001,ST008,PR012,2,29,0,58,Credit Card,Cancelled,,,
TXN002094,2023-02-28,CU0509,SP008,ST005,PR005,1,129,0,129,Credit Card,Completed,,,
TXN008754,2023-03-24,CU0436,SP012,ST006,PR004,1,299,10,269.1,Credit Card,Completed,,,
TXN001827,2022-03-04,CU0580,SP011,ST002,PR021,4,24,20,76.8,Online Transfer,Returned,,,
TXN001078,2024-01-18,CU0055,SP009,ST003,PR030,4,149,10,536.4,Debit Card,Completed,,,
TXN004338,2023-12-25,CU0229,SP014,ST011,PR032,1,69,10,62.1,Credit Card,Completed,,,
TXN005037,2022-09-05,CU0124,SP012,ST005,PR011,1,499,10,449.1,Online Transfer,Completed,,,
TXN003828,2022-10-09,CU0332,SP006,ST008,PR025,2,65,0,130,Debit Card,Returned,,,
TXN000088,2023-10-12,CU0423,SP005,ST005,PR027,1,129,20,103.2,Credit Card,Completed,,,
TXN000527,2022-04-09,CU0295,SP007,ST008,PR016,2,49,0,98,Gift Card,Completed,,,
TXN002273,2023-07-01,CU0410,SP010,ST008,PR039,2,28,20,44.8,Gift Card,Completed,,,
TXN006125,2022-02-01,CU0182,SP015,ST005,PR026,1,189,10,170.1,Cash,Completed,,,
TXN007516,2022-04-01,CU0224,SP003,ST007,PR025,1,65,10,58.5,Credit Card,Returned,,,
TXN006802,2022-02-04,CU0469,SP010,ST005,PR023,1,179,5,170.05,Gift Card,Completed,,,
TXN007408,2022-10-12,CU0101,SP002,ST002,PR026,1,189,0,189,Online Transfer,Completed,,,
TXN007333,2022-10-08,CU0190,SP014,ST003,PR022,3,89,20,213.6,Debit Card,Cancelled,,,
TXN000699,2023-06-30,CU0137,SP015,ST007,PR006,3,79,5,225.15,Gift Card,Completed,,,
TXN000489,2024-05-25,CU0508,SP001,ST007,PR018,1,59,0,59,Cash,Completed,,,
TXN004935,2024-05-03,CU0498,SP002,ST012,PR007,1,699,5,664.05,Debit Card,Completed,,,
TXN000079,2024-06-08,CU0346,SP003,ST001,PR023,1,179,10,161.1,Online Transfer,Completed,,,
TXN000847,2022-07-14,CU0371,SP012,ST009,PR023,1,179,10,161.1,Credit Card,Completed,,,
TXN005966,2023-04-07,CU0272,SP010,ST004,PR025,3,65,10,175.5,Credit Card,Returned,,,
TXN004214,2023-11-21,CU0073,SP013,ST002,PR004,1,299,5,284.05,Debit Card,Completed,,,
TXN004686,2022-05-12,CU0547,SP004,ST009,PR017,3,99,0,297,Debit Card,Completed,,,
TXN005642,2022-02-20,CU0265,SP001,ST012,PR021,5,24,0,120,Credit Card,Completed,,,
TXN004732,2024-04-01,CU0193,SP001,ST008,PR024,1,45,20,36,Online Transfer,Completed,,,
TXN006304,2023-05-02,CU0371,SP010,ST012,PR011,1,499,0,499,Credit Card,Completed,,,
TXN004882,2022-08-05,CU0035,SP004,ST003,PR034,1,79,15,70.15,Debit Card,Completed,,,
TXN006306,2022-07-26,CU0078,SP012,ST002,PR023,2,179,20,286.4,Debit Card,Completed,,,
TXN003719,2022-01-16,CU0190,SP008,ST009,PR018,2,59,0,118,Credit Card,Completed,,,
TXN004801,2022-03-30,CU0356,SP011,ST006,PR028,1,89,0,89,Debit Card,Completed,,,
TXN003393,2023-06-03,CU0127,SP010,ST011,PR034,2,79,15,134.3,Cash,Cancelled,,,
TXN003684,2024-02-23,CU0068,SP005,ST001,PR023,4,179,0,716,Online Transfer,Returned,,,
TXN001101,2024-04-23,,SP002,ST004,PR039,1,28,5,26.6,Gift Card,Completed,,,
TXN000246,2022-08-27,,SP013,ST002,PR016,3,49,0,147,Credit Card,Completed,,,
TXN002325,2023-11-15,CU0057,SP002,ST006,PR019,2,119,20,190.4,Cash,Completed,,,
TXN005723,2023-01-29,CU0263,SP014,ST001,PR038,1,39,0,39,Debit Card,Returned,,,
TXN003442,2022-02-04,CU0295,SP002,ST002,PR028,1,89,0,89,Cash,Completed,,,
TXN007909,2022-07-02,CU0461,SP014,ST008,PR009,1,379,5,360.05,Online Transfer,Completed,,,
TXN002780,2023-01-17,CU0593,SP010,ST008,PR031,1,399,0,399,Online Transfer,Completed,,,
TXN005296,2023-12-06,CU0146,SP010,ST007,PR020,2,159,5,302.1,Credit Card,Completed,,,
TXN004889,2023-08-01,CU0453,SP009,ST011,PR019,2,119,5,226.1,Gift Card,Completed,,,
TXN007159,2022-10-08,CU0154,SP002,ST010,PR032,1,69,0,69,Online Transfer,Completed,,,
TXN001120,2024-04-07,CU0509,SP015,ST007,PR032,2,69,10,124.2,Cash,Completed,,,
TXN000171,2024-05-30,CU0392,SP005,ST002,PR006,1,79,0,79,Credit Card,Completed,,,
TXN008157,2023-11-15,CU0488,SP009,ST006,PR040,1,22,10,19.8,Credit Card,Cancelled,,,
TXN001171,2023-11-02,CU0069,SP010,ST007,PR039,3,28,5,79.8,Cash,Completed,,,
TXN007222,2024-01-03,CU0521,SP002,ST005,PR039,1,28,0,28,Credit Card,Completed,,,
TXN006166,2024-05-28,CU0201,SP007,ST006,PR015,1,59,20,47.2,Cash,Returned,,,
TXN004387,2023-05-30,CU0230,SP007,ST005,PR016,2,49,10,88.2,Cash,Cancelled,,,
TXN001721,2022-07-17,CU0555,SP004,ST001,PR035,3,49,10,132.3,Debit Card,Completed,,,
TXN004200,2023-08-28,CU0591,SP007,ST001,PR016,2,49,0,98,Credit Card,Completed,,,
TXN003977,2022-07-03,CU0477,SP005,ST004,PR016,4,49,5,186.2,Debit Card,Returned,,,
TXN005034,2023-11-16,CU0180,SP006,ST006,PR036,1,249,0,249,Cash,Cancelled,,,
TXN007259,2022-04-19,CU0201,SP001,ST012,PR006,1,79,0,79,Credit Card,Returned,,,
TXN008088,2024-04-24,CU0287,SP006,ST011,PR004,1,299,0,299,Cash,Completed,,,
TXN006372,2024-03-29,CU0348,SP003,ST012,PR027,3,129,10,348.3,Credit Card,Completed,,,
TXN003224,2023-03-03,CU0543,SP006,ST006,PR024,5,45,0,225,Credit Card,Completed,,,
TXN001264,2023-07-01,CU0609,SP011,ST010,PR005,1,129,10,116.1,Credit Card,Completed,,,
TXN003273,2022-07-02,CU0425,SP013,ST003,PR039,1,28,0,28,Debit Card,Completed,,,
TXN002620,2023-05-30,CU0016,SP001,ST011,PR024,1,45,5,42.75,Debit Card,Cancelled,,,
TXN006539,2022-07-12,CU0019,SP001,ST009,PR032,2,69,0,138,Online Transfer,Returned,,,
TXN008305,2023-11-07,CU0255,SP002,ST006,PR007,3,699,0,2097,Debit Card,Completed,,,
TXN005898,2022-11-24,CU0209,SP015,ST009,PR021,1,24,5,22.8,Credit Card,Completed,,,
TXN005038,2023-03-04,CU0375,SP013,ST010,PR020,2,159,10,286.2,Cash,Completed,,,
TXN001795,2022-11-19,CU0328,SP012,ST010,PR024,1,45,10,40.5,Credit Card,Completed,,,
TXN004208,2022-11-29,CU0133,SP008,ST010,PR013,1,89,20,71.2,Credit Card,Completed,,,
TXN000758,2023-01-09,CU0197,SP009,ST005,PR040,3,22,0,66,Online Transfer,Completed,,,
TXN004311,2022-09-29,CU0392,SP015,ST003,PR037,1,289,5,274.55,Credit Card,Completed,,,
TXN006036,2024-02-04,CU0220,SP007,ST001,PR033,1,119,0,119,Debit Card,Returned,,,
TXN005623,2022-05-01,CU0520,SP014,ST001,PR013,1,89,0,89,Online Transfer,Completed,,,
TXN002850,2023-06-07,CU0087,SP011,ST012,PR032,3,69,0,207,Debit Card,Completed,,,
TXN003545,2022-09-13,CU0043,SP014,ST005,PR034,1,79,15,67.15,Credit Card,Completed,,,
TXN007853,2023-05-24,CU0091,SP001,ST002,PR019,2,119,0,238,Online Transfer,Completed,,,
TXN003237,2024-01-07,CU0408,SP003,ST003,PR035,1,49,0,49,Debit Card,Completed,,,
TXN007153,2023-09-27,CU0067,SP013,ST006,PR024,3,45,5,128.25,Gift Card,Completed,,,
TXN000887,2022-08-20,CU0445,SP008,ST005,PR016,2,49,10,88.2,Gift Card,Completed,,,
TXN005314,2023-06-21,CU0235,SP005,ST003,PR036,1,249,5,236.55,Credit Card,Cancelled,,,
TXN007642,2024-04-28,CU0049,SP012,ST006,PR018,1,59,0,59,Cash,Completed,,,
TXN008026,2023-11-02,CU0023,SP012,ST010,PR036,3,249,15,634.95,Cash,Completed,,,
TXN007046,2022-09-14,,SP013,ST005,PR021,1,24,10,21.6,Credit Card,Completed,,,
TXN002441,2023-01-21,CU0529,SP010,ST001,PR006,2,79,15,134.3,Credit Card,Completed,,,
TXN002300,2022-02-09,CU0425,SP001,ST010,PR031,2,399,10,718.2,Credit Card,Cancelled,,,
TXN006691,2023-05-31,CU0036,SP013,ST011,PR011,1,499,20,399.2,Credit Card,Returned,,,
TXN008873,2023-03-25,CU0270,SP007,ST009,PR014,1,139,0,139,Debit Card,Completed,,,
TXN003308,2022-06-30,CU0230,SP011,ST010,PR015,1,59,10,53.1,Cash,Completed,,,
TXN005256,2023-12-13,CU0164,SP007,ST006,PR017,1,99,0,99,Cash,Completed,,,
TXN003978,2022-07-25,CU0057,SP003,ST004,PR005,1,129,0,129,Cash,Completed,,,
TXN004353,2023-01-06,CU0156,SP003,ST005,PR006,3,79,0,237,Online Transfer,Completed,,,
TXN005896,2022-11-01,CU0128,SP010,ST009,PR022,1,89,0,89,Credit Card,Cancelled,,,
TXN003245,2022-04-29,CU0455,SP014,ST009,PR031,3,399,15,1017.45,Debit Card,Completed,,,
TXN003867,2023-07-15,,SP006,ST005,PR028,1,89,0,89,Cash,Completed,,,
TXN000565,2023-06-13,,SP011,ST007,PR019,2,119,0,238,Online Transfer,Completed,,,
TXN007215,2023-04-14,,SP004,ST004,PR036,2,249,15,431.29,Debit Card,Completed,,,
TXN002865,2023-11-05,CU0062,SP013,ST004,PR026,1,189,0,189,Credit Card,Cancelled,,,
TXN007914,2023-12-21,CU0353,SP005,ST012,PR006,1,79,10,71.1,Cash,Completed,,,
TXN004424,2023-07-22,CU0177,SP004,ST003,PR040,1,22,5,20.9,Credit Card,Returned,,,
TXN001805,2024-03-12,CU0225,SP004,ST007,PR035,2,49,0,98,Debit Card,Completed,,,
TXN007245,2022-08-31,CU0319,SP009,ST005,PR022,4,89,0,356,Debit Card,Completed,,,
TXN001917,2024-04-03,CU0196,SP015,ST001,PR023,2,179,10,322.2,Cash,Completed,,,
TXN000575,2022-11-27,CU0368,SP014,ST001,PR008,1,449,5,426.55,Credit Card,Completed,,,
TXN004853,2022-08-10,CU0026,SP010,ST001,PR028,1,89,5,84.55,Credit Card,Completed,,,
TXN001184,2022-01-31,CU0572,SP015,ST011,PR021,1,24,0,24,Online Transfer,Completed,,,
TXN003183,2023-01-07,CU0314,SP002,ST005,PR031,2,399,5,758.1,Online Transfer,Returned,,,
TXN008504,2024-02-14,CU0420,SP001,ST007,PR021,4,24,5,91.2,Online Transfer,Completed,,,
TXN005302,2022-06-13,CU0321,SP002,ST008,PR032,1,69,20,55.2,Debit Card,Completed,,,
TXN004846,2022-04-22,CU0093,SP008,ST004,PR015,2,59,10,106.2,Credit Card,Completed,,,
TXN002551,2024-01-31,CU0274,SP004,ST004,PR012,2,29,0,58,Debit Card,Completed,,,
TXN006963,2024-05-25,CU0177,SP011,ST009,PR018,3,59,10,159.3,Cash,Cancelled,,,
TXN008750,2023-03-26,CU0372,SP007,ST006,PR018,1,59,15,50.15,Debit Card,Completed,,,
TXN006889,2022-06-28,CU0105,SP006,ST008,PR032,1,69,0,69,Cash,Returned,,,
TXN002467,2023-12-12,CU0517,SP008,ST002,PR035,1,49,15,41.65,Debit Card,Completed,,,
TXN008449,2022-05-06,CU0255,SP004,ST002,PR012,1,29,10,26.1,Credit Card,Completed,,,
TXN007937,2023-07-20,CU0398,SP014,ST012,PR030,1,149,15,126.65,Credit Card,Completed,,,
TXN007947,2023-11-08,CU0139,SP005,ST010,PR005,1,129,5,122.55,Gift Card,Completed,,,
TXN008005,2023-04-23,CU0509,SP004,ST001,PR003,1,549,10,494.1,Debit Card,Completed,,,
TXN004379,2022-12-13,CU0289,SP003,ST004,PR020,5,159,5,755.25,Debit Card,Returned,,,
TXN008096,2022-03-16,CU0012,SP011,ST001,PR005,1,129,15,109.65,Online Transfer,Cancelled,,,
TXN004337,2023-09-30,CU0016,SP012,ST011,PR010,1,199,0,199,Credit Card,Completed,,,
TXN003236,2023-12-15,CU0584,SP012,ST010,PR037,2,289,0,578,Cash,Cancelled,,,
TXN008698,2022-06-18,CU0501,SP007,ST008,PR019,1,119,0,119,Credit Card,Completed,,,
TXN008703,2024-01-06,CU0451,SP012,ST002,PR037,2,289,5,549.1,Credit Card,Completed,,,
TXN004819,2023-05-19,CU0448,,ST008,PR016,2,49,5,93.1,Cash,Completed,,,
TXN008292,2022-05-14,CU0474,SP006,ST005,PR038,3,39,5,111.15,Credit Card,Completed,,,
TXN000728,2022-07-01,CU0234,SP006,ST007,PR003,1,549,0,549,Credit Card,Returned,,,
TXN004854,2022-02-10,CU0388,SP004,ST010,PR008,2,449,10,808.2,Online Transfer,Completed,,,
TXN006528,2023-12-27,CU0161,SP008,ST008,PR017,1,99,10,89.1,Online Transfer,Cancelled,,,
TXN004911,2022-09-13,CU0177,SP006,ST006,PR037,2,289,0,578,Cash,Completed,,,
TXN000849,2023-07-05,CU0261,SP010,ST002,PR013,3,89,15,226.95,Credit Card,Completed,,,
TXN005399,2024-04-05,CU0075,SP003,ST010,PR034,2,79,20,126.4,Credit Card,Completed,,,
TXN000119,2023-02-08,CU0109,SP014,ST006,PR008,1,449,10,404.1,Gift Card,Completed,,,
TXN002200,2023-07-01,CU0601,SP005,ST012,PR036,1,249,0,249,Debit Card,Completed,,,
TXN001425,2023-08-14,,SP014,ST001,PR030,2,149,20,238.4,Credit Card,Completed,,,
TXN003166,2023-02-17,CU0557,SP001,ST011,PR010,1,199,5,189.05,Cash,Completed,,,
TXN002105,2023-02-21,CU0443,SP004,ST012,PR033,1,119,5,113.05,Cash,Completed,,,
TXN003714,2024-05-15,CU0499,SP013,ST007,PR014,1,139,0,139,Debit Card,Returned,,,
TXN004277,2024-04-24,CU0201,SP004,ST004,PR032,3,69,15,175.95,Debit Card,Returned,,,
TXN004590,2022-03-20,CU0486,SP004,ST004,PR021,4,24,15,81.6,Cash,Completed,,,
TXN002936,2023-03-06,CU0495,SP002,ST006,PR034,2,79,0,158,Debit Card,Returned,,,
TXN007671,2024-03-06,CU0510,SP013,ST001,PR005,2,129,0,258,Credit Card,Completed,,,
TXN006555,2023-02-09,CU0491,SP009,ST005,PR040,1,22,10,19.8,Credit Card,Completed,,,
TXN000650,2023-08-11,CU0196,SP013,ST002,PR031,1,399,5,379.05,Online Transfer,Completed,,,
TXN006233,2022-10-01,CU0319,SP007,ST006,PR029,3,169,0,476.67,Cash,Completed,,,
TXN000856,2024-04-08,CU0098,SP004,ST007,PR011,1,499,0,499,Online Transfer,Completed,,,
TXN008276,2022-07-01,CU0303,SP009,ST004,PR006,2,79,0,158,Cash,Completed,,,
TXN004585,2022-12-16,CU0604,SP010,ST001,PR018,2,59,0,118,Credit Card,Completed,,,
TXN000464,2022-12-24,CU0538,SP007,ST009,PR004,1,299,5,284.05,Cash,Cancelled,,,
TXN007965,2024-01-16,CU0411,SP009,ST002,PR023,2,179,0,358,Debit Card,Cancelled,,,
TXN005158,2022-10-28,CU0329,SP004,ST012,PR008,1,449,10,404.1,Online Transfer,Completed,,,
TXN001787,2022-03-07,CU0009,SP005,ST001,PR024,1,45,10,40.5,Debit Card,Completed,,,
TXN005079,2022-11-16,CU0383,SP014,ST007,PR014,2,139,0,278,Online Transfer,Completed,,,
TXN008845,2023-05-12,CU0343,SP001,ST008,PR030,3,149,0,447,Online Transfer,Cancelled,,,
TXN005198,2023-09-04,,SP003,ST010,PR007,2,699,20,1118.4,Credit Card,Completed,,,
TXN005680,2022-11-03,CU0545,SP013,ST006,PR019,4,119,0,476,Debit Card,Completed,,,
TXN005762,2022-08-14,CU0393,SP014,ST002,PR001,1,999,10,899.1,Credit Card,Completed,,,
TXN004978,2022-02-24,CU0301,SP013,ST001,PR036,1,249,20,199.2,Cash,Cancelled,,,
TXN005996,2023-08-30,CU0334,SP008,ST009,PR006,1,79,10,71.1,Credit Card,Completed,,,
TXN007737,2023-06-11,CU0387,SP011,ST004,PR015,2,59,10,106.2,Online Transfer,Completed,,,
TXN005459,2022-06-29,CU0195,SP010,ST009,PR030,2,149,0,298,Credit Card,Completed,,,
TXN002255,2022-11-14,CU0184,SP003,ST005,PR031,3,399,0,1197,Debit Card,Completed,,,
TXN008201,2023-04-26,CU0381,SP001,ST011,PR015,1,59,0,59,Cash,Cancelled,,,
TXN002514,2024-02-01,CU0213,SP007,ST009,PR012,1,29,0,29,Debit Card,Cancelled,,,
TXN003890,2023-04-13,CU0354,SP013,ST007,PR014,1,139,10,125.1,Debit Card,Completed,,,
TXN004513,2024-01-25,CU0345,SP003,ST008,PR022,3,89,0,304.6,Credit Card,Cancelled,,,
TXN007414,2023-06-12,CU0068,SP014,ST006,PR034,1,79,0,79,Cash,Completed,,,
TXN004227,2022-09-27,,SP004,ST004,PR018,1,59,0,59,Online Transfer,Completed,,,
TXN003900,2022-11-08,CU0238,SP001,ST007,PR040,2,22,10,39.6,Credit Card,Completed,,,
TXN006699,2022-07-05,CU0375,SP006,ST009,PR014,1,139,10,125.1,Debit Card,Returned,,,
TXN006118,2023-08-05,CU0463,SP005,ST001,PR004,2,299,5,568.1,Debit Card,Returned,,,
TXN001016,2024-02-24,CU0542,SP006,ST010,PR016,4,49,0,196,Credit Card,Completed,,,
TXN000034,2023-02-26,CU0335,SP008,ST010,PR027,2,129,15,219.3,Debit Card,Completed,,,
TXN003941,2022-12-26,CU0055,SP010,ST003,PR032,2,69,0,138,Online Transfer,Completed,,,
TXN001674,2023-03-08,CU0498,SP013,ST007,PR040,1,22,10,19.8,Debit Card,Returned,,,
TXN006828,2023-10-21,CU0159,,ST012,PR026,2,189,5,359.1,Credit Card,Completed,,,
TXN007779,2023-04-08,CU0602,SP006,ST009,PR026,2,189,0,378,Debit Card,Returned,,,
TXN002349,2024-05-15,,SP005,ST003,PR023,1,179,0,179,Cash,Cancelled,,,
TXN006059,2022-02-08,CU0067,SP013,ST005,PR006,1,79,15,67.15,Gift Card,Cancelled,,,
TXN000436,2022-06-24,CU0072,SP003,ST003,PR016,2,49,0,98,Debit Card,Completed,,,
TXN003663,2022-11-29,CU0198,SP012,ST002,PR016,2,49,5,93.1,Credit Card,Completed,,,
TXN005944,2022-04-09,CU0535,SP002,ST012,PR034,2,79,0,158,Online Transfer,Completed,,,
TXN005217,2022-03-01,CU0317,SP002,ST001,PR030,2,149,0,298,Cash,Completed,,,
TXN008928,2022-03-25,CU0524,SP003,ST004,PR004,2,299,15,508.3,Credit Card,Cancelled,,,
TXN007781,2023-06-22,CU0226,SP002,ST008,PR021,4,24,10,86.4,Online Transfer,Completed,,,
TXN004648,2023-07-18,CU0377,SP004,ST008,PR005,1,129,0,129,Credit Card,Completed,,,
TXN007756,2022-01-18,CU0170,SP010,ST001,PR036,1,249,0,249,Cash,Completed,,,
TXN007631,2022-01-25,CU0427,SP015,ST004,PR040,3,22,0,66,Debit Card,Completed,,,
TXN003426,2022-06-22,CU0172,SP004,ST006,PR036,1,249,5,236.55,Debit Card,Completed,,,
TXN004775,2023-07-11,CU0114,SP003,ST006,PR021,2,24,10,43.2,Debit Card,Completed,,,
TXN003573,2023-10-14,CU0121,SP013,ST001,PR040,2,22,10,39.6,Debit Card,Completed,,,
TXN005179,2022-04-13,CU0054,SP009,ST002,PR001,1,999,10,899.1,Credit Card,Completed,,,
TXN007754,2022-06-19,CU0362,SP004,ST010,PR030,4,149,10,536.4,Online Transfer,Cancelled,,,
TXN008099,2022-02-21,CU0281,SP001,ST012,PR032,3,69,20,165.6,Gift Card,Cancelled,,,
TXN001668,2023-05-15,CU0572,SP008,ST001,PR025,1,65,0,65,Cash,Completed,,,
TXN000828,2023-12-02,CU0029,SP015,ST009,PR020,2,159,10,286.2,Cash,Completed,,,
TXN007886,2024-01-11,CU0461,SP012,ST001,PR001,2,999,5,1898.1,Debit Card,Completed,,,
TXN006072,2024-06-15,CU0517,,ST009,PR006,3,79,20,189.6,Debit Card,Completed,,,
TXN004879,2023-11-27,CU0579,SP002,ST004,PR003,1,549,20,439.2,Online Transfer,Completed,,,
TXN003170,2022-05-06,CU0159,SP003,ST012,PR024,1,45,0,45,Cash,Completed,,,
TXN001997,2022-10-07,CU0471,SP011,ST006,PR015,1,59,0,59,Debit Card,Completed,,,
TXN004681,2023-08-09,CU0055,SP014,ST005,PR014,2,139,0,278,Online Transfer,Completed,,,
TXN003765,2024-02-02,CU0314,SP004,ST010,PR024,1,45,10,40.5,Online Transfer,Completed,,,
TXN004323,2024-04-28,CU0389,SP011,ST001,PR040,2,22,0,44,Debit Card,Completed,,,
TXN008410,2024-05-11,CU0528,SP011,ST005,PR002,1,749,5,711.55,Cash,Completed,,,
TXN001819,2022-08-12,CU0114,SP001,ST002,PR039,1,28,5,26.6,Cash,Completed,,,
TXN008977,2022-06-09,CU0108,SP012,ST012,PR031,1,399,5,379.05,Debit Card,Completed,,,
TXN007102,2023-07-26,CU0404,SP001,ST003,PR031,3,399,0,1197,Credit Card,Completed,,,
TXN006251,2023-04-22,CU0230,SP011,ST007,PR002,1,749,20,599.2,Credit Card,Returned,,,
TXN001562,2024-05-23,CU0117,SP010,ST012,PR012,1,29,5,27.55,Cash,Completed,,,
TXN005811,2023-02-28,CU0457,SP007,ST002,PR038,1,39,10,35.1,Cash,Cancelled,,,
TXN003747,2022-03-02,CU0109,SP013,ST011,PR037,1,289,0,289,Credit Card,Completed,,,
TXN003775,2022-06-21,CU0234,SP008,ST001,PR010,2,199,20,318.4,Cash,Completed,,,
TXN001038,2023-11-22,CU0403,SP011,ST011,PR017,3,99,15,252.45,Gift Card,Completed,,,
TXN002073,2022-04-01,CU0049,SP008,ST004,PR034,3,79,5,225.15,Debit Card,Cancelled,,,
TXN006234,2022-02-22,CU0218,SP003,ST006,PR021,1,24,0,24,Cash,Completed,,,
TXN001209,2023-11-28,,SP008,ST005,PR037,3,289,0,867,Cash,Completed,,,
TXN008178,2023-03-29,CU0451,SP014,ST002,PR020,1,159,15,135.15,Debit Card,Returned,,,
TXN002760,2022-01-03,CU0554,SP015,ST005,PR006,2,79,5,150.1,Online Transfer,Completed,,,
TXN008359,2023-08-22,CU0495,SP001,ST007,PR006,2,79,5,150.1,Credit Card,Completed,,,
TXN004444,2022-02-03,CU0131,SP011,ST006,PR030,3,149,20,357.6,Cash,Completed,,,
TXN005816,2023-05-10,,SP004,ST004,PR027,3,129,0,387,Debit Card,Completed,,,
TXN003784,2022-01-15,CU0536,SP015,ST010,PR014,1,139,0,139,Debit Card,Completed,,,
TXN005153,2022-05-24,CU0085,SP014,ST011,PR036,2,249,0,498,Debit Card,Completed,,,
TXN007561,2023-01-31,CU0527,SP001,ST008,PR022,1,89,0,89,Credit Card,Completed,,,
TXN000372,2023-05-29,CU0536,SP015,ST006,PR020,1,159,5,151.05,Online Transfer,Returned,,,
TXN002823,2024-03-25,CU0591,SP004,ST007,PR027,4,129,0,516,Debit Card,Returned,,,
TXN008479,2023-12-06,CU0247,SP010,ST006,PR038,1,39,15,33.15,Credit Card,Completed,,,
TXN007298,2022-12-06,CU0035,SP012,ST005,PR023,1,179,5,170.05,Online Transfer,Cancelled,,,
TXN002592,2023-05-23,CU0570,SP006,ST007,PR008,1,449,15,370.13,Credit Card,Completed,,,
TXN002568,2022-01-06,CU0595,SP002,ST001,PR025,1,65,15,55.25,Cash,Completed,,,
TXN005833,2023-01-14,CU0336,SP015,ST004,PR036,2,249,0,498,Cash,Completed,,,
TXN007078,2023-07-31,CU0579,SP013,ST007,PR020,1,159,0,159,Credit Card,Completed,,,
TXN004226,2023-09-19,CU0427,SP015,ST002,PR027,1,129,15,109.65,Credit Card,Completed,,,
TXN000030,2022-10-11,CU0382,SP006,ST008,PR021,2,24,0,48,Debit Card,Completed,,,
TXN000493,2024-02-03,CU0244,SP003,ST001,PR014,1,139,5,132.05,Credit Card,Completed,,,
TXN008771,2023-12-08,CU0528,,ST002,PR007,1,699,10,629.1,Online Transfer,Completed,,,
TXN005693,2024-06-24,CU0148,SP006,ST011,PR037,2,289,5,549.1,Cash,Completed,,,
TXN003845,2024-03-25,CU0576,SP007,ST004,PR032,1,69,0,69,Credit Card,Returned,,,
TXN006884,2022-05-03,CU0057,SP009,ST008,PR036,1,249,0,249,Credit Card,Completed,,,
TXN003671,2024-05-14,CU0405,SP006,ST012,PR020,1,159,0,159,Debit Card,Completed,,,
TXN001457,2024-01-09,CU0585,SP006,ST004,PR019,2,119,0,235.49,Cash,Completed,,,
TXN008790,2022-02-06,CU0140,SP010,ST005,PR023,2,179,0,358,Credit Card,Completed,,,
TXN007782,2022-08-04,CU0267,SP007,ST009,PR005,1,129,5,122.55,Online Transfer,Cancelled,,,
TXN001976,2023-07-22,CU0359,SP006,ST005,PR017,1,99,10,89.1,Online Transfer,Completed,,,
TXN006978,2022-09-02,CU0239,SP014,ST005,PR023,1,179,10,161.1,Debit Card,Cancelled,,,
TXN006948,2024-04-06,CU0315,SP005,ST008,PR030,3,149,5,424.65,Cash,Completed,,,
TXN002537,2022-01-10,CU0608,SP014,ST001,PR020,3,159,10,429.3,Credit Card,Returned,,,
TXN001050,2022-06-21,CU0555,SP003,ST012,PR017,1,99,5,94.05,Debit Card,Cancelled,,,
TXN007852,2023-04-25,CU0591,SP014,ST005,PR002,2,749,10,1348.2,Debit Card,Cancelled,,,
TXN005479,2022-03-01,CU0522,SP010,ST007,PR016,1,49,5,46.55,Debit Card,Completed,,,
TXN007774,2022-08-14,CU0431,SP013,ST004,PR029,1,169,0,169,Cash,Completed,,,
TXN000354,2023-02-04,CU0490,SP014,ST002,PR006,1,79,5,75.05,Debit Card,Completed,,,
TXN001980,2024-02-19,CU0104,SP003,ST007,PR002,1,749,0,749,Online Transfer,Cancelled,,,
TXN002492,2023-04-10,CU0158,SP006,ST012,PR035,1,49,0,49,Debit Card,Completed,,,
TXN001749,2023-06-07,CU0400,SP003,ST007,PR034,1,79,5,75.05,Debit Card,Completed,,,
TXN006599,2023-11-20,CU0603,SP003,ST001,PR017,1,99,5,94.05,Credit Card,Completed,,,
TXN005883,2024-05-24,CU0414,SP010,ST002,PR028,2,89,10,160.2,Debit Card,Cancelled,,,
TXN004823,2023-04-23,CU0151,SP005,ST005,PR013,1,89,10,80.1,Debit Card,Completed,,,
TXN001018,2023-05-05,CU0002,SP001,ST011,PR035,1,49,10,44.1,Debit Card,Completed,,,
TXN002148,2022-12-14,CU0103,SP007,ST005,PR026,1,189,0,189,Cash,Cancelled,,,
TXN007842,2022-06-03,CU0489,SP012,ST008,PR024,2,45,5,85.5,Gift Card,Completed,,,
TXN006386,2022-07-23,CU0598,SP006,ST012,PR003,1,549,10,494.1,Gift Card,Completed,,,
TXN003962,2022-05-20,CU0521,SP005,ST005,PR020,1,159,0,159,Debit Card,Completed,,,
TXN005114,2024-01-28,CU0088,SP009,ST006,PR029,1,169,20,135.2,Online Transfer,Completed,,,
TXN005593,2022-03-13,CU0450,SP002,ST007,PR018,1,59,0,59,Credit Card,Completed,,,
TXN007093,2023-08-26,CU0126,SP010,ST005,PR040,2,22,10,39.6,Credit Card,Completed,,,
TXN005897,2022-06-02,CU0134,SP009,ST009,PR008,2,449,20,718.4,Cash,Cancelled,,,
TXN007041,2023-11-17,CU0030,SP013,ST011,PR036,1,249,5,236.55,Debit Card,Completed,,,
TXN004743,2023-07-17,CU0307,SP006,ST002,PR032,2,69,5,131.1,Cash,Completed,,,
TXN004398,2022-04-04,CU0195,SP015,ST001,PR031,3,399,10,1077.3,Debit Card,Completed,,,
TXN000799,2022-08-06,CU0008,SP015,ST011,PR031,1,399,15,339.15,Debit Card,Completed,,,
TXN004829,2024-06-09,CU0028,SP011,ST009,PR033,1,119,10,107.1,Online Transfer,Completed,,,
TXN008547,2024-04-20,CU0478,SP011,ST007,PR014,1,139,5,132.05,Cash,Cancelled,,,
TXN002050,2023-06-09,CU0277,SP007,ST004,PR010,1,199,15,169.15,Credit Card,Completed,,,
TXN003291,2024-06-09,CU0298,SP013,ST011,PR016,3,49,0,147,Credit Card,Completed,,,
TXN000875,2023-04-06,CU0144,SP011,ST005,PR018,1,59,0,59,Credit Card,Returned,,,
TXN007693,2023-10-05,CU0061,SP005,ST007,PR019,1,119,5,113.05,Credit Card,Completed,,,
TXN007587,2024-04-15,CU0059,SP013,ST006,PR005,1,129,20,103.2,Credit Card,Completed,,,
TXN004299,2022-08-01,CU0186,SP003,ST006,PR006,1,79,10,71.1,Cash,Completed,,,
TXN003251,2024-06-17,CU0603,SP006,ST004,PR004,3,299,10,807.3,Credit Card,Completed,,,
TXN004090,2023-03-03,CU0351,SP002,ST008,PR023,2,179,5,340.1,Debit Card,Completed,,,
TXN005523,2022-10-12,CU0314,SP014,ST007,PR036,3,249,5,709.65,Debit Card,Returned,,,
TXN006518,2022-09-27,CU0054,SP005,ST011,PR028,2,89,0,178,Online Transfer,Returned,,,
TXN003826,2024-04-01,CU0124,SP015,ST010,PR036,3,249,20,597.6,Credit Card,Completed,,,
TXN004636,2024-02-27,CU0104,SP003,ST006,PR029,4,169,15,574.6,Debit Card,Completed,,,
TXN001991,2023-12-03,CU0055,SP012,ST009,PR021,3,24,0,72,Cash,Completed,,,
TXN007395,2023-11-14,CU0504,SP012,ST003,PR023,2,179,0,358,Debit Card,Completed,,,
TXN008689,2023-09-07,CU0040,SP012,ST001,PR039,3,28,10,75.6,Credit Card,Completed,,,
TXN008333,2022-01-10,CU0393,SP005,ST004,PR033,3,119,0,357,Credit Card,Completed,,,
TXN008972,2023-12-03,CU0463,SP004,ST011,PR023,1,179,20,143.2,Debit Card,Returned,,,
TXN005607,2023-12-01,CU0322,SP007,ST004,PR018,2,59,0,118,Online Transfer,Returned,,,
TXN007864,2022-09-26,CU0544,SP006,ST009,PR003,1,549,10,494.1,Credit Card,Completed,,,
TXN007216,2024-03-04,CU0543,SP003,ST009,PR021,2,24,20,38.4,Cash,Cancelled,,,
TXN002749,2022-09-09,CU0130,SP008,ST005,PR013,1,89,10,80.1,Debit Card,Completed,,,
TXN002510,2022-06-29,CU0513,SP004,ST007,PR022,1,89,0,89,Credit Card,Completed,,,
TXN005631,2022-12-30,CU0328,SP015,ST006,PR034,1,79,0,79,Cash,Cancelled,,,
TXN007777,2023-05-19,CU0384,SP006,ST007,PR020,1,159,0,159,Debit Card,Completed,,,
TXN000644,2022-11-29,CU0424,SP014,ST003,PR036,2,249,20,398.4,Credit Card,Completed,,,
TXN005863,2023-01-18,CU0012,SP003,ST004,PR012,1,29,0,29,Cash,Completed,,,
TXN006976,2022-10-08,CU0267,SP011,ST011,PR024,3,45,0,135,Credit Card,Completed,,,
TXN004839,2022-11-14,CU0466,SP001,ST011,PR023,4,179,15,608.6,Debit Card,Completed,,,
TXN003101,2023-05-17,CU0515,SP006,ST002,PR039,2,28,10,50.4,Debit Card,Completed,,,
TXN007185,2022-09-11,CU0370,SP010,ST001,PR021,1,24,0,24,Gift Card,Completed,,,
TXN002997,2023-09-23,CU0279,SP005,ST010,PR036,1,249,0,249,Cash,Completed,,,
TXN002225,2022-11-24,CU0019,SP013,ST002,PR017,2,99,20,158.4,Credit Card,Completed,,,
TXN004350,2022-06-13,CU0524,SP013,ST009,PR023,3,179,5,510.15,Online Transfer,Completed,,,
TXN002762,2022-12-16,CU0174,SP009,ST011,PR034,1,79,0,79,Cash,Cancelled,,,
TXN007896,2022-08-12,CU0020,SP013,ST005,PR022,4,89,5,338.2,Credit Card,Returned,,,
TXN003081,2022-03-31,CU0567,SP009,ST001,PR030,2,149,0,298,Credit Card,Returned,,,
TXN004516,2022-08-03,CU0145,SP003,ST007,PR023,4,179,15,608.6,Cash,Completed,,,
TXN002352,2023-03-16,CU0213,SP012,ST001,PR001,1,999,10,899.1,Credit Card,Completed,,,
TXN006970,2022-09-27,CU0370,SP010,ST010,PR022,1,89,0,89,Cash,Completed,,,
TXN006322,2022-01-15,CU0316,SP002,ST012,PR031,1,399,10,359.1,Credit Card,Returned,,,
TXN000295,2024-02-11,CU0121,SP003,ST010,PR029,1,169,10,152.1,Credit Card,Completed,,,
TXN000921,2023-10-20,CU0043,SP001,ST008,PR010,1,199,0,199,Gift Card,Completed,,,
TXN007919,2022-03-04,CU0548,SP007,ST007,PR018,1,59,0,59,Debit Card,Completed,,,
TXN003059,2023-08-16,CU0532,SP012,ST006,PR030,2,149,20,238.4,Gift Card,Cancelled,,,
TXN008607,2023-11-20,CU0137,SP004,ST003,PR033,2,119,10,214.2,Gift Card,Completed,,,
TXN003209,2022-07-21,CU0536,SP002,ST008,PR016,1,49,15,41.65,Debit Card,Cancelled,,,
TXN002227,2022-07-26,,SP006,ST009,PR039,1,28,0,28,Credit Card,Completed,,,
TXN002430,2023-12-10,CU0531,SP006,ST012,PR035,4,49,5,186.2,Debit Card,Completed,,,
TXN006803,2022-03-21,CU0315,SP005,ST008,PR017,1,99,5,94.05,Debit Card,Completed,,,
TXN003667,2022-12-24,CU0122,SP013,ST001,PR038,1,39,15,33.15,Credit Card,Completed,,,
TXN004138,2023-01-03,CU0353,SP007,ST012,PR009,1,379,15,322.15,Online Transfer,Completed,,,
TXN007407,2024-03-19,CU0592,SP013,ST010,PR021,4,24,5,91.2,Credit Card,Completed,,,
TXN003167,2023-04-21,CU0113,,ST009,PR031,1,399,0,399,Cash,Returned,,,
TXN002100,2024-04-18,CU0395,SP004,ST005,PR007,1,699,0,699,Credit Card,Completed,,,
TXN004385,2022-10-14,CU0262,SP001,ST002,PR017,2,99,5,188.1,Cash,Completed,,,
TXN003290,2023-06-22,CU0070,SP009,ST010,PR022,2,89,10,160.2,Credit Card,Completed,,,
TXN003851,2023-09-06,CU0082,SP010,ST003,PR036,1,249,5,236.55,Debit Card,Completed,,,
TXN001665,2023-12-02,CU0022,SP011,ST008,PR023,1,179,10,161.1,Cash,Completed,,,
TXN002196,2024-02-19,CU0569,SP010,ST006,PR011,1,499,15,424.15,Online Transfer,Cancelled,,,
TXN006327,2024-04-30,CU0331,SP014,ST004,PR030,2,149,0,298,Cash,Completed,,,
TXN002987,2023-01-06,CU0153,SP005,ST011,PR010,1,199,20,159.2,Credit Card,Completed,,,
TXN001495,2024-01-20,CU0153,SP005,ST004,PR017,5,99,0,495,Debit Card,Completed,,,
TXN000919,2022-01-31,CU0399,SP013,ST007,PR006,1,79,10,71.1,Credit Card,Cancelled,,,
TXN007547,2022-10-31,CU0074,SP003,ST008,PR007,2,699,0,1398,Gift Card,Cancelled,,,
TXN000579,2022-11-04,CU0537,SP004,ST010,PR031,1,399,5,379.05,Credit Card,Completed,,,
TXN003365,2022-03-30,CU0376,SP011,ST007,PR039,1,28,5,24.81,Cash,Completed,,,
TXN002340,2023-02-04,CU0480,SP003,ST002,PR019,4,119,10,428.4,Credit Card,Completed,,,
TXN002720,2022-06-15,CU0050,SP001,ST010,PR029,2,169,0,338,Gift Card,Returned,,,
TXN003762,2023-09-21,CU0416,SP010,ST011,PR037,1,289,15,245.65,Cash,Completed,,,
TXN002970,2022-06-01,CU0355,SP010,ST004,PR024,3,45,5,128.25,Online Transfer,Completed,,,
TXN004699,2022-07-22,CU0220,SP001,ST008,PR032,3,69,0,207,Debit Card,Completed,,,
TXN003162,2023-09-16,CU0517,SP012,ST004,PR040,3,22,0,66,Debit Card,Completed,,,
TXN002756,2023-12-25,CU0033,SP003,ST005,PR009,1,379,10,341.1,Online Transfer,Completed,,,
TXN003046,2024-01-16,CU0220,SP011,ST010,PR026,3,189,5,538.65,Cash,Completed,,,
TXN002487,2022-11-25,CU0576,SP012,ST012,PR011,1,499,0,499,Debit Card,Returned,,,
TXN008598,2023-08-01,CU0150,SP005,ST003,PR027,1,129,0,129,Debit Card,Completed,,,
TXN007888,2022-10-02,CU0226,SP006,ST012,PR024,1,45,0,45,Gift Card,Completed,,,
TXN002629,2022-09-21,CU0270,SP004,ST001,PR026,1,189,10,170.1,Online Transfer,Completed,,,
TXN001195,2023-08-07,CU0387,SP001,ST012,PR025,1,65,0,65,Online Transfer,Completed,,,
TXN008951,2023-11-07,CU0464,SP015,ST010,PR023,2,179,10,322.2,Debit Card,Completed,,,
TXN007766,2022-09-30,CU0325,SP005,ST008,PR019,1,119,0,119,Credit Card,Completed,,,
TXN002792,2024-04-05,CU0323,SP006,ST001,PR018,3,59,0,177,Cash,Completed,,,
TXN007366,2022-05-13,CU0131,SP013,ST008,PR024,4,45,0,180,Credit Card,Completed,,,
TXN002655,2024-04-25,CU0019,SP005,ST011,PR040,2,22,20,35.2,Debit Card,Cancelled,,,
TXN006969,2023-04-19,CU0548,SP010,ST003,PR017,2,99,5,188.1,Debit Card,Completed,,,
TXN000569,2023-04-17,CU0253,SP005,ST011,PR027,3,129,0,387,Cash,Completed,,,
TXN008867,2024-01-17,CU0173,SP011,ST006,PR023,3,179,0,537,Credit Card,Completed,,,
TXN000474,2024-03-12,CU0104,SP002,ST008,PR012,1,29,5,27.55,Online Transfer,Completed,,,
TXN006090,2022-09-08,CU0171,SP015,ST009,PR014,2,139,0,278,Online Transfer,Completed,,,
TXN001307,2023-10-27,CU0361,SP004,ST011,PR038,3,39,20,93.6,Cash,Completed,,,
TXN003585,2023-02-21,CU0149,SP013,ST007,PR024,4,45,20,144,Credit Card,Cancelled,,,
TXN001407,2024-03-01,CU0449,SP014,ST009,PR030,3,149,5,424.65,Online Transfer,Cancelled,,,
TXN000792,2023-10-22,CU0580,SP013,ST010,PR002,1,749,0,749,Online Transfer,Completed,,,
TXN007248,2024-06-02,CU0273,SP007,ST001,PR017,2,99,20,158.4,Credit Card,Completed,,,
TXN000003,2023-05-27,CU0461,SP001,ST001,PR017,1,99,0,99,Credit Card,Cancelled,,,
TXN008576,2022-11-17,CU0205,SP006,ST003,PR038,2,39,10,70.2,Online Transfer,Completed,,,
TXN001889,2022-11-11,CU0142,SP006,ST001,PR039,2,28,20,44.8,Debit Card,Completed,,,
TXN006056,2023-05-13,CU0127,SP001,ST007,PR010,1,199,5,189.05,Cash,Completed,,,
TXN000310,2022-06-19,CU0087,SP012,ST005,PR024,2,45,0,90,Debit Card,Completed,,,
TXN006021,2022-05-12,CU0398,SP010,ST005,PR035,2,49,0,98,Cash,Completed,,,
TXN008540,2023-04-04,CU0469,SP007,ST001,PR033,2,119,5,226.1,Credit Card,Completed,,,
TXN007954,2022-03-01,CU0050,SP008,ST006,PR020,2,159,5,302.1,Cash,Completed,,,
TXN006556,2022-12-26,CU0247,SP001,ST004,PR014,1,139,10,125.1,Credit Card,Cancelled,,,
TXN001983,2024-04-20,CU0429,SP008,ST004,PR028,1,89,0,89,Credit Card,Completed,,,
TXN005396,2024-03-18,CU0245,SP004,ST003,PR033,1,119,0,119,Credit Card,Returned,,,
TXN004307,2023-02-27,CU0003,,ST003,PR019,1,119,20,95.2,Debit Card,Completed,,,
TXN006750,2022-01-06,CU0016,SP011,ST010,PR020,1,159,5,151.05,Cash,Cancelled,,,
TXN008748,2022-10-02,CU0564,SP012,ST005,PR003,3,549,0,1647,Debit Card,Cancelled,,,
TXN007870,2023-05-08,CU0046,SP011,ST009,PR032,1,69,0,69,Gift Card,Completed,,,
TXN003537,2022-02-27,CU0185,SP007,ST006,PR020,4,159,5,604.2,Credit Card,Completed,,,
TXN007389,2022-07-22,CU0117,SP006,ST010,PR037,2,289,5,549.1,Online Transfer,Completed,,,
TXN002089,2023-03-09,CU0018,SP006,ST005,PR034,2,79,20,126.4,Credit Card,Completed,,,
TXN001929,2022-12-11,CU0570,SP015,ST004,PR011,1,499,15,424.15,Debit Card,Completed,,,
TXN000488,2022-04-27,,SP014,ST001,PR014,1,139,5,132.05,Credit Card,Completed,,,
TXN001172,2023-01-31,CU0236,SP006,ST012,PR023,3,179,5,510.15,Credit Card,Completed,,,
TXN007269,2023-02-28,CU0580,SP014,ST003,PR006,1,79,0,79,Credit Card,Completed,,,
TXN006128,2023-05-11,CU0029,SP012,ST001,PR019,2,119,5,226.1,Debit Card,Completed,,,
TXN008106,2024-04-23,CU0191,SP006,ST009,PR003,2,549,20,878.4,Debit Card,Returned,,,
TXN007617,2022-05-29,CU0546,SP002,ST008,PR033,4,119,10,428.4,Gift Card,Completed,,,
TXN002156,2023-04-24,CU0322,SP003,ST004,PR035,2,49,5,93.1,Credit Card,Completed,,,
TXN004561,2023-10-22,CU0469,SP007,ST006,PR021,4,24,0,96,Debit Card,Completed,,,
TXN008515,2024-05-14,CU0219,SP012,ST011,PR022,2,89,10,160.2,Gift Card,Cancelled,,,
TXN004340,2023-05-25,CU0252,SP015,ST006,PR022,1,89,15,75.65,Credit Card,Completed,,,
TXN006989,2023-03-07,CU0522,SP013,ST004,PR028,1,89,0,89,Debit Card,Cancelled,,,
TXN002019,2023-04-03,CU0411,SP011,ST001,PR035,1,49,10,44.1,Cash,Completed,,,
TXN005192,2023-04-08,CU0075,SP009,ST007,PR016,4,49,0,196,Gift Card,Completed,,,
TXN000402,2023-07-03,CU0388,SP013,ST005,PR027,1,129,0,129,Cash,Completed,,,
TXN002767,2024-06-09,CU0153,SP012,ST006,PR024,4,45,5,171,Cash,Returned,,,
TXN001214,2023-03-25,CU0248,SP006,ST003,PR019,1,119,5,113.05,Debit Card,Returned,,,
TXN001462,2022-11-10,CU0056,SP003,ST004,PR031,1,399,0,399,Credit Card,Returned,,,
TXN000131,2023-04-17,CU0499,,ST010,PR033,2,119,10,214.2,Credit Card,Completed,,,
TXN003832,2022-08-12,CU0604,SP007,ST008,PR016,3,49,20,117.6,Online Transfer,Completed,,,
TXN003395,2022-06-10,CU0413,SP007,ST009,PR013,2,89,0,178,Debit Card,Returned,,,
TXN006752,2022-11-04,CU0126,SP015,ST003,PR023,1,179,0,179,Debit Card,Completed,,,
TXN008039,2023-10-24,CU0101,SP005,ST002,PR019,1,119,5,113.05,Debit Card,Completed,,,
TXN004383,2022-02-10,CU0194,SP005,ST009,PR026,3,189,0,567,Debit Card,Completed,,,
TXN000581,2022-11-05,CU0190,SP004,ST004,PR020,3,159,0,477,Online Transfer,Completed,,,
TXN002176,2022-03-29,CU0461,SP004,ST009,PR039,2,28,0,56,Cash,Completed,,,
TXN004875,2022-05-08,CU0293,SP009,ST008,PR009,1,379,20,303.2,Debit Card,Completed,,,
TXN002414,2023-07-25,CU0244,SP006,ST011,PR028,1,89,10,80.1,Credit Card,Completed,,,
TXN007043,2024-05-18,CU0285,SP007,ST001,PR002,2,749,0,1498,Online Transfer,Returned,,,
TXN000272,2023-11-26,CU0497,SP007,ST012,PR025,1,65,10,58.5,Gift Card,Cancelled,,,
TXN005672,2022-11-28,CU0592,SP015,ST006,PR036,2,249,10,448.2,Credit Card,Completed,,,
TXN005727,2023-03-19,CU0445,SP010,ST012,PR028,2,89,15,151.3,Debit Card,Completed,,,
TXN003756,2022-11-09,CU0323,SP007,ST005,PR007,1,699,0,699,Credit Card,Completed,,,
TXN005824,2022-12-13,CU0270,SP011,ST005,PR016,4,49,20,156.8,Online Transfer,Cancelled,,,
TXN004923,2023-01-02,CU0430,SP001,ST002,PR020,2,159,10,286.2,Debit Card,Completed,,,
TXN007316,2023-11-25,CU0407,SP013,ST005,PR002,2,749,0,1498,Debit Card,Completed,,,
TXN002764,2023-05-21,CU0243,SP012,ST010,PR012,2,29,0,58,Cash,Completed,,,
TXN007912,2023-06-26,CU0356,SP010,ST004,PR023,2,179,10,322.2,Gift Card,Returned,,,
TXN003493,2024-03-22,CU0362,,ST011,PR027,1,129,0,129,Debit Card,Completed,,,
TXN003114,2022-07-31,CU0333,SP003,ST011,PR030,2,149,10,268.2,Cash,Completed,,,
TXN002403,2024-02-06,CU0465,SP013,ST001,PR016,2,49,5,93.1,Debit Card,Cancelled,,,
TXN001328,2022-02-19,CU0304,SP015,ST003,PR010,1,199,0,199,Credit Card,Completed,,,
TXN004107,2023-05-01,CU0241,SP012,ST009,PR030,1,149,5,141.55,Cash,Completed,,,
TXN008788,2024-02-08,CU0355,SP007,ST002,PR024,4,45,15,153,Gift Card,Completed,,,
TXN007616,2023-08-05,CU0515,SP005,ST007,PR010,2,199,5,378.1,Credit Card,Completed,,,
TXN002445,2022-09-12,CU0451,SP011,ST003,PR033,3,119,10,321.3,Debit Card,Completed,,,
TXN000512,2022-03-17,CU0364,SP008,ST007,PR026,2,189,10,340.2,Debit Card,Completed,,,
TXN004673,2022-03-11,CU0123,SP004,ST011,PR031,2,399,10,718.2,Debit Card,Completed,,,
TXN001798,2022-08-03,CU0104,SP004,ST004,PR027,1,129,15,109.65,Gift Card,Completed,,,
TXN003368,2022-12-07,CU0357,SP012,ST012,PR035,2,49,15,83.3,Online Transfer,Completed,,,
TXN006503,2023-12-02,CU0462,SP012,ST008,PR009,2,379,10,682.2,Credit Card,Completed,,,
TXN007309,2022-08-14,CU0330,SP002,ST011,PR039,4,28,10,100.8,Cash,Cancelled,,,
TXN001305,2023-02-20,CU0536,SP008,ST004,PR004,1,299,10,269.1,Online Transfer,Completed,,,
TXN000900,2023-04-05,CU0076,SP005,ST006,PR028,2,89,10,160.2,Credit Card,Completed,,,
TXN007725,2023-07-01,CU0359,SP002,ST004,PR005,1,129,10,116.1,Debit Card,Completed,,,
TXN008671,2022-10-18,CU0183,SP004,ST007,PR013,1,89,10,80.1,Debit Card,Completed,,,
TXN003384,2024-04-28,CU0022,SP010,ST004,PR033,3,119,10,321.3,Debit Card,Completed,,,
TXN004224,2022-09-24,CU0427,SP012,ST003,PR025,3,65,0,195,Cash,Completed,,,
TXN002127,2023-06-24,CU0252,SP006,ST004,PR003,2,549,15,933.3,Debit Card,Completed,,,
TXN001203,2022-08-13,CU0351,SP007,ST005,PR039,1,28,0,28,Credit Card,Cancelled,,,
TXN003244,2023-07-18,CU0375,SP009,ST002,PR012,3,29,0,87,Debit Card,Completed,,,
TXN000082,2024-05-10,CU0220,SP005,ST005,PR003,3,549,10,1482.3,Cash,Completed,,,
TXN008216,2022-03-16,,SP010,ST012,PR023,1,179,10,161.1,Cash,Cancelled,,,
TXN002533,2023-10-10,CU0249,SP003,ST006,PR038,1,39,15,33.15,Cash,Completed,,,
TXN008303,2023-03-29,CU0173,SP010,ST009,PR026,2,189,10,340.2,Credit Card,Cancelled,,,
TXN000848,2023-10-16,CU0346,SP003,ST011,PR033,1,119,10,107.1,Credit Card,Cancelled,,,
TXN003847,2023-04-09,CU0321,SP004,ST007,PR015,3,59,0,177,Gift Card,Completed,,,
TXN002258,2023-10-12,CU0054,SP005,ST003,PR008,1,449,5,426.55,Debit Card,Completed,,,
TXN005837,2023-12-03,CU0072,SP003,ST004,PR002,2,749,10,1348.2,Debit Card,Cancelled,,,
TXN001049,2023-11-11,CU0370,SP013,ST007,PR018,2,59,10,106.2,Credit Card,Completed,,,
TXN005071,2023-11-11,CU0308,SP015,ST009,PR026,1,189,20,151.2,Debit Card,Completed,,,
TXN007911,2022-11-30,CU0548,SP012,ST012,PR029,3,169,15,430.95,Credit Card,Completed,,,
TXN004505,2024-04-01,CU0494,SP014,ST007,PR008,1,449,10,404.1,Debit Card,Completed,,,
TXN001455,2022-02-06,CU0392,SP009,ST007,PR005,1,129,0,129,Credit Card,Returned,,,
TXN008423,2022-03-18,CU0175,SP013,ST005,PR032,3,69,0,207,Credit Card,Completed,,,
TXN000314,2023-11-27,CU0553,SP014,ST002,PR015,1,59,5,56.05,Cash,Returned,,,
TXN008230,2024-03-07,CU0079,SP002,ST002,PR023,2,179,0,358,Debit Card,Completed,,,
TXN001393,2023-10-23,CU0367,SP007,ST005,PR005,1,129,20,103.2,Debit Card,Completed,,,
TXN004555,2024-02-02,CU0581,SP007,ST006,PR013,2,89,0,178,Credit Card,Completed,,,
TXN002321,2023-12-16,CU0571,SP010,ST004,PR038,1,39,5,37.05,Debit Card,Cancelled,,,
TXN003869,2022-09-03,CU0215,SP003,ST012,PR026,3,189,0,567,Debit Card,Completed,,,
TXN006460,2024-03-26,CU0508,SP005,ST012,PR023,2,179,0,358,Debit Card,Completed,,,
TXN006467,2022-04-18,CU0542,SP010,ST004,PR028,2,89,10,160.2,Online Transfer,Returned,,,
TXN001586,2023-08-12,CU0380,SP013,ST004,PR023,1,179,0,179,Debit Card,Completed,,,
TXN003495,2023-12-02,CU0496,SP014,ST012,PR027,3,129,0,387,Cash,Completed,,,
TXN007570,2023-09-07,CU0386,SP013,ST009,PR039,3,28,10,75.6,Online Transfer,Returned,,,
TXN002714,2023-03-22,CU0126,SP007,ST009,PR039,2,28,0,56,Gift Card,Cancelled,,,
TXN004556,2023-09-01,CU0557,SP014,ST007,PR017,1,99,0,99,Credit Card,Cancelled,,,
TXN002941,2023-08-10,CU0532,SP008,ST009,PR007,1,699,10,629.1,Debit Card,Completed,,,
TXN002578,2022-07-01,CU0192,SP014,ST002,PR028,1,89,0,89,Credit Card,Completed,,,
TXN001001,2023-03-23,CU0498,SP011,ST008,PR019,2,119,0,238,Gift Card,Completed,,,
TXN003435,2022-06-16,,SP004,ST006,PR021,1,24,10,21.6,Credit Card,Completed,,,
TXN000563,2022-03-26,CU0123,SP001,ST008,PR026,1,189,0,189,Credit Card,Completed,,,
TXN000972,2022-02-15,CU0003,SP011,ST005,PR036,1,249,5,236.55,Cash,Completed,,,
TXN007213,2023-03-31,CU0059,SP002,ST006,PR017,2,99,0,198,Debit Card,Completed,,,
TXN000286,2022-03-15,CU0290,SP005,ST012,PR037,2,289,15,491.3,Credit Card,Completed,,,
TXN007786,2023-07-03,CU0281,SP010,ST006,PR019,2,119,0,238,Cash,Completed,,,
TXN003606,2022-03-03,CU0222,SP002,ST011,PR040,2,22,10,39.6,Cash,Returned,,,
TXN003599,2024-05-09,CU0472,SP009,ST011,PR009,1,379,0,379,Debit Card,Returned,,,
TXN002055,2022-10-18,CU0331,SP010,ST002,PR034,1,79,5,75.05,Debit Card,Completed,,,
TXN001041,2024-03-13,CU0017,SP003,ST003,PR036,1,249,5,236.55,Gift Card,Completed,,,
TXN005143,2024-02-11,CU0567,SP011,ST001,PR032,3,69,0,207,Debit Card,Completed,,,
TXN002852,2022-12-23,CU0327,SP009,ST006,PR026,3,189,0,567,Debit Card,Completed,,,
TXN001409,2023-06-07,CU0228,SP004,ST002,PR023,2,179,0,358,Credit Card,Completed,,,
TXN000323,2023-03-21,CU0289,SP008,ST002,PR031,1,399,0,399,Credit Card,Completed,,,
TXN001542,2022-12-02,CU0461,SP007,ST005,PR032,1,69,5,65.55,Credit Card,Cancelled,,,
TXN003674,2022-08-14,CU0474,SP004,ST001,PR016,3,49,5,139.65,Cash,Cancelled,,,
TXN002716,2022-01-31,CU0053,SP005,ST004,PR004,1,299,5,284.05,Cash,Completed,,,
TXN002594,2023-03-16,CU0096,SP003,ST002,PR006,1,79,0,79,Online Transfer,Completed,,,
TXN004995,2023-04-05,CU0198,SP007,ST012,PR015,1,59,0,59,Cash,Completed,,,
TXN005173,2022-12-26,CU0080,SP010,ST002,PR024,4,45,20,144,Cash,Completed,,,
TXN006488,2023-01-01,CU0289,SP006,ST005,PR024,2,45,10,81,Online Transfer,Completed,,,
TXN000201,2023-03-09,CU0206,SP011,ST004,PR032,1,69,10,62.1,Gift Card,Completed,,,
TXN003818,2023-11-17,CU0004,SP013,ST006,PR018,4,59,5,224.2,Debit Card,Completed,,,
TXN003305,2024-03-23,CU0093,SP008,ST002,PR031,1,399,0,399,Debit Card,Completed,,,
TXN004895,2022-11-08,CU0119,SP002,ST012,PR022,2,89,5,169.1,Cash,Completed,,,
TXN002589,2023-12-26,CU0572,SP015,ST012,PR039,3,28,5,89.82,Cash,Returned,,,
TXN002504,2023-02-26,CU0373,SP009,ST005,PR019,4,119,5,452.2,Cash,Completed,,,
TXN007858,2023-06-07,CU0192,SP006,ST003,PR016,2,49,5,93.1,Gift Card,Cancelled,,,
TXN007582,2022-07-24,CU0157,SP009,ST002,PR022,1,89,20,71.2,Cash,Completed,,,
TXN006615,2024-02-17,,SP013,ST006,PR021,2,24,0,48,Credit Card,Completed,,,
TXN000014,2023-12-03,CU0486,SP008,ST003,PR008,2,449,0,898,Credit Card,Returned,,,
TXN008496,2024-04-30,CU0203,SP012,ST001,PR021,3,24,0,72,Cash,Completed,,,
TXN003077,2023-06-23,CU0460,SP003,ST009,PR009,1,379,5,360.05,Online Transfer,Completed,,,
TXN005867,2023-06-21,CU0412,SP003,ST011,PR030,1,149,10,134.1,Credit Card,Completed,,,
TXN004628,2023-07-30,CU0472,SP005,ST007,PR006,1,79,0,79,Cash,Completed,,,
TXN002841,2023-04-04,CU0531,SP005,ST007,PR004,1,299,10,269.1,Cash,Completed,,,
TXN008758,2024-05-30,CU0006,SP012,ST007,PR001,1,999,0,999,Online Transfer,Completed,,,
TXN001993,2023-01-03,CU0527,SP011,ST008,PR021,2,24,5,45.6,Cash,Completed,,,
TXN004976,2023-11-08,CU0436,SP002,ST005,PR035,2,49,10,88.2,Gift Card,Completed,,,
TXN003926,2022-11-13,CU0435,SP012,ST006,PR016,1,49,5,46.55,Cash,Completed,,,
TXN004762,2022-12-23,CU0030,SP010,ST001,PR018,4,59,0,236,Debit Card,Completed,,,
TXN001511,2024-02-05,CU0478,SP013,ST011,PR024,1,45,0,45,Online Transfer,Completed,,,
TXN000042,2022-07-20,,SP009,ST008,PR028,4,89,15,302.6,Debit Card,Completed,,,
TXN008408,2023-10-19,CU0274,SP015,ST004,PR026,2,189,20,302.4,Credit Card,Completed,,,
TXN008206,2024-04-13,CU0110,SP006,ST009,PR032,1,69,0,69,Online Transfer,Completed,,,
TXN003067,2022-11-26,CU0247,SP006,ST003,PR033,2,119,10,214.2,Online Transfer,Completed,,,
TXN001767,2022-03-12,CU0261,SP009,ST004,PR024,3,45,0,135,Online Transfer,Completed,,,
TXN000020,2024-06-26,CU0161,SP013,ST011,PR039,3,28,20,67.2,Online Transfer,Completed,,,
TXN000111,2022-01-06,CU0391,SP005,ST007,PR028,1,89,15,75.65,Credit Card,Completed,,,
TXN004817,2024-05-15,CU0454,SP009,ST004,PR015,1,59,0,59,Gift Card,Completed,,,
TXN005149,2023-04-17,CU0346,SP004,ST012,PR013,2,89,0,178,Gift Card,Returned,,,
TXN001221,2023-11-30,CU0182,SP003,ST011,PR002,2,749,5,1423.1,Debit Card,Completed,,,
TXN006236,2023-03-04,CU0137,SP006,ST001,PR021,1,24,0,24.36,Credit Card,Completed,,,
TXN007519,2022-09-20,CU0247,SP003,ST004,PR026,1,189,5,179.55,Cash,Cancelled,,,
TXN004568,2024-01-26,CU0528,SP008,ST005,PR026,3,189,10,510.3,Gift Card,Returned,,,
TXN003078,2023-11-06,CU0520,SP001,ST005,PR005,3,129,0,387,Online Transfer,Returned,,,
TXN001918,2023-10-17,CU0230,SP009,ST012,PR034,4,79,10,284.4,Online Transfer,Completed,,,
TXN007123,2022-02-21,CU0178,SP014,ST009,PR036,1,249,0,249,Gift Card,Cancelled,,,
TXN008949,2024-01-23,CU0463,SP014,ST006,PR002,2,749,0,1498,Debit Card,Returned,,,
TXN005551,2023-03-29,CU0122,SP014,ST001,PR030,2,149,5,283.1,Cash,Completed,,,
TXN004840,2023-12-22,CU0163,SP005,ST010,PR023,1,179,20,143.2,Credit Card,Returned,,,
TXN002626,2023-07-08,CU0508,SP005,ST006,PR029,3,169,10,456.3,Cash,Completed,,,
TXN006415,2023-12-11,CU0410,SP012,ST006,PR028,2,89,0,178,Cash,Cancelled,,,
TXN002570,2023-11-12,CU0366,SP010,ST006,PR026,1,189,10,170.1,Online Transfer,Completed,,,
TXN004544,2022-09-16,CU0568,SP007,ST011,PR025,1,65,10,58.5,Online Transfer,Completed,,,